0
SECTION
2
ENTITIES
0
POLYLINE
0
VERTEX
10
168.0000
20
105.0000
0
VERTEX
10
167.8514
20
97.1633
0
VERTEX
10
167.3402
20
89.5928
0
VERTEX
10
166.4696
20
82.5581
0
VERTEX
10
165.2453
20
76.3101
0
VERTEX
10
163.6757
20
71.0722
0
VERTEX
10
161.7719
20
67.0323
0
VERTEX
10
159.5477
20
64.3359
0
VERTEX
10
157.0196
20
63.0812
0
VERTEX
10
154.2069
20
63.3151
0
VERTEX
10
151.1317
20
65.0320
0
VERTEX
10
147.8187
20
68.1734
0
VERTEX
10
144.2950
20
72.6300
0
VERTEX
10
140.5905
20
78.2459
0
VERTEX
10
136.7370
20
84.8233
0
VERTEX
10
132.7686
20
92.1303
0
VERTEX
10
128.7212
20
99.9084
0
VERTEX
10
124.6321
20
107.8821
0
VERTEX
10
120.5396
20
115.7682
0
VERTEX
10
116.4828
20
123.2862
0
VERTEX
10
112.5011
20
130.1683
0
VERTEX
10
108.6335
20
136.1686
0
VERTEX
10
104.9183
20
141.0720
0
VERTEX
10
101.3926
20
144.7022
0
VERTEX
10
98.0918
20
146.9276
0
VERTEX
10
95.0489
20
147.6662
0
VERTEX
10
92.2943
20
146.8886
0
VERTEX
10
89.8551
20
144.6193
0
VERTEX
10
87.7550
20
140.9357
0
VERTEX
10
86.0139
20
135.9657
0
VERTEX
10
84.6475
20
129.8829
0
VERTEX
10
83.6673
20
122.9009
0
VERTEX
10
83.0803
20
115.2656
0
VERTEX
10
82.8892
20
107.2466
0
VERTEX
10
83.0924
20
99.1278
0
VERTEX
10
83.6841
20
91.1971
0
VERTEX
10
84.6543
20
83.7364
0
VERTEX
10
85.9896
20
77.0116
0
VERTEX
10
87.6730
20
71.2633
0
VERTEX
10
89.6846
20
66.6979
0
VERTEX
10
92.0019
20
63.4804
0
VERTEX
10
94.6000
20
61.7286
0
VERTEX
10
97.4526
20
61.5086
0
VERTEX
10
100.5317
20
62.8328
0
VERTEX
10
103.8087
20
65.6589
0
VERTEX
10
107.2540
20
69.8916
0
VERTEX
10
110.8382
20
75.3859
0
VERTEX
10
114.5316
20
81.9518
0
VERTEX
10
118.3050
20
89.3615
0
VERTEX
10
122.1295
20
97.3571
0
VERTEX
10
125.9767
20
105.6596
0
VERTEX
10
129.8190
20
113.9790
0
VERTEX
10
133.6294
20
122.0241
0
VERTEX
10
137.3814
20
129.5134
0
VERTEX
10
141.0493
20
136.1847
0
VERTEX
10
144.6078
20
141.8043
0
VERTEX
10
148.0321
20
146.1754
0
VERTEX
10
151.2978
20
149.1454
0
VERTEX
10
154.3808
20
150.6107
0
VERTEX
10
157.2573
20
150.5210
0
VERTEX
10
159.9040
20
148.8809
0
VERTEX
10
162.2978
20
145.7496
0
VERTEX
10
164.4164
20
141.2391
0
VERTEX
10
166.2379
20
135.5101
0
VERTEX
10
167.7417
20
128.7665
0
VERTEX
10
168.9080
20
121.2481
0
VERTEX
10
169.7191
20
113.2220
0
VERTEX
10
170.1589
20
104.9733
0
VERTEX
10
170.2139
20
96.7951
0
VERTEX
10
169.8734
20
88.9777
0
VERTEX
10
169.1301
20
81.7987
0
VERTEX
10
167.9802
20
75.5130
0
VERTEX
10
166.4243
20
70.3436
0
VERTEX
10
164.4673
20
66.4738
0
VERTEX
10
162.1192
20
64.0406
0
VERTEX
10
159.3947
20
63.1297
0
VERTEX
10
156.3139
20
63.7726
0
VERTEX
10
152.9018
20
65.9453
0
VERTEX
10
149.1887
20
69.5692
0
VERTEX
10
145.2097
20
74.5135
0
VERTEX
10
141.0043
20
80.6004
0
VERTEX
10
136.6161
20
87.6109
0
VERTEX
10
132.0920
20
95.2928
0
VERTEX
10
127.4821
20
103.3693
0
VERTEX
10
122.8380
20
111.5493
0
VERTEX
10
118.2129
20
119.5377
0
VERTEX
10
113.6600
20
127.0453
0
VERTEX
10
109.2320
20
133.8000
0
VERTEX
10
104.9800
20
139.5558
0
VERTEX
10
100.9527
20
144.1022
0
VERTEX
10
97.1955
20
147.2711
0
VERTEX
10
93.7497
20
148.9435
0
VERTEX
10
90.6518
20
149.0536
0
VERTEX
10
87.9329
20
147.5911
0
VERTEX
10
85.6185
20
144.6020
0
VERTEX
10
83.7276
20
140.1866
0
VERTEX
10
82.2733
20
134.4968
0
VERTEX
10
81.2621
20
127.7300
0
VERTEX
10
80.6946
20
120.1228
0
VERTEX
10
80.5652
20
111.9426
0
VERTEX
10
80.8629
20
103.4777
0
VERTEX
10
81.5719
20
95.0277
0
VERTEX
10
82.6719
20
86.8929
0
VERTEX
10
84.1388
20
79.3631
0
VERTEX
10
85.9458
20
72.7080
0
VERTEX
10
88.0639
20
67.1670
0
VERTEX
10
90.4626
20
62.9412
0
VERTEX
10
93.1109
20
60.1860
0
VERTEX
10
95.9776
20
59.0054
0
VERTEX
10
99.0322
20
59.4482
0
VERTEX
10
102.2456
20
61.5066
0
VERTEX
10
105.5899
20
65.1158
0
VERTEX
10
109.0392
20
70.1566
0
VERTEX
10
112.5696
20
76.4594
0
VERTEX
10
116.1591
20
83.8100
0
VERTEX
10
119.7877
20
91.9571
0
VERTEX
10
123.4371
20
100.6213
0
VERTEX
10
127.0904
20
109.5047
0
VERTEX
10
130.7318
20
118.3014
0
VERTEX
10
134.3459
20
126.7084
0
VERTEX
10
137.9177
20
134.4362
0
VERTEX
10
141.4315
20
141.2189
0
VERTEX
10
144.8710
20
146.8236
0
VERTEX
10
148.2184
20
151.0588
0
VERTEX
10
151.4545
20
153.7810
0
VERTEX
10
154.5581
20
154.8999
0
VERTEX
10
157.5060
20
154.3813
0
VERTEX
10
160.2730
20
152.2485
0
VERTEX
10
162.8320
20
148.5818
0
VERTEX
10
165.1542
20
143.5148
0
VERTEX
10
167.2095
20
137.2307
0
VERTEX
10
168.9673
20
129.9549
0
VERTEX
10
170.3967
20
121.9476
0
VERTEX
10
171.4679
20
113.4942
0
VERTEX
10
172.1522
20
104.8956
0
VERTEX
10
172.4237
20
96.4570
0
VERTEX
10
172.2600
20
88.4774
0
VERTEX
10
171.6426
20
81.2390
0
VERTEX
10
170.5586
20
74.9970
0
VERTEX
10
169.0008
20
69.9708
0
VERTEX
10
166.9689
20
66.3356
0
VERTEX
10
164.4696
20
64.2171
0
VERTEX
10
161.5174
20
63.6861
0
VERTEX
10
158.1343
20
64.7566
0
VERTEX
10
154.3503
20
67.3851
0
VERTEX
10
150.2030
20
71.4719
0
VERTEX
10
145.7371
20
76.8653
0
VERTEX
10
141.0037
20
83.3660
0
VERTEX
10
136.0599
20
90.7353
0
VERTEX
10
130.9671
20
98.7028
0
VERTEX
10
125.7905
20
106.9763
0
VERTEX
10
120.5976
20
115.2523
0
VERTEX
10
115.4568
20
123.2269
0
VERTEX
10
110.4358
20
130.6065
0
VERTEX
10
105.6008
20
137.1183
0
VERTEX
10
101.0146
20
142.5204
0
VERTEX
10
96.7352
20
146.6101
0
VERTEX
10
92.8153
20
149.2315
0
VERTEX
10
89.3005
20
150.2812
0
VERTEX
10
86.2291
20
149.7118
0
VERTEX
10
83.6310
20
147.5340
0
VERTEX
10
81.5274
20
143.8165
0
VERTEX
10
79.9308
20
138.6832
0
VERTEX
10
78.8450
20
132.3094
0
VERTEX
10
78.2651
20
124.9153
0
VERTEX
10
78.1785
20
116.7588
0
VERTEX
10
78.5652
20
108.1261
0
VERTEX
10
79.3989
20
99.3213
0
VERTEX
10
80.6481
20
90.6566
0
VERTEX
10
82.2770
20
82.4402
0
VERTEX
10
84.2469
20
74.9662
0
VERTEX
10
86.5175
20
68.5035
0
VERTEX
10
89.0478
20
63.2869
0
VERTEX
10
91.7975
20
59.5082
0
VERTEX
10
94.7282
20
57.3095
0
VERTEX
10
97.8037
20
56.7780
0
VERTEX
10
100.9914
20
57.9430
0
VERTEX
10
104.2625
20
60.7747
0
VERTEX
10
107.5924
20
65.1849
0
VERTEX
10
110.9609
20
71.0302
0
VERTEX
10
114.3518
20
78.1169
0
VERTEX
10
117.7532
20
86.2078
0
VERTEX
10
121.1565
20
95.0303
0
VERTEX
10
124.5558
20
104.2861
0
VERTEX
10
127.9473
20
113.6615
0
VERTEX
10
131.3285
20
122.8384
0
VERTEX
10
134.6968
20
131.5057
0
VERTEX
10
138.0489
20
139.3699
0
VERTEX
10
141.3799
20
146.1654
0
VERTEX
10
144.6820
20
151.6641
0
VERTEX
10
147.9442
20
155.6833
0
VERTEX
10
151.1517
20
158.0917
0
VERTEX
10
154.2851
20
158.8145
0
VERTEX
10
157.3203
20
157.8360
0
VERTEX
10
160.2288
20
155.1995
0
VERTEX
10
162.9776
20
151.0063
0
VERTEX
10
165.5299
20
145.4119
0
VERTEX
10
167.8458
20
138.6203
0
VERTEX
10
169.8828
20
130.8769
0
VERTEX
10
171.5975
20
122.4597
0
VERTEX
10
172.9465
20
113.6695
0
VERTEX
10
173.8880
20
104.8191
0
VERTEX
10
174.3826
20
96.2223
0
VERTEX
10
174.3958
20
88.1826
0
VERTEX
10
173.8982
20
80.9826
0
VERTEX
10
172.8677
20
74.8739
0
VERTEX
10
171.2902
20
70.0682
0
VERTEX
10
169.1610
20
66.7299
0
VERTEX
10
166.4849
20
64.9701
0
VERTEX
10
163.2774
20
64.8427
0
VERTEX
10
159.5644
20
66.3428
0
VERTEX
10
155.3825
20
69.4066
0
VERTEX
10
150.7783
20
73.9139
0
VERTEX
10
145.8078
20
79.6922
0
VERTEX
10
140.5356
20
86.5234
0
VERTEX
10
135.0333
20
94.1510
0
VERTEX
10
129.3784
20
102.2898
0
VERTEX
10
123.6522
20
110.6358
0
VERTEX
10
117.9383
20
118.8774
0
VERTEX
10
112.3208
20
126.7061
0
VERTEX
10
106.8818
20
133.8282
0
VERTEX
10
101.7003
20
139.9752
0
VERTEX
10
96.8496
20
144.9129
0
VERTEX
10
92.3963
20
148.4509
0
VERTEX
10
88.3982
20
150.4485
0
VERTEX
10
84.9038
20
150.8206
0
VERTEX
10
81.9506
20
149.5406
0
VERTEX
10
79.5652
20
146.6413
0
VERTEX
10
77.7624
20
142.2143
0
VERTEX
10
76.5454
20
136.4067
0
VERTEX
10
75.9066
20
129.4159
0
VERTEX
10
75.8277
20
121.4830
0
VERTEX
10
76.2807
20
112.8840
0
VERTEX
10
77.2298
20
103.9204
0
VERTEX
10
78.6319
20
94.9083
0
VERTEX
10
80.4390
20
86.1677
0
VERTEX
10
82.5993
20
78.0105
0
VERTEX
10
85.0595
20
70.7301
0
VERTEX
10
87.7659
20
64.5903
0
VERTEX
10
90.6666
20
59.8168
0
VERTEX
10
93.7126
20
56.5880
0
VERTEX
10
96.8594
20
55.0297
0
VERTEX
10
100.0678
20
55.2098
0
VERTEX
10
103.3049
20
57.1359
0
VERTEX
10
106.5448
20
60.7553
0
VERTEX
10
109.7682
20
65.9561
0
VERTEX
10
112.9630
20
72.5716
0
VERTEX
10
116.1233
20
80.3856
0
VERTEX
10
119.2491
20
89.1402
0
VERTEX
10
122.3451
20
98.5446
0
VERTEX
10
125.4198
20
108.2851
0
VERTEX
10
128.4838
20
118.0366
0
VERTEX
10
131.5487
20
127.4731
0
VERTEX
10
134.6255
20
136.2800
0
VERTEX
10
137.7231
20
144.1644
0
VERTEX
10
140.8468
20
150.8654
0
VERTEX
10
143.9974
20
156.1638
0
VERTEX
10
147.1696
20
159.8888
0
VERTEX
10
150.3519
20
161.9248
0
VERTEX
10
153.5252
20
162.2146
0
VERTEX
10
156.6633
20
160.7619
0
VERTEX
10
159.7326
20
157.6307
0
VERTEX
10
162.6927
20
152.9432
0
VERTEX
10
165.4969
20
146.8750
0
VERTEX
10
168.0938
20
139.6493
0
VERTEX
10
170.4280
20
131.5284
0
VERTEX
10
172.4421
20
122.8047
0
VERTEX
10
174.0786
20
113.7904
0
VERTEX
10
175.2814
20
104.8057
0
VERTEX
10
175.9978
20
96.1683
0
VERTEX
10
176.1808
20
88.1817
0
VERTEX
10
175.7909
20
81.1244
0
VERTEX
10
174.7974
20
75.2401
0
VERTEX
10
173.1803
20
70.7293
0
VERTEX
10
170.9317
20
67.7420
0
VERTEX
10
168.0561
20
66.3724
0
VERTEX
10
164.5715
20
66.6560
0
VERTEX
10
160.5096
20
68.5681
0
VERTEX
10
155.9150
20
72.0247
0
VERTEX
10
150.8452
20
76.8861
0
VERTEX
10
145.3690
20
82.9615
0
VERTEX
10
139.5657
20
90.0160
0
VERTEX
10
133.5228
20
97.7793
0
VERTEX
10
127.3341
20
105.9553
0
VERTEX
10
121.0978
20
114.2328
0
VERTEX
10
114.9136
20
122.2966
0
VERTEX
10
108.8809
20
129.8392
0
VERTEX
10
103.0954
20
136.5715
0
VERTEX
10
97.6476
20
142.2336
0
VERTEX
10
92.6203
20
146.6039
0
VERTEX
10
88.0863
20
149.5075
0
VERTEX
10
84.1070
20
150.8224
0
VERTEX
10
80.7311
20
150.4839
0
VERTEX
10
77.9934
20
148.4873
0
VERTEX
10
75.9144
20
144.8882
0
VERTEX
10
74.5002
20
139.8007
0
VERTEX
10
73.7426
20
133.3934
0
VERTEX
10
73.6203
20
125.8835
0
VERTEX
10
74.0996
20
117.5295
0
VERTEX
10
75.1361
20
108.6220
0
VERTEX
10
76.6764
20
99.4732
0
VERTEX
10
78.6603
20
90.4065
0
VERTEX
10
81.0228
20
81.7443
0
VERTEX
10
83.6961
20
73.7972
0
VERTEX
10
86.6128
20
66.8527
0
VERTEX
10
89.7069
20
61.1650
0
VERTEX
10
92.9167
20
56.9459
0
VERTEX
10
96.1863
20
54.3575
0
VERTEX
10
99.4670
20
53.5059
0
VERTEX
10
102.7187
20
54.4375
0
VERTEX
10
105.9109
20
57.1375
0
VERTEX
10
109.0223
20
61.5299
0
VERTEX
10
112.0419
20
67.4800
0
VERTEX
10
114.9676
20
74.7994
0
VERTEX
10
117.8060
20
83.2522
0
VERTEX
10
120.5710
20
92.5632
0
VERTEX
10
123.2823
20
102.4272
0
VERTEX
10
125.9638
20
112.5201
0
VERTEX
10
128.6416
20
122.5099
0
VERTEX
10
131.3422
20
132.0681
0
VERTEX
10
134.0901
20
140.8815
0
VERTEX
10
136.9061
20
148.6626
0
VERTEX
10
139.8055
20
155.1601
0
VERTEX
10
142.7965
20
160.1669
0
VERTEX
10
145.8786
20
163.5282
0
VERTEX
10
149.0420
20
165.1458
0
VERTEX
10
152.2666
20
164.9821
0
VERTEX
10
155.5223
20
163.0608
0
VERTEX
10
158.7687
20
159.4662
0
VERTEX
10
161.9565
20
154.3398
0
VERTEX
10
165.0278
20
147.8756
0
VERTEX
10
167.9181
20
140.3125
0
VERTEX
10
170.5583
20
131.9262
0
VERTEX
10
172.8763
20
123.0190
0
VERTEX
10
174.7996
20
113.9095
0
VERTEX
10
176.2580
20
104.9208
0
VERTEX
10
177.1857
20
96.3692
0
VERTEX
10
177.5241
20
88.5531
0
VERTEX
10
177.2237
20
81.7423
0
VERTEX
10
176.2468
20
76.1686
0
VERTEX
10
174.5688
20
72.0176
0
VERTEX
10
172.1802
20
69.4221
0
VERTEX
10
169.0867
20
68.4579
0
VERTEX
10
165.3109
20
69.1407
0
VERTEX
10
160.8914
20
71.4262
0
VERTEX
10
155.8828
20
75.2115
0
VERTEX
10
150.3548
20
80.3390
0
VERTEX
10
144.3902
20
86.6026
0
VERTEX
10
138.0838
20
93.7544
0
VERTEX
10
131.5394
20
101.5146
0
VERTEX
10
124.8678
20
109.5810
0
VERTEX
10
118.1834
20
117.6403
0
VERTEX
10
111.6017
20
125.3793
0
VERTEX
10
105.2360
20
132.4964
0
VERTEX
10
99.1946
20
138.7123
0
VERTEX
10
93.5780
20
143.7805
0
VERTEX
10
88.4759
20
147.4959
0
VERTEX
10
83.9655
20
149.7025
0
VERTEX
10
80.1093
20
150.2992
0
VERTEX
10
76.9538
20
149.2435
0
VERTEX
10
74.5284
20
146.5532
0
VERTEX
10
72.8453
20
142.3060
0
VERTEX
10
71.8996
20
136.6368
0
VERTEX
10
71.6696
20
129.7334
0
VERTEX
10
72.1187
20
121.8296
0
VERTEX
10
73.1963
20
113.1971
0
VERTEX
10
74.8404
20
104.1362
0
VERTEX
10
76.9798
20
94.9649
0
VERTEX
10
79.5367
20
86.0078
0
VERTEX
10
82.4294
20
77.5849
0
VERTEX
10
85.5753
20
69.9996
0
VERTEX
10
88.8934
20
63.5286
0
VERTEX
10
92.3074
20
58.4118
0
VERTEX
10
95.7474
20
54.8435
0
VERTEX
10
99.1527
20
52.9657
0
VERTEX
10
102.4730
20
52.8629
0
VERTEX
10
105.6695
20
54.5589
0
VERTEX
10
108.7161
20
58.0159
0
VERTEX
10
111.5993
20
63.1355
0
VERTEX
10
114.3179
20
69.7623
0
VERTEX
10
116.8825
20
77.6887
0
VERTEX
10
119.3136
20
86.6627
0
VERTEX
10
121.6407
20
96.3960
0
VERTEX
10
123.8996
20
106.5743
0
VERTEX
10
126.1305
20
116.8680
0
VERTEX
10
128.3754
20
126.9438
0
VERTEX
10
130.6754
20
136.4760
0
VERTEX
10
133.0684
20
145.1580
0
VERTEX
10
135.5865
20
152.7129
0
VERTEX
10
138.2537
20
158.9027
0
VERTEX
10
141.0844
20
163.5368
0
VERTEX
10
144.0815
20
166.4783
0
VERTEX
10
147.2351
20
167.6488
0
VERTEX
10
150.5228
20
167.0307
0
VERTEX
10
153.9087
20
164.6676
0
VERTEX
10
157.3444
20
160.6628
0
VERTEX
10
160.7698
20
155.1752
0
VERTEX
10
164.1149
20
148.4135
0
VERTEX
10
167.3016
20
140.6288
0
VERTEX
10
170.2458
20
132.1055
0
VERTEX
10
172.8608
20
123.1509
0
VERTEX
10
175.0593
20
114.0848
0
VERTEX
10
176.7573
20
105.2275
0
VERTEX
10
177.8766
20
96.8889
0
VERTEX
10
178.3479
20
89.3574
0
VERTEX
10
178.1135
20
82.8896
0
VERTEX
10
177.1299
20
77.7014
0
VERTEX
10
175.3698
20
73.9605
0
VERTEX
10
172.8234
20
71.7807
0
VERTEX
10
169.5000
20
71.2179
0
VERTEX
10
165.4278
20
72.2680
0
VERTEX
10
160.6543
20
74.8682
0
VERTEX
10
155.2453
20
78.8983
0
VERTEX
10
149.2835
20
84.1861
0
VERTEX
10
142.8668
20
90.5135
0
VERTEX
10
136.1057
20
97.6244
0
VERTEX
10
129.1204
20
105.2341
0
VERTEX
10
122.0378
20
113.0398
0
VERTEX
10
114.9881
20
120.7316
0
VERTEX
10
108.1011
20
128.0039
0
VERTEX
10
101.5026
20
134.5661
0
VERTEX
10
95.3114
20
140.1538
0
VERTEX
10
89.6355
20
144.5379
0
VERTEX
10
84.5696
20
147.5334
0
VERTEX
10
80.1925
20
149.0059
0
VERTEX
10
76.5652
20
148.8769
0
VERTEX
10
73.7294
20
147.1266
0
VERTEX
10
71.7069
20
143.7949
0
VERTEX
10
70.4991
20
138.9802
0
VERTEX
10
70.0882
20
132.8358
0
VERTEX
10
70.4374
20
125.5651
0
VERTEX
10
71.4934
20
117.4142
0
VERTEX
10
73.1880
20
108.6633
0
VERTEX
10
75.4413
20
99.6170
0
VERTEX
10
78.1641
20
90.5934
0
VERTEX
10
81.2618
20
81.9128
0
VERTEX
10
84.6369
20
73.8867
0
VERTEX
10
88.1932
20
66.8064
0
VERTEX
10
91.8384
20
60.9329
0
VERTEX
10
95.4874
20
56.4874
0
VERTEX
10
99.0647
20
53.6433
0
VERTEX
10
102.5072
20
52.5205
0
VERTEX
10
105.7651
20
53.1802
0
VERTEX
10
108.8039
20
55.6232
0
VERTEX
10
111.6043
20
59.7897
0
VERTEX
10
114.1626
20
65.5605
0
VERTEX
10
116.4897
20
72.7622
0
VERTEX
10
118.6102
20
81.1719
0
VERTEX
10
120.5604
20
90.5257
0
VERTEX
10
122.3859
20
100.5275
0
VERTEX
10
124.1395
20
110.8588
0
VERTEX
10
125.8777
20
121.1905
0
VERTEX
10
127.6582
20
131.1936
0
VERTEX
10
129.5362
20
140.5508
0
VERTEX
10
131.5621
20
148.9672
0
VERTEX
10
133.7778
20
156.1807
0
VERTEX
10
136.2149
20
161.9708
0
VERTEX
10
138.8923
20
166.1661
0
VERTEX
10
141.8142
20
168.6499
0
VERTEX
10
144.9697
20
169.3643
0
VERTEX
10
148.3316
20
168.3117
0
VERTEX
10
151.8571
20
165.5547
0
VERTEX
10
155.4883
20
161.2131
0
VERTEX
10
159.1536
20
155.4603
0
VERTEX
10
162.7699
20
148.5158
0
VERTEX
10
166.2447
20
140.6384
0
VERTEX
10
169.4796
20
132.1160
0
VERTEX
10
172.3730
20
123.2557
0
VERTEX
10
174.8238
20
114.3728
0
VERTEX
10
176.7351
20
105.7798
0
VERTEX
10
178.0176
20
97.7748
0
VERTEX
10
178.5929
20
90.6314
0
VERTEX
10
178.3967
20
84.5892
0
VERTEX
10
177.3817
20
79.8450
0
VERTEX
10
175.5195
20
76.5464
0
VERTEX
10
172.8023
20
74.7866
0
VERTEX
10
169.2442
20
74.6013
0
VERTEX
10
164.8809
20
75.9678
0
VERTEX
10
159.7701
20
78.8060
0
VERTEX
10
153.9895
20
82.9817
0
VERTEX
10
147.6359
20
88.3114
0
VERTEX
10
140.8219
20
94.5696
0
VERTEX
10
133.6736
20
101.4966
0
VERTEX
10
126.3270
20
108.8084
0
VERTEX
10
118.9243
20
116.2071
0
VERTEX
10
111.6095
20
123.3918
0
VERTEX
10
104.5249
20
130.0695
0
VERTEX
10
97.8069
20
135.9660
0
VERTEX
10
91.5819
20
140.8356
0
VERTEX
10
85.9632
20
144.4708
0
VERTEX
10
81.0475
20
146.7090
0
VERTEX
10
76.9127
20
147.4395
0
VERTEX
10
73.6154
20
146.6070
0
VERTEX
10
71.1901
20
144.2141
0
VERTEX
10
69.6487
20
140.3213
0
VERTEX
10
68.9802
20
135.0452
0
VERTEX
10
69.1519
20
128.5544
0
VERTEX
10
70.1110
20
121.0636
0
VERTEX
10
71.7868
20
112.8264
0
VERTEX
10
74.0935
20
104.1262
0
VERTEX
10
76.9333
20
95.2660
0
VERTEX
10
80.2002
20
86.5582
0
VERTEX
10
83.7835
20
78.3134
0
VERTEX
10
87.5722
20
70.8292
0
VERTEX
10
91.4580
20
64.3796
0
VERTEX
10
95.3397
20
59.2057
0
VERTEX
10
99.1260
20
55.5067
0
VERTEX
10
102.7384
20
53.4326
0
VERTEX
10
106.1139
20
53.0794
0
VERTEX
10
109.2061
20
54.4847
0
VERTEX
10
111.9870
20
57.6272
0
VERTEX
10
114.4463
20
62.4263
0
VERTEX
10
116.5922
20
68.7452
0
VERTEX
10
118.4493
20
76.3958
0
VERTEX
10
120.0574
20
85.1443
0
VERTEX
10
121.4692
20
94.7201
0
VERTEX
10
122.7473
20
104.8243
0
VERTEX
10
123.9609
20
115.1405
0
VERTEX
10
125.1827
20
125.3454
0
VERTEX
10
126.4850
20
135.1199
0
VERTEX
10
127.9362
20
144.1602
0
VERTEX
10
129.5973
20
152.1879
0
VERTEX
10
131.5188
20
158.9598
0
VERTEX
10
133.7378
20
164.2758
0
VERTEX
10
136.2757
20
167.9857
0
VERTEX
10
139.1367
20
169.9945
0
VERTEX
10
142.3064
20
170.2647
0
VERTEX
10
145.7519
20
168.8179
0
VERTEX
10
149.4219
20
165.7333
0
VERTEX
10
153.2481
20
161.1448
0
VERTEX
10
157.1466
20
155.2361
0
VERTEX
10
161.0209
20
148.2334
0
VERTEX
10
164.7647
20
140.3981
0
VERTEX
10
168.2653
20
132.0163
0
VERTEX
10
171.4073
20
123.3895
0
VERTEX
10
174.0770
20
114.8233
0
VERTEX
10
176.1662
20
106.6168
0
VERTEX
10
177.5761
20
99.0520
0
VERTEX
10
178.2213
20
92.3837
0
VERTEX
10
178.0331
20
86.8310
0
VERTEX
10
176.9621
20
82.5693
0
VERTEX
10
174.9809
20
79.7244
0
VERTEX
10
172.0858
20
78.3688
0
VERTEX
10
168.2969
20
78.5185
0
VERTEX
10
163.6591
20
80.1337
0
VERTEX
10
158.2408
20
83.1199
0
VERTEX
10
152.1325
20
87.3320
0
VERTEX
10
145.4447
20
92.5796
0
VERTEX
10
138.3047
20
98.6343
0
VERTEX
10
130.8535
20
105.2383
0
VERTEX
10
123.2413
20
112.1135
0
VERTEX
10
115.6235
20
118.9724
0
VERTEX
10
108.1564
20
125.5282
0
VERTEX
10
100.9922
20
131.5055
0
VERTEX
10
94.2750
20
136.6505
0
VERTEX
10
88.1364
20
140.7403
0
VERTEX
10
82.6917
20
143.5912
0
VERTEX
10
78.0370
20
145.0653
0
VERTEX
10
74.2462
20
145.0761
0
VERTEX
10
71.3693
20
143.5912
0
VERTEX
10
69.4314
20
140.6345
0
VERTEX
10
68.4323
20
136.2848
0
VERTEX
10
68.3470
20
130.6736
0
VERTEX
10
69.1274
20
123.9805
0
VERTEX
10
70.7038
20
116.4273
0
VERTEX
10
72.9883
20
108.2695
0
VERTEX
10
75.8778
20
99.7881
0
VERTEX
10
79.2579
20
91.2792
0
VERTEX
10
83.0071
20
83.0440
0
VERTEX
10
87.0008
20
75.3776
0
VERTEX
10
91.1163
20
68.5590
0
VERTEX
10
95.2361
20
62.8409
0
VERTEX
10
99.2525
20
58.4409
0
VERTEX
10
103.0710
20
55.5336
0
VERTEX
10
106.6128
20
54.2443
0
VERTEX
10
109.8177
20
54.6443
0
VERTEX
10
112.6453
20
56.7485
0
VERTEX
10
115.0760
20
60.5147
0
VERTEX
10
117.1110
20
65.8444
0
VERTEX
10
118.7715
20
72.5865
0
VERTEX
10
120.0969
20
80.5425
0
VERTEX
10
121.1432
20
89.4726
0
VERTEX
10
121.9795
20
99.1046
0
VERTEX
10
122.6848
20
109.1427
0
VERTEX
10
123.3445
20
119.2778
0
VERTEX
10
124.0459
20
129.1980
0
VERTEX
10
124.8749
20
138.5994
0
VERTEX
10
125.9109
20
147.1961
0
VERTEX
10
127.2241
20
154.7302
0
VERTEX
10
128.8711
20
160.9805
0
VERTEX
10
130.8926
20
165.7696
0
VERTEX
10
133.3108
20
168.9699
0
VERTEX
10
136.1274
20
170.5078
0
VERTEX
10
139.3236
20
170.3658
0
VERTEX
10
142.8589
20
168.5827
0
VERTEX
10
146.6728
20
165.2519
0
VERTEX
10
150.6857
20
160.5175
0
VERTEX
10
154.8017
20
154.5693
0
VERTEX
10
158.9109
20
147.6358
0
VERTEX
10
162.8937
20
139.9756
0
VERTEX
10
166.6242
20
131.8680
0
VERTEX
10
169.9750
20
123.6035
0
VERTEX
10
172.8213
20
115.4733
0
VERTEX
10
175.0455
20
107.7584
0
VERTEX
10
176.5418
20
100.7207
0
VERTEX
10
177.2199
20
94.5931
0
VERTEX
10
177.0086
20
89.5716
0
VERTEX
10
175.8591
20
85.8087
0
VERTEX
10
173.7468
20
83.4083
0
VERTEX
10
170.6734
20
82.4221
0
VERTEX
10
166.6669
20
82.8484
0
VERTEX
10
161.7820
20
84.6323
0
VERTEX
10
156.0984
20
87.6683
0
VERTEX
10
149.7195
20
91.8042
0
VERTEX
10
142.7690
20
96.8472
0
VERTEX
10
135.3879
20
102.5711
0
VERTEX
10
127.7304
20
108.7248
0
VERTEX
10
119.9592
20
115.0415
0
VERTEX
10
112.2409
20
121.2488
0
VERTEX
10
104.7411
20
127.0788
0
VERTEX
10
97.6192
20
132.2777
0
VERTEX
10
91.0241
20
136.6157
0
VERTEX
10
85.0892
20
139.8952
0
VERTEX
10
79.9294
20
141.9580
0
VERTEX
10
75.6368
20
142.6918
0
VERTEX
10
72.2790
20
142.0338
0
VERTEX
10
69.8971
20
139.9738
0
VERTEX
10
68.5046
20
136.5542
0
VERTEX
10
68.0881
20
131.8693
0
VERTEX
10
68.6076
20
126.0618
0
VERTEX
10
69.9990
20
119.3179
0
VERTEX
10
72.1762
20
111.8610
0
VERTEX
10
75.0345
20
103.9437
0
VERTEX
10
78.4549
20
95.8392
0
VERTEX
10
82.3080
20
87.8313
0
VERTEX
10
86.4587
20
80.2047
0
VERTEX
10
90.7714
20
73.2347
0
VERTEX
10
95.1141
20
67.1776
0
VERTEX
10
99.3630
20
62.2614
0
VERTEX
10
103.4071
20
58.6779
0
VERTEX
10
107.1513
20
56.5756
0
VERTEX
10
110.5194
20
56.0543
0
VERTEX
10
113.4566
20
57.1617
0
VERTEX
10
115.9307
20
59.8910
0
VERTEX
10
117.9328
20
64.1817
0
VERTEX
10
119.4765
20
69.9209
0
VERTEX
10
120.5972
20
76.9470
0
VERTEX
10
121.3499
20
85.0556
0
VERTEX
10
121.8065
20
94.0062
0
VERTEX
10
122.0520
20
103.5302
0
VERTEX
10
122.1811
20
113.3401
0
VERTEX
10
122.2939
20
123.1394
0
VERTEX
10
122.4909
20
132.6327
0
VERTEX
10
122.8690
20
141.5353
0
VERTEX
10
123.5172
20
149.5834
0
VERTEX
10
124.5120
20
156.5424
0
VERTEX
10
125.9143
20
162.2153
0
VERTEX
10
127.7660
20
166.4486
0
VERTEX
10
130.0878
20
169.1375
0
VERTEX
10
132.8779
20
170.2294
0
VERTEX
10
136.1109
20
169.7248
0
VERTEX
10
139.7382
20
167.6774
0
VERTEX
10
143.6892
20
164.1911
0
VERTEX
10
147.8731
20
159.4168
0
VERTEX
10
152.1819
20
153.5461
0
VERTEX
10
156.4934
20
146.8044
0
VERTEX
10
160.6758
20
139.4430
0
VERTEX
10
164.5919
20
131.7297
0
VERTEX
10
168.1037
20
123.9392
0
VERTEX
10
171.0777
20
116.3437
0
VERTEX
10
173.3894
20
109.2030
0
VERTEX
10
174.9282
20
102.7554
0
VERTEX
10
175.6012
20
97.2097
0
VERTEX
10
175.3375
20
92.7375
0
VERTEX
10
174.0905
20
89.4679
0
VERTEX
10
171.8405
20
87.4831
0
VERTEX
10
168.5960
20
86.8158
0
VERTEX
10
164.3939
20
87.4482
0
VERTEX
10
159.2992
20
89.3138
0
VERTEX
10
153.4031
20
92.2993
0
VERTEX
10
146.8211
20
96.2499
0
VERTEX
10
139.6894
20
100.9749
0
VERTEX
10
132.1611
20
106.2548
0
VERTEX
10
124.4015
20
111.8500
0
VERTEX
10
116.5836
20
117.5095
0
VERTEX
10
108.8824
20
122.9805
0
VERTEX
10
101.4699
20
128.0175
0
VERTEX
10
94.5096
20
132.3917
0
VERTEX
10
88.1520
20
135.8996
0
VERTEX
10
82.5295
20
138.3702
0
VERTEX
10
77.7532
20
139.6719
0
VERTEX
10
73.9090
20
139.7174
0
VERTEX
10
71.0556
20
138.4666
0
VERTEX
10
69.2233
20
135.9290
0
VERTEX
10
68.4128
20
132.1632
0
VERTEX
10
68.5963
20
127.2750
0
VERTEX
10
69.7189
20
121.4142
0
VERTEX
10
71.7003
20
114.7689
0
VERTEX
10
74.4389
20
107.5594
0
VERTEX
10
77.8148
20
100.0302
0
VERTEX
10
81.6946
20
92.4418
0
VERTEX
10
85.9363
20
85.0609
0
VERTEX
10
90.3941
20
78.1516
0
VERTEX
10
94.9237
20
71.9656
0
VERTEX
10
99.3870
20
66.7335
0
VERTEX
10
103.6571
20
62.6565
0
VERTEX
10
107.6226
20
59.8991
0
VERTEX
10
111.1907
20
58.5834
0
VERTEX
10
114.2905
20
58.7843
0
VERTEX
10
116.8749
20
60.5272
0
VERTEX
10
118.9219
20
63.7862
0
VERTEX
10
120.4342
20
68.4854
0
VERTEX
10
121.4394
20
74.5011
0
VERTEX
10
121.9875
20
81.6659
0
VERTEX
10
122.1487
20
89.7743
0
VERTEX
10
122.0101
20
98.5895
0
VERTEX
10
121.6719
20
107.8518
0
VERTEX
10
121.2429
20
117.2868
0
VERTEX
10
120.8356
20
126.6152
0
VERTEX
10
120.5619
20
135.5619
0
VERTEX
10
120.5276
20
143.8652
0
VERTEX
10
120.8283
20
151.2860
0
VERTEX
10
121.5447
20
157.6151
0
VERTEX
10
122.7394
20
162.6807
0
VERTEX
10
124.4536
20
166.3533
0
VERTEX
10
126.7047
20
168.5506
0
VERTEX
10
129.4853
20
169.2390
0
VERTEX
10
132.7628
20
168.4351
0
VERTEX
10
136.4795
20
166.2040
0
VERTEX
10
140.5548
20
162.6571
0
VERTEX
10
144.8868
20
157.9475
0
VERTEX
10
149.3562
20
152.2643
0
VERTEX
10
153.8299
20
145.8257
0
VERTEX
10
158.1655
20
138.8711
0
VERTEX
10
162.2162
20
131.6522
0
VERTEX
10
165.8361
20
124.4245
0
VERTEX
10
168.8853
20
117.4378
0
VERTEX
10
171.2349
20
110.9276
0
VERTEX
10
172.7720
20
105.1070
0
VERTEX
10
173.4039
20
100.1592
0
VERTEX
10
173.0616
20
96.2313
0
VERTEX
10
171.7031
20
93.4292
0
VERTEX
10
169.3150
20
91.8149
0
VERTEX
10
165.9138
20
91.4038
0
VERTEX
10
161.5459
20
92.1652
0
VERTEX
10
156.2866
20
94.0240
0
VERTEX
10
150.2384
20
96.8632
0
VERTEX
10
143.5278
20
100.5294
0
VERTEX
10
136.3019
20
104.8379
0
VERTEX
10
128.7240
20
109.5808
0
VERTEX
10
120.9685
20
114.5338
0
VERTEX
10
113.2156
20
119.4656
0
VERTEX
10
105.6459
20
124.1462
0
VERTEX
10
98.4345
20
128.3553
0
VERTEX
10
91.7462
20
131.8912
0
VERTEX
10
85.7298
20
134.5778
0
VERTEX
10
80.5137
20
136.2714
0
VERTEX
10
76.2027
20
136.8664
0
VERTEX
10
72.8739
20
136.2992
0
VERTEX
10
70.5756
20
134.5505
0
VERTEX
10
69.3255
20
131.6469
0
VERTEX
10
69.1108
20
127.6595
0
VERTEX
10
69.8891
20
122.7019
0
VERTEX
10
71.5904
20
116.9264
0
VERTEX
10
74.1197
20
110.5187
0
VERTEX
10
77.3609
20
103.6914
0
VERTEX
10
81.1808
20
96.6766
0
VERTEX
10
85.4341
20
89.7174
0
VERTEX
10
89.9687
20
83.0601
0
VERTEX
10
94.6309
20
76.9446
0
VERTEX
10
99.2708
20
71.5965
0
VERTEX
10
103.7476
20
67.2189
0
VERTEX
10
107.9343
20
63.9849
0
VERTEX
10
111.7217
20
62.0318
0
VERTEX
10
115.0223
20
61.4557
0
VERTEX
10
117.7727
20
62.3083
0
VERTEX
10
119.9354
20
64.5946
0
VERTEX
10
121.4999
20
68.2729
0
VERTEX
10
122.4820
20
73.2554
0
VERTEX
10
122.9231
20
79.4117
0
VERTEX
10
122.8876
20
86.5727
0
VERTEX
10
122.4605
20
94.5363
0
VERTEX
10
121.7431
20
103.0743
0
VERTEX
10
120.8489
20
111.9399
0
VERTEX
10
119.8986
20
120.8760
0
VERTEX
10
119.0155
20
129.6241
0
VERTEX
10
118.3199
20
137.9326
0
VERTEX
10
117.9239
20
145.5651
0
VERTEX
10
117.9273
20
152.3089
0
VERTEX
10
118.4125
20
157.9810
0
VERTEX
10
119.4415
20
162.4349
0
VERTEX
10
121.0526
20
165.5647
0
VERTEX
10
123.2584
20
167.3085
0
VERTEX
10
126.0448
20
167.6500
0
VERTEX
10
129.3710
20
166.6186
0
VERTEX
10
133.1701
20
164.2880
0
VERTEX
10
137.3514
20
160.7729
0
VERTEX
10
141.8029
20
156.2250
0
VERTEX
10
146.3954
20
150.8267
0
VERTEX
10
150.9860
20
144.7850
0
VERTEX
10
155.4240
20
138.3237
0
VERTEX
10
159.5554
20
131.6753
0
VERTEX
10
163.2286
20
125.0728
0
VERTEX
10
166.2999
20
118.7414
0
VERTEX
10
168.6388
20
112.8909
0
VERTEX
10
170.1325
20
107.7079
0
VERTEX
10
170.6907
20
103.3500
0
VERTEX
10
170.2486
20
99.9401
0
VERTEX
10
168.7702
20
97.5628
0
VERTEX
10
166.2497
20
96.2613
0
VERTEX
10
162.7123
20
96.0368
0
VERTEX
10
158.2142
20
96.8486
0
VERTEX
10
152.8408
20
98.6164
0
VERTEX
10
146.7047
20
101.2234
0
VERTEX
10
139.9424
20
104.5211
0
VERTEX
10
132.7100
20
108.3353
0
VERTEX
10
125.1786
20
112.4725
0
VERTEX
10
117.5291
20
116.7275
0
VERTEX
10
109.9461
20
120.8914
0
VERTEX
10
102.6128
20
124.7591
0
VERTEX
10
95.7046
20
128.1376
0
VERTEX
10
89.3841
20
130.8526
0
VERTEX
10
83.7956
20
132.7559
0
VERTEX
10
79.0613
20
133.7306
0
VERTEX
10
75.2768
20
133.6955
0
VERTEX
10
72.5091
20
132.6087
0
VERTEX
10
70.7941
20
130.4692
0
VERTEX
10
70.1365
20
127.3171
0
VERTEX
10
70.5094
20
123.2326
0
VERTEX
10
71.8562
20
118.3330
0
VERTEX
10
74.0927
20
112.7693
0
VERTEX
10
77.1105
20
106.7204
0
VERTEX
10
80.7807
20
100.3873
0
VERTEX
10
84.9592
20
93.9856
0
VERTEX
10
89.4914
20
87.7385
0
VERTEX
10
94.2180
20
81.8683
0
VERTEX
10
98.9803
20
76.5891
0
VERTEX
10
103.6263
20
72.0986
0
VERTEX
10
108.0152
20
68.5718
0
VERTEX
10
112.0227
20
66.1538
0
VERTEX
10
115.5448
20
64.9554
0
VERTEX
10
118.5013
20
65.0485
0
VERTEX
10
120.8383
20
66.4636
0
VERTEX
10
122.5294
20
69.1886
0
VERTEX
10
123.5765
20
73.1687
0
VERTEX
10
124.0087
20
78.3085
0
VERTEX
10
123.8813
20
84.4745
0
VERTEX
10
123.2725
20
91.5002
0
VERTEX
10
122.2806
20
99.1910
0
VERTEX
10
121.0196
20
107.3309
0
VERTEX
10
119.6142
20
115.6899
0
VERTEX
10
118.1951
20
124.0313
0
VERTEX
10
116.8934
20
132.1198
0
VERTEX
10
115.8353
20
139.7293
0
VERTEX
10
115.1368
20
146.6502
0
VERTEX
10
114.8991
20
152.6965
0
VERTEX
10
115.2042
20
157.7116
0
VERTEX
10
116.1111
20
161.5731
0
VERTEX
10
117.6536
20
164.1970
0
VERTEX
10
119.8380
20
165.5400
0
VERTEX
10
122.6427
20
165.6001
0
VERTEX
10
126.0183
20
164.4167
0
VERTEX
10
129.8888
20
162.0683
0
VERTEX
10
134.1541
20
158.6698
0
VERTEX
10
138.6933
20
154.3674
0
VERTEX
10
143.3681
20
149.3338
0
VERTEX
10
148.0286
20
143.7613
0
VERTEX
10
152.5173
20
137.8553
0
VERTEX
10
156.6756
20
131.8265
0
VERTEX
10
160.3489
20
125.8838
0
VERTEX
10
163.3921
20
120.2265
0
VERTEX
10
165.6755
20
115.0378
0
VERTEX
10
167.0888
20
110.4784
0
VERTEX
10
167.5460
20
106.6808
0
VERTEX
10
166.9884
20
103.7455
0
VERTEX
10
165.3873
20
101.7373
0
VERTEX
10
162.7452
20
100.6835
0
VERTEX
10
159.0966
20
100.5738
0
VERTEX
10
154.5071
20
101.3609
0
VERTEX
10
149.0716
20
102.9626
0
VERTEX
10
142.9117
20
105.2658
0
VERTEX
10
136.1722
20
108.1304
0
VERTEX
10
129.0161
20
111.3953
0
VERTEX
10
121.6201
20
114.8847
0
VERTEX
10
114.1687
20
118.4147
0
VERTEX
10
106.8484
20
121.8005
0
VERTEX
10
99.8418
20
124.8633
0
VERTEX
10
93.3217
20
127.4374
0
VERTEX
10
87.4459
20
129.3764
0
VERTEX
10
82.3520
20
130.5587
0
VERTEX
10
78.1531
20
130.8926
0
VERTEX
10
74.9344
20
130.3195
0
VERTEX
10
72.7510
20
128.8165
0
VERTEX
10
71.6260
20
126.3975
0
VERTEX
10
71.5503
20
123.1129
0
VERTEX
10
72.4835
20
119.0481
0
VERTEX
10
74.3554
20
114.3207
0
VERTEX
10
77.0688
20
109.0764
0
VERTEX
10
80.5035
20
103.4838
0
VERTEX
10
84.5204
20
97.7292
0
VERTEX
10
88.9667
20
92.0091
0
VERTEX
10
93.6812
20
86.5239
0
VERTEX
10
98.5004
20
81.4710
0
VERTEX
10
103.2637
20
77.0370
0
VERTEX
10
107.8196
20
73.3919
0
VERTEX
10
112.0302
20
70.6826
0
VERTEX
10
115.7765
20
69.0274
0
VERTEX
10
118.9620
20
68.5124
0
VERTEX
10
121.5156
20
69.1875
0
VERTEX
10
123.3943
20
71.0649
0
VERTEX
10
124.5838
20
74.1184
0
VERTEX
10
125.0986
20
78.2839
0
VERTEX
10
124.9813
20
83.4618
0
VERTEX
10
124.3001
20
89.5195
0
VERTEX
10
123.1461
20
96.2965
0
VERTEX
10
121.6295
20
103.6091
0
VERTEX
10
119.8746
20
111.2567
0
VERTEX
10
118.0157
20
119.0286
0
VERTEX
10
116.1905
20
126.7106
0
VERTEX
10
114.5357
20
134.0922
0
VERTEX
10
113.1808
20
140.9737
0
VERTEX
10
112.2430
20
147.1723
0
VERTEX
10
111.8226
20
152.5283
0
VERTEX
10
111.9989
20
156.9102
0
VERTEX
10
112.8264
20
160.2184
0
VERTEX
10
114.3328
20
162.3886
0
VERTEX
10
116.5173
20
163.3930
0
VERTEX
10
119.3501
20
163.2414
0
VERTEX
10
122.7731
20
161.9797
0
VERTEX
10
126.7017
20
159.6883
0
VERTEX
10
131.0274
20
156.4786
0
VERTEX
10
135.6212
20
152.4888
0
VERTEX
10
140.3383
20
147.8787
0
VERTEX
10
145.0228
20
142.8238
0
VERTEX
10
149.5134
20
137.5089
0
VERTEX
10
153.6487
20
132.1218
0
VERTEX
10
157.2736
20
126.8461
0
VERTEX
10
160.2441
20
121.8554
0
VERTEX
10
162.4333
20
117.3067
0
VERTEX
10
163.7355
20
113.3356
0
VERTEX
10
164.0709
20
110.0514
0
VERTEX
10
163.3879
20
107.5340
0
VERTEX
10
161.6661
20
105.8310
0
VERTEX
10
158.9170
20
104.9568
0
VERTEX
10
155.1841
20
104.8926
0
VERTEX
10
150.5421
20
105.5875
0
VERTEX
10
145.0944
20
106.9607
0
VERTEX
10
138.9703
20
108.9055
0
VERTEX
10
132.3209
20
111.2931
0
VERTEX
10
125.3142
20
113.9780
0
VERTEX
10
118.1301
20
116.8038
0
VERTEX
10
110.9542
20
119.6090
0
VERTEX
10
103.9722
20
122.2338
0
VERTEX
10
97.3636
20
124.5259
0
VERTEX
10
91.2962
20
126.3465
0
VERTEX
10
85.9207
20
127.5756
0
VERTEX
10
81.3656
20
128.1169
0
VERTEX
10
77.7336
20
127.9015
0
VERTEX
10
75.0983
20
126.8905
0
VERTEX
10
73.5018
20
125.0772
0
VERTEX
10
72.9540
20
122.4869
0
VERTEX
10
73.4325
20
119.1772
0
VERTEX
10
74.8837
20
115.2351
0
VERTEX
10
77.2251
20
110.7749
0
VERTEX
10
80.3481
20
105.9342
0
VERTEX
10
84.1227
20
100.8688
0
VERTEX
10
88.4016
20
95.7473
0
VERTEX
10
93.0260
20
90.7457
0
VERTEX
10
97.8307
20
86.0406
0
VERTEX
10
102.6508
20
81.8034
0
VERTEX
10
107.3264
20
78.1937
0
VERTEX
10
111.7090
20
75.3541
0
VERTEX
10
115.6664
20
73.4050
0
VERTEX
10
119.0866
20
72.4399
0
VERTEX
10
121.8824
20
72.5223
0
VERTEX
10
123.9933
20
73.6829
0
VERTEX
10
125.3880
20
75.9189
0
VERTEX
10
126.0646
20
79.1933
0
VERTEX
10
126.0504
20
83.4361
0
VERTEX
10
125.4007
20
88.5468
0
VERTEX
10
124.1958
20
94.3970
0
VERTEX
10
122.5382
20
100.8352
0
VERTEX
10
120.5481
20
107.6912
0
VERTEX
10
118.3587
20
114.7819
0
VERTEX
10
116.1108
20
121.9175
0
VERTEX
10
113.9474
20
128.9073
0
VERTEX
10
112.0079
20
135.5661
0
VERTEX
10
110.4229
20
141.7204
0
VERTEX
10
109.3085
20
147.2134
0
VERTEX
10
108.7622
20
151.9105
0
VERTEX
10
108.8587
20
155.7033
0
VERTEX
10
109.6466
20
158.5127
0
VERTEX
10
111.1465
20
160.2912
0
VERTEX
10
113.3497
20
161.0241
0
VERTEX
10
116.2181
20
160.7297
0
VERTEX
10
119.6852
20
159.4575
0
VERTEX
10
123.6584
20
157.2868
0
VERTEX
10
128.0218
20
154.3230
0
VERTEX
10
132.6399
20
150.6937
0
VERTEX
10
137.3626
20
146.5438
0
VERTEX
10
142.0305
20
142.0305
0
VERTEX
10
146.4800
20
137.3173
0
VERTEX
10
150.5495
20
132.5683
0
VERTEX
10
154.0852
20
127.9423
0
VERTEX
10
156.9463
20
123.5877
0
VERTEX
10
159.0105
20
119.6368
0
VERTEX
10
160.1785
20
116.2018
0
VERTEX
10
160.3775
20
113.3712
0
VERTEX
10
159.5645
20
111.2065
0
VERTEX
10
157.7276
20
109.7413
0
VERTEX
10
154.8875
20
108.9798
0
VERTEX
10
151.0964
20
108.8976
0
VERTEX
10
146.4374
20
109.4433
0
VERTEX
10
141.0213
20
110.5401
0
VERTEX
10
134.9836
20
112.0900
0
VERTEX
10
128.4802
20
113.9774
0
VERTEX
10
121.6820
20
116.0739
0
VERTEX
10
114.7698
20
118.2435
0
VERTEX
10
107.9283
20
120.3476
0
VERTEX
10
101.3401
20
122.2512
0
VERTEX
10
95.1795
20
123.8276
0
VERTEX
10
89.6073
20
124.9634
0
VERTEX
10
84.7651
20
125.5633
0
VERTEX
10
80.7713
20
125.5538
0
VERTEX
10
77.7168
20
124.8861
0
VERTEX
10
75.6626
20
123.5382
0
VERTEX
10
74.6379
20
121.5161
0
VERTEX
10
74.6394
20
118.8536
0
VERTEX
10
75.6319
20
115.6118
0
VERTEX
10
77.5496
20
111.8768
0
VERTEX
10
80.2989
20
107.7567
0
VERTEX
10
83.7617
20
103.3785
0
VERTEX
10
87.7999
20
98.8831
0
VERTEX
10
92.2604
20
94.4206
0
VERTEX
10
96.9806
20
90.1451
0
VERTEX
10
101.7939
20
86.2094
0
VERTEX
10
106.5359
20
82.7592
0
VERTEX
10
111.0502
20
79.9282
0
VERTEX
10
115.1933
20
77.8333
0
VERTEX
10
118.8402
20
76.5702
0
VERTEX
10
121.8879
20
76.2100
0
VERTEX
10
124.2594
20
76.7966
0
VERTEX
10
125.9059
20
78.3447
0
VERTEX
10
126.8080
20
80.8394
0
VERTEX
10
126.9764
20
84.2363
0
VERTEX
10
126.4507
20
88.4627
0
VERTEX
10
125.2979
20
93.4199
0
VERTEX
10
123.6095
20
98.9865
0
VERTEX
10
121.4977
20
105.0221
0
VERTEX
10
119.0911
20
111.3717
0
VERTEX
10
116.5295
20
117.8710
0
VERTEX
10
113.9585
20
124.3518
0
VERTEX
10
111.5239
20
130.6469
0
VERTEX
10
109.3660
20
136.5959
0
VERTEX
10
107.6143
20
142.0502
0
VERTEX
10
106.3820
20
146.8777
0
VERTEX
10
105.7620
20
150.9666
0
VERTEX
10
105.8232
20
154.2294
0
VERTEX
10
106.6072
20
156.6046
0
VERTEX
10
108.1267
20
158.0590
0
VERTEX
10
110.3650
20
158.5879
0
VERTEX
10
113.2755
20
158.2150
0
VERTEX
10
116.7841
20
156.9911
0
VERTEX
10
120.7907
20
154.9916
0
VERTEX
10
125.1729
20
152.3139
0
VERTEX
10
129.7903
20
149.0734
0
VERTEX
10
134.4892
20
145.3990
0
VERTEX
10
139.1079
20
141.4288
0
VERTEX
10
143.4826
20
137.3049
0
VERTEX
10
147.4531
20
133.1683
0
VERTEX
10
150.8686
20
129.1542
0
VERTEX
10
153.5932
20
125.3868
0
VERTEX
10
155.5105
20
121.9761
0
VERTEX
10
156.5286
20
119.0131
0
VERTEX
10
156.5829
20
116.5678
0
VERTEX
10
155.6390
20
114.6868
0
VERTEX
10
153.6942
20
113.3919
0
VERTEX
10
150.7780
20
112.6804
0
VERTEX
10
146.9510
20
112.5251
0
VERTEX
10
142.3037
20
112.8759
0
VERTEX
10
136.9534
20
113.6627
0
VERTEX
10
131.0404
20
114.7979
0
VERTEX
10
124.7237
20
116.1802
0
VERTEX
10
118.1756
20
117.6990
0
VERTEX
10
111.5761
20
119.2388
0
VERTEX
10
105.1073
20
120.6836
0
VERTEX
10
98.9466
20
121.9219
0
VERTEX
10
93.2620
20
122.8511
0
VERTEX
10
88.2054
20
123.3814
0
VERTEX
10
83.9086
20
123.4398
0
VERTEX
10
80.4785
20
122.9727
0
VERTEX
10
77.9939
20
121.9484
0
VERTEX
10
76.5031
20
120.3588
0
VERTEX
10
76.0221
20
118.2194
0
VERTEX
10
76.5352
20
115.5696
0
VERTEX
10
77.9949
20
112.4713
0
VERTEX
10
80.3245
20
109.0068
0
VERTEX
10
83.4206
20
105.2764
0
VERTEX
10
87.1572
20
101.3945
0
VERTEX
10
91.3900
20
97.4861
0
VERTEX
10
95.9618
20
93.6823
0
VERTEX
10
100.7082
20
90.1156
0
VERTEX
10
105.4633
20
86.9152
0
VERTEX
10
110.0652
20
84.2026
0
VERTEX
10
114.3622
20
82.0872
0
VERTEX
10
118.2178
20
80.6623
0
VERTEX
10
121.5154
20
80.0015
0
VERTEX
10
124.1621
20
80.1565
0
VERTEX
10
126.0918
20
81.1544
0
VERTEX
10
127.2676
20
82.9971
0
VERTEX
10
127.6822
20
85.6607
0
VERTEX
10
127.3584
20
89.0963
0
VERTEX
10
126.3476
20
93.2310
0
VERTEX
10
124.7277
20
97.9706
0
VERTEX
10
122.5999
20
103.2022
0
VERTEX
10
120.0849
20
108.7982
0
VERTEX
10
117.3180
20
114.6198
0
VERTEX
10
114.4438
20
120.5218
0
VERTEX
10
111.6111
20
126.3571
0
VERTEX
10
108.9666
20
131.9814
0
VERTEX
10
106.6499
20
137.2577
0
VERTEX
10
104.7877
20
142.0609
0
VERTEX
10
103.4890
20
146.2808
0
VERTEX
10
102.8410
20
149.8265
0
VERTEX
10
102.9056
20
152.6282
0
VERTEX
10
103.7168
20
154.6395
0
VERTEX
10
105.2793
20
155.8383
0
VERTEX
10
107.5679
20
156.2273
0
VERTEX
10
110.5283
20
155.8332
0
VERTEX
10
114.0786
20
154.7054
0
VERTEX
10
118.1122
20
152.9138
0
VERTEX
10
122.5014
20
150.5463
0
VERTEX
10
127.1018
20
147.7049
0
VERTEX
10
131.7571
20
144.5022
0
VERTEX
10
136.3049
20
141.0575
0
VERTEX
10
140.5825
20
137.4919
0
VERTEX
10
144.4324
20
133.9246
0
VERTEX
10
147.7079
20
130.4685
0
VERTEX
10
150.2789
20
127.2265
0
VERTEX
10
152.0362
20
124.2878
0
VERTEX
10
152.8957
20
121.7253
0
VERTEX
10
152.8014
20
119.5935
0
VERTEX
10
151.7280
20
117.9265
0
VERTEX
10
149.6818
20
116.7376
0
VERTEX
10
146.7006
20
116.0193
0
VERTEX
10
142.8532
20
115.7440
0
VERTEX
10
138.2367
20
115.8655
0
VERTEX
10
132.9737
20
116.3214
0
VERTEX
10
127.2085
20
117.0356
0
VERTEX
10
121.1020
20
117.9220
0
VERTEX
10
114.8265
20
118.8875
0
VERTEX
10
108.5602
20
119.8367
0
VERTEX
10
102.4808
20
120.6749
0
VERTEX
10
96.7602
20
121.3129
0
VERTEX
10
91.5584
20
121.6699
0
VERTEX
10
87.0181
20
121.6774
0
VERTEX
10
83.2604
20
121.2817
0
VERTEX
10
80.3806
20
120.4464
0
VERTEX
10
78.4449
20
119.1541
0
VERTEX
10
77.4890
20
117.4072
0
VERTEX
10
77.5167
20
115.2282
0
VERTEX
10
78.4997
20
112.6593
0
VERTEX
10
80.3797
20
109.7609
0
VERTEX
10
83.0699
20
106.6098
0
VERTEX
10
86.4583
20
103.2966
0
VERTEX
10
90.4123
20
99.9227
0
VERTEX
10
94.7830
20
96.5966
0
VERTEX
10
99.4106
20
93.4306
0
VERTEX
10
104.1304
20
90.5361
0
VERTEX
10
108.7781
20
88.0204
0
VERTEX
10
113.1962
20
85.9826
0
VERTEX
10
117.2387
20
84.5097
0
VERTEX
10
120.7770
20
83.6740
0
VERTEX
10
123.7036
20
83.5301
0
VERTEX
10
125.9362
20
84.1128
0
VERTEX
10
127.4202
20
85.4358
0
VERTEX
10
128.1302
20
87.4908
0
VERTEX
10
128.0710
20
90.2480
0
VERTEX
10
127.2770
20
93.6561
0
VERTEX
10
125.8107
20
97.6444
0
VERTEX
10
123.7599
20
102.1250
0
VERTEX
10
121.2346
20
106.9948
0
VERTEX
10
118.3627
20
112.1395
0
VERTEX
10
115.2849
20
117.4366
0
VERTEX
10
112.1495
20
122.7597
0
VERTEX
10
109.1070
20
127.9821
0
VERTEX
10
106.3040
20
132.9809
0
VERTEX
10
103.8779
20
137.6406
0
VERTEX
10
101.9516
20
141.8570
0
VERTEX
10
100.6291
20
145.5399
0
VERTEX
10
99.9910
20
148.6159
0
VERTEX
10
100.0919
20
151.0306
0
VERTEX
10
100.9578
20
152.7495
0
VERTEX
10
102.5849
20
153.7591
0
VERTEX
10
104.9400
20
154.0669
0
VERTEX
10
107.9608
20
153.7003
0
VERTEX
10
111.5585
20
152.7056
0
VERTEX
10
115.6205
20
151.1458
0
VERTEX
10
120.0143
20
149.0982
0
VERTEX
10
124.5922
20
146.6514
0
VERTEX
10
129.1963
20
143.9016
0
VERTEX
10
133.6644
20
140.9499
0
VERTEX
10
137.8353
20
137.8979
0
VERTEX
10
141.5551
20
134.8445
0
VERTEX
10
144.6821
20
131.8826
0
VERTEX
10
147.0925
20
129.0957
0
VERTEX
10
148.6844
20
126.5554
0
VERTEX
10
149.3820
20
124.3192
0
VERTEX
10
149.1383
20
122.4284
0
VERTEX
10
147.9367
20
120.9077
0
VERTEX
10
145.7923
20
119.7644
0
VERTEX
10
142.7513
20
118.9886
0
VERTEX
10
138.8897
20
118.5542
0
VERTEX
10
134.3110
20
118.4204
0
VERTEX
10
129.1425
20
118.5336
0
VERTEX
10
123.5316
20
118.8299
0
VERTEX
10
117.6404
20
119.2380
0
VERTEX
10
111.6406
20
119.6824
0
VERTEX
10
105.7077
20
120.0862
0
VERTEX
10
100.0150
20
120.3749
0
VERTEX
10
94.7277
20
120.4793
0
VERTEX
10
89.9977
20
120.3384
0
VERTEX
10
85.9583
20
119.9021
0
VERTEX
10
82.7197
20
119.1336
0
VERTEX
10
80.3654
20
118.0107
0
VERTEX
10
78.9498
20
116.5274
0
VERTEX
10
78.4961
20
114.6940
0
VERTEX
10
78.9959
20
112.5375
0
VERTEX
10
80.4099
20
110.1006
0
VERTEX
10
82.6691
20
107.4406
0
VERTEX
10
85.6774
20
104.6271
0
VERTEX
10
89.3155
20
101.7406
0
VERTEX
10
93.4450
20
98.8688
0
VERTEX
10
97.9133
20
96.1043
0
VERTEX
10
102.5589
20
93.5408
0
VERTEX
10
107.2176
20
91.2705
0
VERTEX
10
111.7279
20
89.3802
0
VERTEX
10
115.9368
20
87.9483
0
VERTEX
10
119.7051
20
87.0425
0
VERTEX
10
122.9120
20
86.7166
0
VERTEX
10
125.4599
20
87.0087
0
VERTEX
10
127.2770
20
87.9398
0
VERTEX
10
128.3198
20
89.5128
0
VERTEX
10
128.5748
20
91.7122
0
VERTEX
10
128.0583
20
94.5042
0
VERTEX
10
126.8159
20
97.8375
0
VERTEX
10
124.9203
20
101.6453
0
VERTEX
10
122.4690
20
105.8467
0
VERTEX
10
119.5799
20
110.3494
0
VERTEX
10
116.3872
20
115.0524
0
VERTEX
10
113.0364
20
119.8492
0
VERTEX
10
109.6786
20
124.6313
0
VERTEX
10
106.4652
20
129.2908
0
VERTEX
10
103.5419
20
133.7243
0
VERTEX
10
101.0435
20
137.8360
0
VERTEX
10
99.0886
20
141.5399
0
VERTEX
10
97.7755
20
144.7630
0
VERTEX
10
97.1780
20
147.4470
0
VERTEX
10
97.3430
20
149.5496
0
VERTEX
10
98.2883
20
151.0459
0
VERTEX
10
100.0019
20
151.9285
0
VERTEX
10
102.4424
20
152.2074
0
VERTEX
10
105.5398
20
151.9088
0
VERTEX
10
109.1984
20
151.0747
0
VERTEX
10
113.2999
20
149.7602
0
VERTEX
10
117.7073
20
148.0316
0
VERTEX
10
122.2698
20
145.9638
0
VERTEX
10
126.8285
20
143.6379
0
VERTEX
10
131.2212
20
141.1374
0
VERTEX
10
135.2889
20
138.5460
0
VERTEX
10
138.8813
20
135.9444
0
VERTEX
10
141.8618
20
133.4076
0
VERTEX
10
144.1129
20
131.0024
0
VERTEX
10
145.5404
20
128.7853
0
VERTEX
10
146.0766
20
126.8008
0
VERTEX
10
145.6831
20
125.0803
0
VERTEX
10
144.3523
20
123.6413
0
VERTEX
10
142.1078
20
122.4873
0
VERTEX
10
139.0038
20
121.6080
0
VERTEX
10
135.1235
20
120.9806
0
VERTEX
10
130.5763
20
120.5705
0
VERTEX
10
125.4941
20
120.3338
0
VERTEX
10
120.0272
20
120.2190
0
VERTEX
10
114.3389
20
120.1693
0
VERTEX
10
108.5999
20
120.1255
0
VERTEX
10
102.9832
20
120.0286
0
VERTEX
10
97.6572
20
119.8222
0
VERTEX
10
92.7811
20
119.4552
0
VERTEX
10
88.4985
20
118.8839
0
VERTEX
10
84.9335
20
118.0743
0
VERTEX
10
82.1856
20
117.0037
0
VERTEX
10
80.3273
20
115.6615
0
VERTEX
10
79.4010
20
114.0506
0
VERTEX
10
79.4182
20
112.1870
0
VERTEX
10
80.3590
20
110.1000
0
VERTEX
10
82.1729
20
107.8310
0
VERTEX
10
84.7811
20
105.4327
0
VERTEX
10
88.0789
20
102.9672
0
VERTEX
10
91.9398
20
100.5038
0
VERTEX
10
96.2202
20
98.1171
0
VERTEX
10
100.7640
20
95.8840
0
VERTEX
10
105.4085
20
93.8812
0
VERTEX
10
109.9903
20
92.1827
0
VERTEX
10
114.3508
20
90.8567
0
VERTEX
10
118.3415
20
89.9637
0
VERTEX
10
121.8300
20
89.5538
0
VERTEX
10
124.7038
20
89.6651
0
VERTEX
10
126.8745
20
90.3220
0
VERTEX
10
128.2807
20
91.5343
0
VERTEX
10
128.8902
20
93.2965
0
VERTEX
10
128.7008
20
95.5879
0
VERTEX
10
127.7402
20
98.3730
0
VERTEX
10
126.0648
20
101.6020
0
VERTEX
10
123.7575
20
105.2129
0
VERTEX
10
120.9248
20
109.1328
0
VERTEX
10
117.6923
20
113.2802
0
VERTEX
10
114.2005
20
117.5673
0
VERTEX
10
110.5991
20
121.9029
0
VERTEX
10
107.0422
20
126.1947
0
VERTEX
10
103.6816
20
130.3523
0
VERTEX
10
100.6622
20
134.2900
0
VERTEX
10
98.1158
20
137.9287
0
VERTEX
10
96.1567
20
141.1987
0
VERTEX
10
94.8775
20
144.0415
0
VERTEX
10
94.3451
20
146.4109
0
VERTEX
10
94.5986
20
148.2746
0
VERTEX
10
95.6478
20
149.6147
0
VERTEX
10
97.4721
20
150.4275
0
VERTEX
10
100.0219
20
150.7237
0
VERTEX
10
103.2194
20
150.5273
0
VERTEX
10
106.9620
20
149.8744
0
VERTEX
10
111.1253
20
148.8115
0
VERTEX
10
115.5677
20
147.3942
0
VERTEX
10
120.1354
20
145.6842
0
VERTEX
10
124.6676
20
143.7476
0
VERTEX
10
129.0023
20
141.6523
0
VERTEX
10
132.9824
20
139.4655
0
VERTEX
10
136.4606
20
137.2517
0
VERTEX
10
139.3053
20
135.0702
0
VERTEX
10
141.4053
20
132.9734
0
VERTEX
10
142.6732
20
131.0054
0
VERTEX
10
143.0496
20
129.2003
0
VERTEX
10
142.5045
20
127.5818
0
VERTEX
10
141.0390
20
126.1625
0
VERTEX
10
138.6852
20
124.9440
0
VERTEX
10
135.5055
20
123.9176
0
VERTEX
10
131.5903
20
123.0647
0
VERTEX
10
127.0550
20
122.3581
0
VERTEX
10
122.0366
20
121.7639
0
VERTEX
10
116.6882
20
121.2428
0
VERTEX
10
111.1748
20
120.7523
0
VERTEX
10
105.6669
20
120.2487
0
VERTEX
10
100.3350
20
119.6892
0
VERTEX
10
95.3437
20
119.0339
0
VERTEX
10
90.8461
20
118.2479
0
VERTEX
10
86.9787
20
117.3028
0
VERTEX
10
83.8563
20
116.1783
0
VERTEX
10
81.5689
20
114.8634
0
VERTEX
10
80.1779
20
113.3570
0
VERTEX
10
79.7145
20
111.6685
0
VERTEX
10
80.1786
20
109.8177
0
VERTEX
10
81.5390
20
107.8344
0
VERTEX
10
83.7347
20
105.7576
0
VERTEX
10
86.6767
20
103.6343
0
VERTEX
10
90.2518
20
101.5184
0
VERTEX
10
94.3264
20
99.4682
0
VERTEX
10
98.7513
20
97.5451
0
VERTEX
10
103.3670
20
95.8113
0
VERTEX
10
108.0090
20
94.3275
0
VERTEX
10
112.5145
20
93.1511
0
VERTEX
10
116.7273
20
92.3337
0
VERTEX
10
120.5034
20
91.9196
0
VERTEX
10
123.7166
20
91.9439
0
VERTEX
10
126.2621
20
92.4311
0
VERTEX
10
128.0608
20
93.3943
0
VERTEX
10
129.0614
20
94.8343
0
VERTEX
10
129.2426
20
96.7394
0
VERTEX
10
128.6135
20
99.0856
0
VERTEX
10
127.2130
20
101.8370
0
VERTEX
10
125.1086
20
104.9468
0
VERTEX
10
122.3933
20
108.3585
0
VERTEX
10
119.1829
20
112.0076
0
VERTEX
10
115.6111
20
115.8232
0
VERTEX
10
111.8246
20
119.7303
0
VERTEX
10
107.9782
20
123.6519
0
VERTEX
10
104.2286
20
127.5108
0
VERTEX
10
100.7292
20
131.2324
0
VERTEX
10
97.6237
20
134.7464
0
VERTEX
10
95.0418
20
137.9887
0
VERTEX
10
93.0937
20
140.9033
0
VERTEX
10
91.8661
20
143.4435
0
VERTEX
10
91.4193
20
145.5733
0
VERTEX
10
91.7848
20
147.2678
0
VERTEX
10
92.9639
20
148.5139
0
VERTEX
10
94.9276
20
149.3099
0
VERTEX
10
97.6173
20
149.6656
0
VERTEX
10
100.9474
20
149.6012
0
VERTEX
10
104.8076
20
149.1463
0
VERTEX
10
109.0668
20
148.3388
0
VERTEX
10
113.5783
20
147.2229
0
VERTEX
10
118.1840
20
145.8479
0
VERTEX
10
122.7210
20
144.2659
0
VERTEX
10
127.0266
20
142.5302
0
VERTEX
10
130.9445
20
140.6932
0
VERTEX
10
134.3301
20
138.8049
0
VERTEX
10
137.0561
20
136.9112
0
VERTEX
10
139.0166
20
135.0524
0
VERTEX
10
140.1313
20
133.2620
0
VERTEX
10
140.3483
20
131.5664
0
VERTEX
10
139.6461
20
129.9834
0
VERTEX
10
138.0345
20
128.5230
0
VERTEX
10
135.5543
20
127.1867
0
VERTEX
10
132.2763
20
125.9684
0
VERTEX
10
128.2987
20
124.8552
0
VERTEX
10
123.7437
20
123.8281
0
VERTEX
10
118.7536
20
122.8635
0
VERTEX
10
113.4860
20
121.9341
0
VERTEX
10
108.1080
20
121.0114
0
VERTEX
10
102.7907
20
120.0663
0
VERTEX
10
97.7034
20
119.0711
0
VERTEX
10
93.0077
20
118.0012
0
VERTEX
10
88.8517
20
116.8359
0
VERTEX
10
85.3652
20
115.5604
0
VERTEX
10
82.6550
20
114.1662
0
VERTEX
10
80.8016
20
112.6519
0
VERTEX
10
79.8561
20
111.0240
0
VERTEX
10
79.8385
20
109.2966
0
VERTEX
10
80.7375
20
107.4916
0
VERTEX
10
82.5104
20
105.6379
0
VERTEX
10
85.0852
20
103.7710
0
VERTEX
10
88.3627
20
101.9316
0
VERTEX
10
92.2206
20
100.1645
0
VERTEX
10
96.5175
20
98.5173
0
VERTEX
10
101.0979
20
97.0385
0
VERTEX
10
105.7978
20
95.7763
0
VERTEX
10
110.4506
20
94.7765
0
VERTEX
10
114.8930
20
94.0810
0
VERTEX
10
118.9704
20
93.7265
0
VERTEX
10
122.5427
20
93.7429
0
VERTEX
10
125.4892
20
94.1520
0
VERTEX
10
127.7124
20
94.9671
0
VERTEX
10
129.1420
20
96.1916
0
VERTEX
10
129.7368
20
97.8195
0
VERTEX
10
129.4863
20
99.8343
0
VERTEX
10
128.4111
20
102.2105
0
VERTEX
10
126.5616
20
104.9130
0
VERTEX
10
124.0167
20
107.8988
0
VERTEX
10
120.8804
20
111.1176
0
VERTEX
10
117.2783
20
114.5136
0
VERTEX
10
113.3530
20
118.0264
0
VERTEX
10
109.2585
20
121.5933
0
VERTEX
10
105.1554
20
125.1503
0
VERTEX
10
101.2041
20
128.6344
0
VERTEX
10
97.5600
20
131.9852
0
VERTEX
10
94.3669
20
135.1459
0
VERTEX
10
91.7526
20
138.0655
0
VERTEX
10
89.8235
20
140.6996
0
VERTEX
10
88.6612
20
143.0113
0
VERTEX
10
88.3194
20
144.9725
0
VERTEX
10
88.8217
20
146.5637
0
VERTEX
10
90.1608
20
147.7747
0
VERTEX
10
92.2985
20
148.6042
0
VERTEX
10
95.1671
20
149.0595
0
VERTEX
10
98.6718
20
149.1560
0
VERTEX
10
102.6937
20
148.9161
0
VERTEX
10
107.0942
20
148.3684
0
VERTEX
10
111.7198
20
147.5462
0
VERTEX
10
116.4075
20
146.4863
0
VERTEX
10
120.9905
20
145.2277
0
VERTEX
10
125.3044
20
143.8100
0
VERTEX
10
129.1927
20
142.2723
0
VERTEX
10
132.5125
20
140.6517
0
VERTEX
10
135.1397
20
138.9824
0
VERTEX
10
136.9735
20
137.2944
0
VERTEX
10
137.9400
20
135.6132
0
VERTEX
10
137.9947
20
133.9586
0
VERTEX
10
137.1246
20
132.3452
0
VERTEX
10
135.3484
20
130.7817
0
VERTEX
10
132.7165
20
129.2713
0
VERTEX
10
129.3084
20
127.8121
0
VERTEX
10
125.2312
20
126.3978
0
VERTEX
10
120.6151
20
125.0183
0
VERTEX
10
115.6090
20
123.6606
0
VERTEX
10
110.3759
20
122.3103
0
VERTEX
10
105.0867
20
120.9520
0
VERTEX
10
99.9145
20
119.5708
0
VERTEX
10
95.0286
20
118.1535
0
VERTEX
10
90.5886
20
116.6894
0
VERTEX
10
86.7389
20
115.1711
0
VERTEX
10
83.6034
20
113.5956
0
VERTEX
10
81.2817
20
111.9645
0
VERTEX
10
79.8452
20
110.2848
0
VERTEX
10
79.3348
20
108.5686
0
VERTEX
10
79.7596
20
106.8335
0
VERTEX
10
81.0964
20
105.1017
0
VERTEX
10
83.2908
20
103.4004
0
VERTEX
10
86.2589
20
101.7601
0
VERTEX
10
89.8907
20
100.2146
0
VERTEX
10
94.0534
20
98.7995
0
VERTEX
10
98.5966
20
97.5511
0
VERTEX
10
103.3574
20
96.5053
0
VERTEX
10
108.1664
20
95.6967
0
VERTEX
10
112.8531
20
95.1568
0
VERTEX
10
117.2528
20
94.9133
0
VERTEX
10
121.2115
20
94.9890
0
VERTEX
10
124.5921
20
95.4009
0
VERTEX
10
127.2786
20
96.1591
0
VERTEX
10
129.1806
20
97.2670
0
VERTEX
10
130.2363
20
98.7204
0
VERTEX
10
130.4145
20
100.5073
0
VERTEX
10
129.7160
20
102.6087
0
VERTEX
10
128.1733
20
104.9983
0
VERTEX
10
125.8492
20
107.6433
0
VERTEX
10
122.8349
20
110.5052
0
VERTEX
10
119.2465
20
113.5407
0
VERTEX
10
115.2208
20
116.7026
0
VERTEX
10
110.9105
20
119.9412
0
VERTEX
10
106.4783
20
123.2055
0
VERTEX
10
102.0918
20
126.4442
0
VERTEX
10
97.9166
20
129.6075
0
VERTEX
10
94.1111
20
132.6475
0
VERTEX
10
90.8202
20
135.5201
0
VERTEX
10
88.1705
20
138.1853
0
VERTEX
10
86.2653
20
140.6086
0
VERTEX
10
85.1814
20
142.7612
0
VERTEX
10
84.9655
20
144.6209
0
VERTEX
10
85.6333
20
146.1717
0
VERTEX
10
87.1681
20
147.4047
0
VERTEX
10
89.5219
20
148.3173
0
VERTEX
10
92.6167
20
148.9131
0
VERTEX
10
96.3472
20
149.2015
0
VERTEX
10
100.5845
20
149.1968
0
VERTEX
10
105.1809
20
148.9178
0
VERTEX
10
109.9747
20
148.3865
0
VERTEX
10
114.7960
20
147.6276
0
VERTEX
10
119.4729
20
146.6672
0
VERTEX
10
123.8377
20
145.5322
0
VERTEX
10
127.7323
20
144.2492
0
VERTEX
10
131.0145
20
142.8439
0
VERTEX
10
133.5628
20
141.3399
0
VERTEX
10
135.2806
20
139.7590
0
VERTEX
10
136.1000
20
138.1197
0
VERTEX
10
135.9844
20
136.4380
0
VERTEX
10
134.9293
20
134.7264
0
VERTEX
10
132.9633
20
132.9941
0
VERTEX
10
130.1466
20
131.2478
0
VERTEX
10
126.5695
20
129.4911
0
VERTEX
10
122.3487
20
127.7255
0
VERTEX
10
117.6238
20
125.9509
0
VERTEX
10
112.5525
20
124.1659
0
VERTEX
10
107.3044
20
122.3687
0
VERTEX
10
102.0561
20
120.5577
0
VERTEX
10
96.9841
20
118.7321
0
VERTEX
10
92.2592
20
116.8925
0
VERTEX
10
88.0404
20
115.0416
0
VERTEX
10
84.4692
20
113.1842
0
VERTEX
10
81.6647
20
111.3281
0
VERTEX
10
79.7195
20
109.4841
0
VERTEX
10
78.6962
20
107.6657
0
VERTEX
10
78.6254
20
105.8895
0
VERTEX
10
79.5047
20
104.1750
0
VERTEX
10
81.2986
20
102.5439
0
VERTEX
10
83.9398
20
101.0197
0
VERTEX
10
87.3315
20
99.6275
0
VERTEX
10
91.3509
20
98.3929
0
VERTEX
10
95.8538
20
97.3416
0
VERTEX
10
100.6790
20
96.4983
0
VERTEX
10
105.6547
20
95.8862
0
VERTEX
10
110.6041
20
95.5262
0
VERTEX
10
115.3518
20
95.4359
0
VERTEX
10
119.7302
20
95.6295
0
VERTEX
10
123.5851
20
96.1165
0
VERTEX
10
126.7811
20
96.9019
0
VERTEX
10
129.2068
20
97.9856
0
VERTEX
10
130.7784
20
99.3621
0
VERTEX
10
131.4428
20
101.0208
0
VERTEX
10
131.1793
20
102.9457
0
VERTEX
10
130.0006
20
105.1158
0
VERTEX
10
127.9521
20
107.5059
0
VERTEX
10
125.1103
20
110.0861
0
VERTEX
10
121.5803
20
112.8237
0
VERTEX
10
117.4917
20
115.6827
0
VERTEX
10
112.9944
20
118.6255
0
VERTEX
10
108.2527
20
121.6131
0
VERTEX
10
103.4400
20
124.6061
0
VERTEX
10
98.7324
20
127.5657
0
VERTEX
10
94.3023
20
130.4544
0
VERTEX
10
90.3122
20
133.2363
0
VERTEX
10
86.9093
20
135.8785
0
VERTEX
10
84.2195
20
138.3510
0
VERTEX
10
82.3437
20
140.6276
0
VERTEX
10
81.3535
20
142.6861
0
VERTEX
10
81.2888
20
144.5082
0
VERTEX
10
82.1564
20
146.0801
0
VERTEX
10
83.9297
20
147.3924
0
VERTEX
10
86.5493
20
148.4394
0
VERTEX
10
89.9253
20
149.2198
0
VERTEX
10
93.9405
20
149.7356
0
VERTEX
10
98.4543
20
149.9919
0
VERTEX
10
103.3076
20
149.9970
0
VERTEX
10
108.3288
20
149.7611
0
VERTEX
10
113.3393
20
149.2964
0
VERTEX
10
118.1605
20
148.6164
0
VERTEX
10
122.6196
20
147.7355
0
VERTEX
10
126.5558
20
146.6686
0
VERTEX
10
129.8266
20
145.4306
0
VERTEX
10
132.3120
20
144.0364
0
VERTEX
10
133.9197
20
142.5002
0
VERTEX
10
134.5879
20
140.8359
0
VERTEX
10
134.2877
20
139.0566
0
VERTEX
10
133.0243
20
137.1747
0
VERTEX
10
130.8368
20
135.2021
0
VERTEX
10
127.7971
20
133.1501
0
VERTEX
10
124.0070
20
131.0298
0
VERTEX
10
119.5953
20
128.8519
0
VERTEX
10
114.7126
20
126.6275
0
VERTEX
10
109.5268
20
124.3679
0
VERTEX
10
104.2167
20
122.0849
0
VERTEX
10
98.9656
20
119.7912
0
VERTEX
10
93.9556
20
117.5002
0
VERTEX
10
89.3601
20
115.2265
0
VERTEX
10
85.3388
20
112.9857
0
VERTEX
10
82.0310
20
110.7945
0
VERTEX
10
79.5515
20
108.6706
0
VERTEX
10
77.9860
20
106.6327
0
VERTEX
10
77.3881
20
104.7000
0
VERTEX
10
77.7778
20
102.8924
0
VERTEX
10
79.1400
20
101.2296
0
VERTEX
10
81.4257
20
99.7312
0
VERTEX
10
84.5533
20
98.4163
0
VERTEX
10
88.4113
20
97.3028
0
VERTEX
10
92.8628
20
96.4071
0
VERTEX
10
97.7498
20
95.7439
0
VERTEX
10
102.8986
20
95.3255
0
VERTEX
10
108.1267
20
95.1617
0
VERTEX
10
113.2483
20
95.2595
0
VERTEX
10
118.0816
20
95.6224
0
VERTEX
10
122.4548
20
96.2511
0
VERTEX
10
126.2124
20
97.1426
0
VERTEX
10
129.2206
20
98.2904
0
VERTEX
10
131.3720
20
99.6848
0
VERTEX
10
132.5897
20
101.3128
0
VERTEX
10
132.8298
20
103.1583
0
VERTEX
10
132.0829
20
105.2026
0
VERTEX
10
130.3748
20
107.4243
0
VERTEX
10
127.7654
20
109.8000
0
VERTEX
10
124.3466
20
112.3046
0
VERTEX
10
120.2392
20
114.9119
0
VERTEX
10
115.5885
20
117.5945
0
VERTEX
10
110.5593
20
120.3250
0
VERTEX
10
105.3299
20
123.0756
0
VERTEX
10
100.0859
20
125.8191
0
VERTEX
10
95.0139
20
128.5292
0
VERTEX
10
90.2944
20
131.1801
0
VERTEX
10
86.0954
20
133.7480
0
VERTEX
10
82.5670
20
136.2100
0
VERTEX
10
79.8353
20
138.5452
0
VERTEX
10
77.9985
20
140.7344
0
VERTEX
10
77.1230
20
142.7604
0
VERTEX
10
77.2411
20
144.6076
0
VERTEX
10
78.3499
20
146.2624
0
VERTEX
10
80.4111
20
147.7131
0
VERTEX
10
83.3528
20
148.9495
0
VERTEX
10
87.0712
20
149.9635
0
VERTEX
10
91.4352
20
150.7481
0
VERTEX
10
96.2903
20
151.2983
0
VERTEX
10
101.4641
20
151.6102
0
VERTEX
10
106.7730
20
151.6816
0
VERTEX
10
112.0279
20
151.5116
0
VERTEX
10
117.0415
20
151.1008
0
VERTEX
10
121.6348
20
150.4511
0
VERTEX
10
125.6431
20
149.5661
0
VERTEX
10
128.9226
20
148.4507
0
VERTEX
10
131.3549
20
147.1118
0
VERTEX
10
132.8516
20
145.5578
0
VERTEX
10
133.3574
20
143.7990
0
VERTEX
10
132.8522
20
141.8475
0
VERTEX
10
131.3516
20
139.7175
0
VERTEX
10
128.9068
20
137.4252
0
VERTEX
10
125.6028
20
134.9888
0
VERTEX
10
121.5551
20
132.4285
0
VERTEX
10
116.9061
20
129.7664
0
VERTEX
10
111.8198
20
127.0263
0
VERTEX
10
106.4760
20
124.2335
0
VERTEX
10
101.0643
20
121.4149
0
VERTEX
10
95.7771
20
118.5982
0
VERTEX
10
90.8028
20
115.8118
0
VERTEX
10
86.3190
20
113.0846
0
VERTEX
10
82.4864
20
110.4452
0
VERTEX
10
79.4432
20
107.9217
0
VERTEX
10
77.2994
20
105.5412
0
VERTEX
10
76.1338
20
103.3293
0
VERTEX
10
75.9904
20
101.3100
0
VERTEX
10
76.8769
20
99.5046
0
VERTEX
10
78.7648
20
97.9320
0
VERTEX
10
81.5896
20
96.6082
0
VERTEX
10
85.2536
20
95.5457
0
VERTEX
10
89.6289
20
94.7538
0
VERTEX
10
94.5620
20
94.2382
0
VERTEX
10
99.8793
20
94.0012
0
VERTEX
10
105.3928
20
94.0415
0
VERTEX
10
110.9072
20
94.3543
0
VERTEX
10
116.2264
20
94.9320
0
VERTEX
10
121.1607
20
95.7636
0
VERTEX
10
125.5333
20
96.8360
0
VERTEX
10
129.1869
20
98.1336
0
VERTEX
10
131.9889
20
99.6392
0
VERTEX
10
133.8364
20
101.3340
0
VERTEX
10
134.6598
20
103.1984
0
VERTEX
10
134.4255
20
105.2121
0
VERTEX
10
133.1369
20
107.3548
0
VERTEX
10
130.8345
20
109.6062
0
VERTEX
10
127.5946
20
111.9466
0
VERTEX
10
123.5267
20
114.3568
0
VERTEX
10
118.7694
20
116.8185
0
VERTEX
10
113.4859
20
119.3147
0
VERTEX
10
107.8581
20
121.8288
0
VERTEX
10
102.0805
20
124.3457
0
VERTEX
10
96.3530
20
126.8509
0
VERTEX
10
90.8738
20
129.3307
0
VERTEX
10
85.8329
20
131.7719
0
VERTEX
10
81.4051
20
134.1616
0
VERTEX
10
77.7436
20
136.4870
0
VERTEX
10
74.9750
20
138.7353
0
VERTEX
10
73.1944
20
140.8932
0
VERTEX
10
72.4624
20
142.9469
0
VERTEX
10
72.8026
20
144.8820
0
VERTEX
10
74.2008
20
146.6833
0
VERTEX
10
76.6057
20
148.3350
0
VERTEX
10
79.9304
20
149.8203
0
VERTEX
10
84.0557
20
151.1224
0
VERTEX
10
88.8340
20
152.2236
0
VERTEX
10
94.0949
20
153.1068
0
VERTEX
10
99.6507
20
153.7548
0
VERTEX
10
105.3036
20
154.1516
0
VERTEX
10
110.8525
20
154.2823
0
VERTEX
10
116.0999
20
154.1340
0
VERTEX
10
120.8594
20
153.6961
0
VERTEX
10
124.9617
20
152.9608
0
VERTEX
10
128.2614
20
151.9238
0
VERTEX
10
130.6416
20
150.5848
0
VERTEX
10
132.0184
20
148.9475
0
VERTEX
10
132.3437
20
147.0203
0
VERTEX
10
131.6072
20
144.8163
0
VERTEX
10
129.8367
20
142.3534
0
VERTEX
10
127.0971
20
139.6543
0
VERTEX
10
123.4883
20
136.7463
0
VERTEX
10
119.1414
20
133.6609
0
VERTEX
10
114.2146
20
130.4337
0
VERTEX
10
108.8869
20
127.1033
0
VERTEX
10
103.3524
20
123.7111
0
VERTEX
10
97.8128
20
120.3003
0
VERTEX
10
92.4707
20
116.9150
0
VERTEX
10
87.5222
20
113.5997
0
VERTEX
10
83.1497
20
110.3977
0
VERTEX
10
79.5155
20
107.3511
0
VERTEX
10
76.7560
20
104.4990
0
VERTEX
10
74.9765
20
101.8773
0
VERTEX
10
74.2477
20
99.5179
0
VERTEX
10
74.6026
20
97.4476
0
VERTEX
10
76.0357
20
95.6882
0
VERTEX
10
78.5026
20
94.2557
0
VERTEX
10
81.9219
20
93.1604
0
VERTEX
10
86.1774
20
92.4066
0
VERTEX
10
91.1226
20
91.9929
0
VERTEX
10
96.5855
20
91.9122
0
VERTEX
10
102.3747
20
92.1526
0
VERTEX
10
108.2863
20
92.6974
0
VERTEX
10
114.1105
20
93.5262
0
VERTEX
10
119.6398
20
94.6153
0
VERTEX
10
124.6757
20
95.9386
0
VERTEX
10
129.0360
20
97.4689
0
VERTEX
10
132.5613
20
99.1780
0
VERTEX
10
135.1209
20
101.0380
0
VERTEX
10
136.6169
20
103.0219
0
VERTEX
10
136.9884
20
105.1045
0
VERTEX
10
136.2137
20
107.2627
0
VERTEX
10
134.3105
20
109.4759
0
VERTEX
10
131.3365
20
111.7268
0
VERTEX
10
127.3865
20
114.0009
0
VERTEX
10
122.5897
20
116.2871
0
VERTEX
10
117.1051
20
118.5769
0
VERTEX
10
111.1160
20
120.8648
0
VERTEX
10
104.8238
20
123.1474
0
VERTEX
10
98.4407
20
125.4229
0
VERTEX
10
92.1824
20
127.6908
0
VERTEX
10
86.2605
20
129.9508
0
VERTEX
10
80.8753
20
132.2023
0
VERTEX
10
76.2084
20
134.4437
0
VERTEX
10
72.4167
20
136.6716
0
VERTEX
10
69.6264
20
138.8805
0
VERTEX
10
67.9292
20
141.0617
0
VERTEX
10
67.3785
20
143.2037
0
VERTEX
10
67.9876
20
145.2911
0
VERTEX
10
69.7295
20
147.3053
0
VERTEX
10
72.5376
20
149.2242
0
VERTEX
10
76.3082
20
151.0223
0
VERTEX
10
80.9041
20
152.6717
0
VERTEX
10
86.1594
20
154.1422
0
VERTEX
10
91.8855
20
155.4022
0
VERTEX
10
97.8775
20
156.4197
0
VERTEX
10
103.9220
20
157.1634
0
VERTEX
10
109.8042
20
157.6033
0
VERTEX
10
115.3155
20
157.7122
0
VERTEX
10
120.2615
20
157.4666
0
VERTEX
10
124.4681
20
156.8477
0
VERTEX
10
127.7884
20
155.8424
0
VERTEX
10
130.1075
20
154.4442
0
VERTEX
10
131.3470
20
152.6536
0
VERTEX
10
131.4672
20
150.4788
0
VERTEX
10
130.4693
20
147.9358
0
VERTEX
10
128.3949
20
145.0487
0
VERTEX
10
125.3244
20
141.8490
0
VERTEX
10
121.3748
20
138.3758
0
VERTEX
10
116.6948
20
134.6746
0
VERTEX
10
111.4600
20
130.7966
0
VERTEX
10
105.8664
20
126.7978
0
VERTEX
10
100.1234
20
122.7375
0
VERTEX
10
94.4466
20
118.6771
0
VERTEX
10
89.0496
20
114.6787
0
VERTEX
10
84.1364
20
110.8036
0
VERTEX
10
79.8944
20
107.1105
0
VERTEX
10
76.4872
20
103.6546
0
VERTEX
10
74.0488
20
100.4861
0
VERTEX
10
72.6785
20
97.6488
0
VERTEX
10
72.4377
20
95.1792
0
VERTEX
10
73.3468
20
93.1061
0
VERTEX
10
75.3848
20
91.4495
0
VERTEX
10
78.4897
20
90.2204
0
VERTEX
10
82.5607
20
89.4212
0
VERTEX
10
87.4611
20
89.0456
0
VERTEX
10
93.0237
20
89.0789
0
VERTEX
10
99.0560
20
89.4992
0
VERTEX
10
105.3473
20
90.2781
0
VERTEX
10
111.6760
20
91.3816
0
VERTEX
10
117.8171
20
92.7719
0
VERTEX
10
123.5507
20
94.4082
0
VERTEX
10
128.6694
20
96.2485
0
VERTEX
10
132.9857
20
98.2507
0
VERTEX
10
136.3389
20
100.3742
0
VERTEX
10
138.6009
20
102.5808
0
VERTEX
10
139.6805
20
104.8364
0
VERTEX
10
139.5272
20
107.1110
0
VERTEX
10
138.1329
20
109.3804
0
VERTEX
10
135.5323
20
111.6258
0
VERTEX
10
131.8022
20
113.8346
0
VERTEX
10
127.0584
20
115.9999
0
VERTEX
10
121.4523
20
118.1205
0
VERTEX
10
115.1656
20
120.2003
0
VERTEX
10
108.4039
20
122.2473
0
VERTEX
10
101.3895
20
124.2728
0
VERTEX
10
94.3541
20
126.2903
0
VERTEX
10
87.5303
20
128.3142
0
VERTEX
10
81.1438
20
130.3584
0
VERTEX
10
75.4054
20
132.4355
0
VERTEX
10
70.5036
20
134.5550
0
VERTEX
10
66.5983
20
136.7226
0
VERTEX
10
63.8145
20
138.9388
0
VERTEX
10
62.2389
20
141.1986
0
VERTEX
10
61.9162
20
143.4907
0
VERTEX
10
62.8476
20
145.7971
0
VERTEX
10
64.9911
20
148.0933
0
VERTEX
10
68.2628
20
150.3485
0
VERTEX
10
72.5400
20
152.5262
0
VERTEX
10
77.6652
20
154.5848
0
VERTEX
10
83.4524
20
156.4790
0
VERTEX
10
89.6930
20
158.1610
0
VERTEX
10
96.1634
20
159.5820
0
VERTEX
10
102.6333
20
160.6935
0
VERTEX
10
108.8735
20
161.4494
0
VERTEX
10
114.6640
20
161.8076
0
VERTEX
10
119.8021
20
161.7314
0
VERTEX
10
124.1094
20
161.1912
0
VERTEX
10
127.4383
20
160.1658
0
VERTEX
10
129.6772
20
158.6438
0
VERTEX
10
130.7542
20
156.6242
0
VERTEX
10
130.6400
20
154.1169
0
VERTEX
10
129.3489
20
151.1434
0
VERTEX
10
126.9383
20
147.7362
0
VERTEX
10
123.5062
20
143.9388
0
VERTEX
10
119.1883
20
139.8045
0
VERTEX
10
114.1527
20
135.3957
0
VERTEX
10
108.5942
20
130.7821
0
VERTEX
10
102.7270
20
126.0393
0
VERTEX
10
96.7769
20
121.2468
0
VERTEX
10
90.9736
20
116.4860
0
VERTEX
10
85.5420
20
111.8383
0
VERTEX
10
80.6942
20
107.3826
0
VERTEX
10
76.6217
20
103.1935
0
VERTEX
10
73.4884
20
99.3393
0
VERTEX
10
71.4246
20
95.8804
0
VERTEX
10
70.5221
20
92.8674
0
VERTEX
10
70.8308
20
90.3403
0
VERTEX
10
72.3566
20
88.3273
0
VERTEX
10
75.0609
20
86.8446
0
VERTEX
10
78.8617
20
85.8958
0
VERTEX
10
83.6366
20
85.4728
0
VERTEX
10
89.2267
20
85.5556
0
VERTEX
10
95.4419
20
86.1139
0
VERTEX
10
102.0678
20
87.1083
0
VERTEX
10
108.8732
20
88.4915
0
VERTEX
10
115.6179
20
90.2104
0
VERTEX
10
122.0614
20
92.2080
0
VERTEX
10
127.9715
20
94.4253
0
VERTEX
10
133.1321
20
96.8032
0
VERTEX
10
137.3517
20
99.2850
0
VERTEX
10
140.4693
20
101.8176
0
VERTEX
10
142.3611
20
104.3534
0
VERTEX
10
142.9447
20
106.8520
0
VERTEX
10
142.1819
20
109.2806
0
VERTEX
10
140.0810
20
111.6156
0
VERTEX
10
136.6958
20
113.8422
0
VERTEX
10
132.1247
20
115.9550
0
VERTEX
10
126.5071
20
117.9571
0
VERTEX
10
120.0187
20
119.8600
0
VERTEX
10
112.8658
20
121.6818
0
VERTEX
10
105.2776
20
123.4466
0
VERTEX
10
97.4992
20
125.1824
0
VERTEX
10
89.7823
20
126.9193
0
VERTEX
10
82.3771
20
128.6881
0
VERTEX
10
75.5232
20
130.5179
0
VERTEX
10
69.4416
20
132.4344
0
VERTEX
10
64.3269
20
134.4581
0
VERTEX
10
60.3405
20
136.6029
0
VERTEX
10
57.6049
20
138.8746
0
VERTEX
10
56.2000
20
141.2700
0
VERTEX
10
56.1596
20
143.7761
0
VERTEX
10
57.4708
20
146.3698
0
VERTEX
10
60.0744
20
149.0185
0
VERTEX
10
63.8670
20
151.6799
0
VERTEX
10
68.7047
20
154.3037
0
VERTEX
10
74.4083
20
156.8323
0
VERTEX
10
80.7696
20
159.2028
0
VERTEX
10
87.5590
20
161.3489
0
VERTEX
10
94.5333
20
163.2027
0
VERTEX
10
101.4448
20
164.6977
0
VERTEX
10
108.0496
20
165.7705
0
VERTEX
10
114.1168
20
166.3634
0
VERTEX
10
119.4361
20
166.4266
0
VERTEX
10
123.8259
20
165.9202
0
VERTEX
10
127.1391
20
164.8161
0
VERTEX
10
129.2690
20
163.0994
0
VERTEX
10
130.1522
20
160.7696
0
VERTEX
10
129.7718
20
157.8408
0
VERTEX
10
128.1571
20
154.3424
0
VERTEX
10
125.3830
20
150.3186
0
VERTEX
10
121.5673
20
145.8273
0
VERTEX
10
116.8659
20
140.9394
0
VERTEX
10
111.4677
20
135.7369
0
VERTEX
10
105.5876
20
130.3108
0
VERTEX
10
99.4587
20
124.7585
0
VERTEX
10
93.3235
20
119.1819
0
VERTEX
10
87.4258
20
113.6839
0
VERTEX
10
82.0011
20
108.3662
0
VERTEX
10
77.2686
20
103.3260
0
VERTEX
10
73.4225
20
98.6537
0
VERTEX
10
70.6255
20
94.4303
0
VERTEX
10
69.0023
20
90.7250
0
VERTEX
10
68.6348
20
87.5940
0
VERTEX
10
69.5595
20
85.0784
0
VERTEX
10
71.7650
20
83.2039
0
VERTEX
10
75.1931
20
81.9799
0
VERTEX
10
79.7397
20
81.3999
0
VERTEX
10
85.2589
20
81.4420
0
VERTEX
10
91.5675
20
82.0701
0
VERTEX
10
98.4517
20
83.2353
0
VERTEX
10
105.6741
20
84.8778
0
VERTEX
10
112.9823
20
86.9295
0
VERTEX
10
120.1177
20
89.3160
0
VERTEX
10
126.8246
20
91.9598
0
VERTEX
10
132.8593
20
94.7826
0
VERTEX
10
137.9985
20
97.7081
0
VERTEX
10
142.0480
20
100.6647
0
VERTEX
10
144.8489
20
103.5876
0
VERTEX
10
146.2839
20
106.4209
0
VERTEX
10
146.2816
20
109.1196
0
VERTEX
10
144.8190
20
111.6501
0
VERTEX
10
141.9230
20
113.9915
0
VERTEX
10
137.6692
20
116.1358
0
VERTEX
10
132.1799
20
118.0873
0
VERTEX
10
125.6202
20
119.8619
0
VERTEX
10
118.1918
20
121.4863
0
VERTEX
10
110.1269
20
122.9958
0
VERTEX
10
101.6797
20
124.4325
0
VERTEX
10
93.1182
20
125.8428
0
VERTEX
10
84.7145
20
127.2755
0
VERTEX
10
76.7357
20
128.7783
0
VERTEX
10
69.4348
20
130.3960
0
VERTEX
10
63.0417
20
132.1676
0
VERTEX
10
57.7553
20
134.1241
0
VERTEX
10
53.7369
20
136.2866
0
VERTEX
10
51.1044
20
138.6644
0
VERTEX
10
49.9283
20
141.2543
0
VERTEX
10
50.2296
20
144.0393
0
VERTEX
10
51.9789
20
146.9889
0
VERTEX
10
55.0975
20
150.0593
0
VERTEX
10
59.4607
20
153.1943
0
VERTEX
10
64.9017
20
156.3268
0
VERTEX
10
71.2180
20
159.3806
0
VERTEX
10
78.1785
20
162.2728
0
VERTEX
10
85.5319
20
164.9166
0
VERTEX
10
93.0153
20
167.2236
0
VERTEX
10
100.3637
20
169.1079
0
VERTEX
10
107.3196
20
170.4879
0
VERTEX
10
113.6418
20
171.2905
0
VERTEX
10
119.1144
20
171.4532
0
VERTEX
10
123.5537
20
170.9268
0
VERTEX
10
126.8157
20
169.6778
0
VERTEX
10
128.8001
20
167.6897
0
VERTEX
10
129.4547
20
164.9648
0
VERTEX
10
128.7765
20
161.5242
0
VERTEX
10
126.8122
20
157.4081
0
VERTEX
10
123.6561
20
152.6751
0
VERTEX
10
119.4468
20
147.4010
0
VERTEX
10
114.3620
20
141.6772
0
VERTEX
10
108.6121
20
135.6078
0
VERTEX
10
102.4324
20
129.3076
0
VERTEX
10
96.0746
20
122.8982
0
VERTEX
10
89.7978
20
116.5052
0
VERTEX
10
83.8585
20
110.2544
0
VERTEX
10
78.5018
20
104.2681
0
VERTEX
10
73.9518
20
98.6622
0
VERTEX
10
70.4037
20
93.5419
0
VERTEX
10
68.0165
20
88.9999
0
VERTEX
10
66.9068
20
85.1129
0
VERTEX
10
67.1444
20
81.9401
0
VERTEX
10
68.7496
20
79.5216
0
VERTEX
10
71.6917
20
77.8774
0
VERTEX
10
75.8903
20
77.0075
0
VERTEX
10
81.2177
20
76.8919
0
VERTEX
10
87.5027
20
77.4922
0
VERTEX
10
94.5371
20
78.7528
0
VERTEX
10
102.0823
20
80.6035
0
VERTEX
10
109.8781
20
82.9621
0
VERTEX
10
117.6512
20
85.7373
0
VERTEX
10
125.1254
20
88.8320
0
VERTEX
10
132.0312
20
92.1471
0
VERTEX
10
138.1150
20
95.5845
0
VERTEX
10
143.1486
20
99.0507
0
VERTEX
10
146.9374
20
102.4600
0
VERTEX
10
149.3272
20
105.7370
0
VERTEX
10
150.2100
20
108.8193
0
VERTEX
10
149.5281
20
111.6592
0
VERTEX
10
147.2765
20
114.2247
0
VERTEX
10
143.5031
20
116.5006
0
VERTEX
10
138.3079
20
118.4881
0
VERTEX
10
131.8389
20
120.2043
0
VERTEX
10
124.2884
20
121.6810
0
VERTEX
10
115.8853
20
122.9624
0
VERTEX
10
106.8884
20
124.1034
0
VERTEX
10
97.5770
20
125.1662
0
VERTEX
10
88.2417
20
126.2175
0
VERTEX
10
79.1740
20
127.3255
0
VERTEX
10
70.6569
20
128.5558
0
VERTEX
10
62.9548
20
129.9688
0
VERTEX
10
56.3044
20
131.6164
0
VERTEX
10
50.9070
20
133.5390
0
VERTEX
10
46.9210
20
135.7635
0
VERTEX
10
44.4572
20
138.3008
0
VERTEX
10
43.5744
20
141.1453
0
VERTEX
10
44.2782
20
144.2736
0
VERTEX
10
46.5203
20
147.6449
0
VERTEX
10
50.2010
20
151.2015
0
VERTEX
10
55.1722
20
154.8703
0
VERTEX
10
61.2435
20
158.5651
0
VERTEX
10
68.1882
20
162.1885
0
VERTEX
10
75.7521
20
165.6356
0
VERTEX
10
83.6624
20
168.7973
0
VERTEX
10
91.6372
20
171.5637
0
VERTEX
10
99.3955
20
173.8285
0
VERTEX
10
106.6676
20
175.4924
0
VERTEX
10
113.2042
20
176.4669
0
VERTEX
10
118.7855
20
176.6778
0
VERTEX
10
123.2286
20
176.0682
0
VERTEX
10
126.3944
20
174.6011
0
VERTEX
10
128.1920
20
172.2611
0
VERTEX
10
128.5823
20
169.0557
0
VERTEX
10
127.5785
20
165.0159
0
VERTEX
10
125.2464
20
160.1958
0
VERTEX
10
121.7011
20
154.6716
0
VERTEX
10
117.1032
20
148.5399
0
VERTEX
10
111.6525
20
141.9150
0
VERTEX
10
105.5810
20
134.9260
0
VERTEX
10
99.1441
20
127.7131
0
VERTEX
10
92.6113
20
120.4239
0
VERTEX
10
86.2563
20
113.2087
0
VERTEX
10
80.3470
20
106.2166
0
VERTEX
10
75.1353
20
99.5907
0
VERTEX
10
70.8484
20
93.4641
0
VERTEX
10
67.6794
20
87.9564
0
VERTEX
10
65.7809
20
83.1697
0
VERTEX
10
65.2586
20
79.1860
0
VERTEX
10
66.1674
20
76.0650
0
VERTEX
10
68.5089
20
73.8427
0
VERTEX
10
72.2311
20
72.5306
0
VERTEX
10
77.2297
20
72.1156
0
VERTEX
10
83.3516
20
72.5615
0
VERTEX
10
90.3999
20
73.8100
0
VERTEX
10
98.1407
20
75.7835
0
VERTEX
10
106.3112
20
78.3882
0
VERTEX
10
114.6287
20
81.5170
0
VERTEX
10
122.8009
20
85.0542
0
VERTEX
10
130.5355
20
88.8791
0
VERTEX
10
137.5513
20
92.8703
0
VERTEX
10
143.5878
20
96.9104
0
VERTEX
10
148.4145
20
100.8894
0
VERTEX
10
151.8395
20
104.7086
0
VERTEX
10
153.7164
20
108.2842
0
VERTEX
10
153.9496
20
111.5491
0
VERTEX
10
152.4980
20
114.4556
0
VERTEX
10
149.3771
20
116.9762
0
VERTEX
10
144.6586
20
119.1044
0
VERTEX
10
138.4681
20
120.8535
0
VERTEX
10
130.9812
20
122.2565
0
VERTEX
10
122.4180
20
123.3632
0
VERTEX
10
113.0351
20
124.2386
0
VERTEX
10
103.1175
20
124.9587
0
VERTEX
10
92.9688
20
125.6076
0
VERTEX
10
82.9008
20
126.2736
0
VERTEX
10
73.2227
20
127.0446
0
VERTEX
10
64.2309
20
128.0042
0
VERTEX
10
56.1989
20
129.2282
0
VERTEX
10
49.3674
20
130.7799
0
VERTEX
10
43.9370
20
132.7079
0
VERTEX
10
40.0604
20
135.0426
0
VERTEX
10
37.8384
20
137.7945
0
VERTEX
10
37.3155
20
140.9528
0
VERTEX
10
38.4794
20
144.4851
0
VERTEX
10
41.2614
20
148.3373
0
VERTEX
10
45.5386
20
152.4353
0
VERTEX
10
51.1392
20
156.6865
0
VERTEX
10
57.8480
20
160.9830
0
VERTEX
10
65.4148
20
165.2044
0
VERTEX
10
73.5628
20
169.2222
0
VERTEX
10
81.9987
20
172.9040
0
VERTEX
10
90.4233
20
176.1178
0
VERTEX
10
98.5419
20
178.7371
0
VERTEX
10
106.0748
20
180.6452
0
VERTEX
10
112.7673
20
181.7395
0
VERTEX
10
118.3984
20
181.9359
0
VERTEX
10
122.7890
20
181.1717
0
VERTEX
10
125.8077
20
179.4089
0
VERTEX
10
127.3754
20
176.6358
0
VERTEX
10
127.4682
20
172.8684
0
VERTEX
10
126.1178
20
168.1505
0
VERTEX
10
123.4102
20
162.5531
0
VERTEX
10
119.4825
20
156.1728
0
VERTEX
10
114.5174
20
149.1295
0
VERTEX
10
108.7368
20
141.5629
0
VERTEX
10
102.3934
20
133.6287
0
VERTEX
10
95.7613
20
125.4943
0
VERTEX
10
89.1259
20
117.3335
0
VERTEX
10
82.7735
20
109.3220
0
VERTEX
10
76.9804
20
101.6314
0
VERTEX
10
72.0027
20
94.4246
0
VERTEX
10
68.0670
20
87.8511
0
VERTEX
10
65.3617
20
82.0419
0
VERTEX
10
64.0295
20
77.1066
0
VERTEX
10
64.1625
20
73.1294
0
VERTEX
10
65.7979
20
70.1675
0
VERTEX
10
68.9165
20
68.2495
0
VERTEX
10
73.4430
20
67.3750
0
VERTEX
10
79.2478
20
67.5150
0
VERTEX
10
86.1521
20
68.6135
0
VERTEX
10
93.9329
20
70.5901
0
VERTEX
10
102.3315
20
73.3427
0
VERTEX
10
111.0619
20
76.7516
0
VERTEX
10
119.8211
20
80.6840
0
VERTEX
10
128.2994
20
84.9988
0
VERTEX
10
136.1917
20
89.5513
0
VERTEX
10
143.2081
20
94.1987
0
VERTEX
10
149.0845
20
98.8050
0
VERTEX
10
153.5917
20
103.2451
0
VERTEX
10
156.5439
20
107.4099
0
VERTEX
10
157.8059
20
111.2088
0
VERTEX
10
157.2977
20
114.5734
0
VERTEX
10
154.9977
20
117.4590
0
VERTEX
10
150.9442
20
119.8454
0
VERTEX
10
145.2343
20
121.7376
0
VERTEX
10
138.0209
20
123.1646
0
VERTEX
10
129.5076
20
124.1776
0
VERTEX
10
119.9423
20
124.8472
0
VERTEX
10
109.6086
20
125.2605
0
VERTEX
10
98.8166
20
125.5168
0
VERTEX
10
87.8921
20
125.7230
0
VERTEX
10
77.1656
20
125.9890
0
VERTEX
10
66.9615
20
126.4227
0
VERTEX
10
57.5864
20
127.1251
0
VERTEX
10
49.3193
20
128.1857
0
VERTEX
10
42.4017
20
129.6780
0
VERTEX
10
37.0300
20
131.6563
0
VERTEX
10
33.3483
20
134.1524
0
VERTEX
10
31.4439
20
137.1734
0
VERTEX
10
31.3450
20
140.7009
0
VERTEX
10
33.0191
20
144.6904
0
VERTEX
10
36.3753
20
149.0720
0
VERTEX
10
41.2672
20
153.7525
0
VERTEX
10
47.4984
20
158.6178
0
VERTEX
10
54.8299
20
163.5364
0
VERTEX
10
62.9884
20
168.3636
0
VERTEX
10
71.6763
20
172.9465
0
VERTEX
10
80.5821
20
177.1291
0
VERTEX
10
89.3918
20
180.7576
0
VERTEX
10
97.7997
20
183.6861
0
VERTEX
10
105.5195
20
185.7819
0
VERTEX
10
112.2943
20
186.9303
0
VERTEX
10
117.9054
20
187.0394
0
VERTEX
10
122.1802
20
186.0436
0
VERTEX
10
124.9981
20
183.9067
0
VERTEX
10
126.2944
20
180.6237
0
VERTEX
10
126.0626
20
176.2221
0
VERTEX
10
124.3541
20
170.7615
0
VERTEX
10
121.2762
20
164.3326
0
VERTEX
10
116.9880
20
157.0548
0
VERTEX
10
111.6943
20
149.0734
0
VERTEX
10
105.6377
20
140.5550
0
VERTEX
10
99.0902
20
131.6832
0
VERTEX
10
92.3421
20
122.6526
0
VERTEX
10
85.6923
20
113.6636
0
VERTEX
10
79.4361
20
104.9158
0
VERTEX
10
73.8551
20
96.6026
0
VERTEX
10
69.2060
20
88.9047
0
VERTEX
10
65.7114
20
81.9850
0
VERTEX
10
63.5510
20
75.9838
0
VERTEX
10
62.8550
20
71.0146
0
VERTEX
10
63.6986
20
67.1607
0
VERTEX
10
66.0990
20
64.4734
0
VERTEX
10
70.0144
20
62.9705
0
VERTEX
10
75.3447
20
62.6363
0
VERTEX
10
81.9351
20
63.4228
0
VERTEX
10
89.5805
20
65.2520
0
VERTEX
10
98.0334
20
68.0187
0
VERTEX
10
107.0114
20
71.5946
0
VERTEX
10
116.2076
20
75.8336
0
VERTEX
10
125.3015
20
80.5762
0
VERTEX
10
133.9694
20
85.6561
0
VERTEX
10
141.8969
20
90.9055
0
VERTEX
10
148.7895
20
96.1615
0
VERTEX
10
154.3830
20
101.2712
0
VERTEX
10
158.4536
20
106.0973
0
VERTEX
10
160.8257
20
110.5221
0
VERTEX
10
161.3784
20
114.4523
0
VERTEX
10
160.0504
20
117.8206
0
VERTEX
10
156.8420
20
120.5886
0
VERTEX
10
151.8165
20
122.7468
0
VERTEX
10
145.0974
20
124.3149
0
VERTEX
10
136.8652
20
125.3397
0
VERTEX
10
127.3514
20
125.8933
0
VERTEX
10
116.8306
20
126.0689
0
VERTEX
10
105.6118
20
125.9773
0
VERTEX
10
94.0275
20
125.7415
0
VERTEX
10
82.4230
20
125.4914
0
VERTEX
10
71.1445
20
125.3585
0
VERTEX
10
60.5272
20
125.4694
0
VERTEX
10
50.8844
20
125.9409
0
VERTEX
10
42.4966
20
126.8745
0
VERTEX
10
35.6023
20
128.3516
0
VERTEX
10
30.3899
20
130.4295
0
VERTEX
10
26.9915
20
133.1385
0
VERTEX
10
25.4786
20
136.4797
0
VERTEX
10
25.8601
20
140.4241
0
VERTEX
10
28.0822
20
144.9123
0
VERTEX
10
32.0308
20
149.8564
0
VERTEX
10
37.5356
20
155.1422
0
VERTEX
10
44.3765
20
160.6321
0
VERTEX
10
52.2918
20
166.1702
0
VERTEX
10
60.9871
20
171.5871
0
VERTEX
10
70.1465
20
176.7053
0
VERTEX
10
79.4433
20
181.3459
0
VERTEX
10
88.5522
20
185.3346
0
VERTEX
10
97.1602
20
188.5079
0
VERTEX
10
104.9781
20
190.7193
0
VERTEX
10
111.7504
20
191.8446
0
VERTEX
10
117.2644
20
191.7871
0
VERTEX
10
121.3573
20
190.4811
0
VERTEX
10
123.9222
20
187.8956
0
VERTEX
10
124.9109
20
184.0355
0
VERTEX
10
124.3360
20
178.9426
0
VERTEX
10
122.2696
20
172.6950
0
VERTEX
10
118.8406
20
165.4054
0
VERTEX
10
114.2298
20
157.2180
0
VERTEX
10
108.6623
20
148.3046
0
VERTEX
10
102.4002
20
138.8595
0
VERTEX
10
95.7315
20
129.0940
0
VERTEX
10
88.9602
20
119.2296
0
VERTEX
10
82.3946
20
109.4918
0
VERTEX
10
76.3359
20
100.1028
0
VERTEX
10
71.0665
20
91.2748
0
VERTEX
10
66.8400
20
83.2036
0
VERTEX
10
63.8711
20
76.0626
0
VERTEX
10
62.3274
20
69.9977
0
VERTEX
10
62.3230
20
65.1226
0
VERTEX
10
63.9141
20
61.5162
0
VERTEX
10
67.0958
20
59.2201
0
VERTEX
10
71.8023
20
58.2381
0
VERTEX
10
77.9086
20
58.5363
0
VERTEX
10
85.2344
20
60.0451
0
VERTEX
10
93.5502
20
62.6623
0
VERTEX
10
102.5851
20
66.2566
0
VERTEX
10
112.0360
20
70.6729
0
VERTEX
10
121.5785
20
75.7379
0
VERTEX
10
130.8776
20
81.2665
0
VERTEX
10
139.6005
20
87.0683
0
VERTEX
10
147.4272
20
92.9542
0
VERTEX
10
154.0630
20
98.7432
0
VERTEX
10
159.2485
20
104.2685
0
VERTEX
10
162.7691
20
109.3834
0
VERTEX
10
164.4631
20
113.9656
0
VERTEX
10
164.2273
20
117.9217
0
VERTEX
10
162.0215
20
121.1895
0
VERTEX
10
157.8705
20
123.7401
0
VERTEX
10
151.8630
20
125.5777
0
VERTEX
10
144.1497
20
126.7393
0
VERTEX
10
134.9382
20
127.2919
0
VERTEX
10
124.4864
20
127.3300
0
VERTEX
10
113.0938
20
126.9708
0
VERTEX
10
101.0916
20
126.3490
0
VERTEX
10
88.8319
20
125.6115
0
VERTEX
10
76.6753
20
124.9103
0
VERTEX
10
64.9791
20
124.3970
0
VERTEX
10
54.0856
20
124.2155
0
VERTEX
10
44.3098
20
124.4958
0
VERTEX
10
35.9297
20
125.3488
0
VERTEX
10
29.1763
20
126.8608
0
VERTEX
10
24.2267
20
129.0893
0
VERTEX
10
21.1976
20
132.0600
0
VERTEX
10
20.1421
20
135.7651
0
VERTEX
10
21.0484
20
140.1621
0
VERTEX
10
23.8401
20
145.1749
0
VERTEX
10
28.3799
20
150.6954
0
VERTEX
10
34.4742
20
156.5867
0
VERTEX
10
41.8807
20
162.6875
0
VERTEX
10
50.3170
20
168.8171
0
VERTEX
10
59.4708
20
174.7815
0
VERTEX
10
69.0111
20
180.3802
0
VERTEX
10
78.6000
20
185.4128
0
VERTEX
10
87.9047
20
189.6866
0
VERTEX
10
96.6093
20
193.0233
0
VERTEX
10
104.4259
20
195.2654
0
VERTEX
10
111.1044
20
196.2827
0
VERTEX
10
116.4417
20
195.9768
0
VERTEX
10
120.2881
20
194.2857
0
VERTEX
10
122.5527
20
191.1866
0
VERTEX
10
123.2059
20
186.6971
0
VERTEX
10
122.2805
20
180.8764
0
VERTEX
10
119.8697
20
173.8230
0
VERTEX
10
116.1234
20
165.6734
0
VERTEX
10
111.2425
20
156.5974
0
VERTEX
10
105.4709
20
146.7938
0
VERTEX
10
99.0867
20
136.4843
0
VERTEX
10
92.3912
20
125.9068
0
VERTEX
10
85.6979
20
115.3080
0
VERTEX
10
79.3208
20
104.9361
0
VERTEX
10
73.5621
20
95.0327
0
VERTEX
10
68.7013
20
85.8260
0
VERTEX
10
64.9843
20
77.5230
0
VERTEX
10
62.6140
20
70.3037
0
VERTEX
10
61.7429
20
64.3153
0
VERTEX
10
62.4662
20
59.6684
0
VERTEX
10
64.8187
20
56.4332
0
VERTEX
10
68.7722
20
54.6385
0
VERTEX
10
74.2365
20
54.2707
0
VERTEX
10
81.0619
20
55.2755
0
VERTEX
10
89.0441
20
57.5597
0
VERTEX
10
97.9311
20
60.9956
0
VERTEX
10
107.4315
20
65.4254
0
VERTEX
10
117.2250
20
70.6672
0
VERTEX
10
126.9734
20
76.5219
0
VERTEX
10
136.3324
20
82.7801
0
VERTEX
10
144.9639
20
89.2294
0
VERTEX
10
152.5479
20
95.6622
0
VERTEX
10
158.7940
20
101.8829
0
VERTEX
10
163.4518
20
107.7143
0
VERTEX
10
166.3203
20
113.0036
0
VERTEX
10
167.2548
20
117.6280
0
VERTEX
10
166.1732
20
121.4976
0
VERTEX
10
163.0585
20
124.5589
0
VERTEX
10
157.9605
20
126.7954
0
VERTEX
10
150.9944
20
128.2279
0
VERTEX
10
142.3372
20
128.9126
0
VERTEX
10
132.2222
20
128.9388
0
VERTEX
10
120.9313
20
128.4239
0
VERTEX
10
108.7858
20
127.5093
0
VERTEX
10
96.1356
20
126.3534
0
VERTEX
10
83.3476
20
125.1256
0
VERTEX
10
70.7934
20
123.9986
0
VERTEX
10
58.8367
20
123.1417
0
VERTEX
10
47.8214
20
122.7131
0
VERTEX
10
38.0599
20
122.8536
0
VERTEX
10
29.8227
20
123.6800
0
VERTEX
10
23.3297
20
125.2800
0
VERTEX
10
18.7427
20
127.7083
0
VERTEX
10
16.1606
20
130.9830
0
VERTEX
10
15.6160
20
135.0844
0
VERTEX
10
17.0752
20
139.9545
0
VERTEX
10
20.4390
20
145.4983
0
VERTEX
10
25.5476
20
151.5865
0
VERTEX
10
32.1856
20
158.0592
0
VERTEX
10
40.0910
20
164.7312
0
VERTEX
10
48.9636
20
171.3978
0
VERTEX
10
58.4769
20
177.8421
0
VERTEX
10
68.2890
20
183.8423
0
VERTEX
10
78.0551
20
189.1796
0
VERTEX
10
87.4398
20
193.6459
0
VERTEX
10
96.1286
20
197.0512
0
VERTEX
10
103.8392
20
199.2310
0
VERTEX
10
110.3312
20
200.0526
0
VERTEX
10
115.4145
20
199.4198
0
VERTEX
10
118.9552
20
197.2775
0
VERTEX
10
120.8808
20
193.6143
0
VERTEX
10
121.1816
20
188.4636
0
VERTEX
10
119.9109
20
181.9035
0
VERTEX
10
117.1825
20
174.0551
0
VERTEX
10
113.1661
20
165.0788
0
VERTEX
10
108.0807
20
155.1706
0
VERTEX
10
102.1859
20
144.5553
0
VERTEX
10
95.7724
20
133.4805
0
VERTEX
10
89.1509
20
122.2085
0
VERTEX
10
82.6401
20
111.0085
0
VERTEX
10
76.5547
20
100.1478
0
VERTEX
10
71.1939
20
89.8840
0
VERTEX
10
66.8294
20
80.4566
0
VERTEX
10
63.6957
20
72.0797
0
VERTEX
10
61.9803
20
64.9354
0
VERTEX
10
61.8172
20
59.1683
0
VERTEX
10
63.2807
20
54.8813
0
VERTEX
10
66.3827
20
52.1328
0
VERTEX
10
71.0712
20
50.9352
0
VERTEX
10
77.2320
20
51.2555
0
VERTEX
10
84.6919
20
53.0167
0
VERTEX
10
93.2249
20
56.1013
0
VERTEX
10
102.5592
20
60.3557
0
VERTEX
10
112.3869
20
65.5962
0
VERTEX
10
122.3746
20
71.6156
0
VERTEX
10
132.1752
20
78.1907
0
VERTEX
10
141.4400
20
85.0905
0
VERTEX
10
149.8307
20
92.0842
0
VERTEX
10
157.0322
20
98.9492
0
VERTEX
10
162.7633
20
105.4791
0
VERTEX
10
166.7870
20
111.4903
0
VERTEX
10
168.9196
20
116.8287
0
VERTEX
10
169.0367
20
121.3742
0
VERTEX
10
167.0792
20
125.0446
0
VERTEX
10
163.0547
20
127.7980
0
VERTEX
10
157.0387
20
129.6334
0
VERTEX
10
149.1718
20
130.5902
0
VERTEX
10
139.6561
20
130.7456
0
VERTEX
10
128.7480
20
130.2113
0
VERTEX
10
116.7503
20
129.1282
0
VERTEX
10
104.0019
20
127.6607
0
VERTEX
10
90.8667
20
125.9896
0
VERTEX
10
77.7218
20
124.3048
0
VERTEX
10
64.9442
20
122.7968
0
VERTEX
10
52.8987
20
121.6498
0
VERTEX
10
41.9259
20
121.0328
0
VERTEX
10
32.3304
20
121.0935
0
VERTEX
10
24.3710
20
121.9513
0
VERTEX
10
18.2524
20
123.6919
0
VERTEX
10
14.1184
20
126.3636
0
VERTEX
10
12.0474
20
129.9741
0
VERTEX
10
12.0506
20
134.4895
0
VERTEX
10
14.0717
20
139.8345
0
VERTEX
10
17.9895
20
145.8942
0
VERTEX
10
23.6230
20
152.5176
0
VERTEX
10
30.7377
20
159.5221
0
VERTEX
10
39.0547
20
166.6997
0
VERTEX
10
48.2602
20
173.8238
0
VERTEX
10
58.0175
20
180.6569
0
VERTEX
10
67.9787
20
186.9592
0
VERTEX
10
77.7969
20
192.4966
0
VERTEX
10
87.1389
20
197.0496
0
VERTEX
10
95.6962
20
200.4208
0
VERTEX
10
103.1968
20
202.4427
0
VERTEX
10
109.4134
20
202.9838
0
VERTEX
10
114.1721
20
201.9542
0
VERTEX
10
117.3574
20
199.3089
0
VERTEX
10
118.9166
20
195.0508
0
VERTEX
10
118.8604
20
189.2310
0
VERTEX
10
117.2624
20
181.9484
0
VERTEX
10
114.2560
20
173.3467
0
VERTEX
10
110.0284
20
163.6109
0
VERTEX
10
104.8139
20
152.9613
0
VERTEX
10
98.8843
20
141.6474
0
VERTEX
10
92.5390
20
129.9400
0
VERTEX
10
86.0933
20
118.1225
0
VERTEX
10
79.8665
20
106.4826
0
VERTEX
10
74.1695
20
95.3027
0
VERTEX
10
69.2937
20
84.8516
0
VERTEX
10
65.4989
20
75.3753
0
VERTEX
10
63.0040
20
67.0903
0
VERTEX
10
61.9785
20
60.1761
0
VERTEX
10
62.5351
20
54.7704
0
VERTEX
10
64.7258
20
50.9647
0
VERTEX
10
68.5388
20
48.8020
0
VERTEX
10
73.8988
20
48.2762
0
VERTEX
10
80.6686
20
49.3328
0
VERTEX
10
88.6541
20
51.8715
0
VERTEX
10
97.6100
20
55.7500
0
VERTEX
10
107.2489
20
60.7901
0
VERTEX
10
117.2507
20
66.7834
0
VERTEX
10
127.2739
20
73.5000
0
VERTEX
10
136.9674
20
80.6958
0
VERTEX
10
145.9833
20
88.1218
0
VERTEX
10
153.9889
20
95.5326
0
VERTEX
10
160.6784
20
102.6953
0
VERTEX
10
165.7847
20
109.3971
0
VERTEX
10
169.0881
20
115.4527
0
VERTEX
10
170.4252
20
120.7106
0
VERTEX
10
169.6948
20
125.0576
0
VERTEX
10
166.8617
20
128.4226
0
VERTEX
10
161.9589
20
130.7783
0
VERTEX
10
155.0869
20
132.1415
0
VERTEX
10
146.4105
20
132.5712
0
VERTEX
10
136.1540
20
132.1664
0
VERTEX
10
124.5937
20
131.0611
0
VERTEX
10
112.0489
20
129.4186
0
VERTEX
10
98.8718
20
127.4246
0
VERTEX
10
85.4351
20
125.2800
0
VERTEX
10
72.1203
20
123.1917
0
VERTEX
10
59.3045
20
121.3651
0
VERTEX
10
47.3482
20
119.9950
0
VERTEX
10
36.5832
20
119.2577
0
VERTEX
10
27.3018
20
119.3036
0
VERTEX
10
19.7471
20
120.2509
0
VERTEX
10
14.1052
20
122.1798
0
VERTEX
10
10.4993
20
125.1291
0
VERTEX
10
8.9860
20
129.0936
0
VERTEX
10
9.5541
20
134.0234
0
VERTEX
10
12.1256
20
139.8248
0
VERTEX
10
16.5585
20
146.3627
0
VERTEX
10
22.6531
20
153.4649
0
VERTEX
10
30.1587
20
160.9275
0
VERTEX
10
38.7834
20
168.5219
0
VERTEX
10
48.2043
20
176.0022
0
VERTEX
10
58.0793
20
183.1139
0
VERTEX
10
68.0593
20
189.6029
0
VERTEX
10
77.8005
20
195.2242
0
VERTEX
10
86.9764
20
199.7513
0
VERTEX
10
95.2897
20
202.9839
0
VERTEX
10
102.4820
20
204.7555
0
VERTEX
10
108.3429
20
204.9404
0
VERTEX
10
112.7171
20
203.4580
0
VERTEX
10
115.5095
20
200.2766
0
VERTEX
10
116.6877
20
195.4156
0
VERTEX
10
116.2830
20
188.9455
0
VERTEX
10
114.3883
20
180.9862
0
VERTEX
10
111.1543
20
171.7042
0
VERTEX
10
106.7832
20
161.3073
0
VERTEX
10
101.5212
20
150.0388
0
VERTEX
10
95.6482
20
138.1694
0
VERTEX
10
89.4677
20
125.9896
0
VERTEX
10
83.2952
20
113.8000
0
VERTEX
10
77.4455
20
101.9018
0
VERTEX
10
72.2215
20
90.5877
0
VERTEX
10
67.9019
20
80.1321
0
VERTEX
10
64.7311
20
70.7831
0
VERTEX
10
62.9093
20
62.7541
0
VERTEX
10
62.5847
20
56.2177
0
VERTEX
10
63.8478
20
51.3005
0
VERTEX
10
66.7270
20
48.0792
0
VERTEX
10
71.1874
20
46.5790
0
VERTEX
10
77.1312
20
46.7732
0
VERTEX
10
84.4006
20
48.5850
0
VERTEX
10
92.7831
20
51.8908
0
VERTEX
10
102.0185
20
56.5247
0
VERTEX
10
111.8077
20
62.2854
0
VERTEX
10
121.8233
20
68.9430
0
VERTEX
10
131.7209
20
76.2477
0
VERTEX
10
141.1510
20
83.9388
0
VERTEX
10
149.7716
20
91.7537
0
VERTEX
10
157.2606
20
99.4374
0
VERTEX
10
163.3265
20
106.7512
0
VERTEX
10
167.7199
20
113.4807
0
VERTEX
10
170.2421
20
119.4437
0
VERTEX
10
170.7526
20
124.4952
0
VERTEX
10
169.1745
20
128.5329
0
VERTEX
10
165.4976
20
131.4997
0
VERTEX
10
159.7797
20
133.3852
0
VERTEX
10
152.1447
20
134.2250
0
VERTEX
10
142.7792
20
134.0991
0
VERTEX
10
131.9264
20
133.1274
0
VERTEX
10
119.8784
20
131.4652
0
VERTEX
10
106.9666
20
129.2962
0
VERTEX
10
93.5507
20
126.8248
0
VERTEX
10
80.0069
20
124.2684
0
VERTEX
10
66.7155
20
121.8477
0
VERTEX
10
54.0482
20
119.7783
0
VERTEX
10
42.3557
20
118.2617
0
VERTEX
10
31.9565
20
117.4770
0
VERTEX
10
23.1260
20
117.5734
0
VERTEX
10
16.0880
20
118.6639
0
VERTEX
10
11.0075
20
120.8200
0
VERTEX
10
7.9853
20
124.0686
0
VERTEX
10
7.0556
20
128.3894
0
VERTEX
10
8.1851
20
133.7154
0
VERTEX
10
11.2750
20
139.9341
0
VERTEX
10
16.1650
20
146.8909
0
VERTEX
10
22.6396
20
154.3939
0
VERTEX
10
30.4357
20
162.2202
0
VERTEX
10
39.2527
20
170.1234
0
VERTEX
10
48.7632
20
177.8421
0
VERTEX
10
58.6249
20
185.1089
0
VERTEX
10
68.4924
20
191.6599
0
VERTEX
10
78.0298
20
197.2441
0
VERTEX
10
86.9223
20
201.6324
0
VERTEX
10
94.8874
20
204.6264
0
VERTEX
10
101.6842
20
206.0650
0
VERTEX
10
107.1218
20
205.8318
0
VERTEX
10
111.0655
20
203.8587
0
VERTEX
10
113.4415
20
200.1299
0
VERTEX
10
114.2380
20
194.6828
0
VERTEX
10
113.5059
20
187.6078
0
VERTEX
10
111.3556
20
179.0458
0
VERTEX
10
107.9527
20
169.1845
0
VERTEX
10
103.5112
20
158.2525
0
VERTEX
10
98.2849
20
146.5128
0
VERTEX
10
92.5579
20
134.2540
0
VERTEX
10
86.6333
20
121.7817
0
VERTEX
10
80.8216
20
109.4084
0
VERTEX
10
75.4290
20
97.4440
0
VERTEX
10
70.7457
20
86.1857
0
VERTEX
10
67.0342
20
75.9087
0
VERTEX
10
64.5198
20
66.8573
0
VERTEX
10
63.3815
20
59.2375
0
VERTEX
10
63.7448
20
53.2106
0
VERTEX
10
65.6766
20
48.8886
0
VERTEX
10
69.1821
20
46.3305
0
VERTEX
10
74.2043
20
45.5418
0
VERTEX
10
80.6247
20
46.4745
0
VERTEX
10
88.2678
20
49.0296
0
VERTEX
10
96.9064
20
53.0610
0
VERTEX
10
106.2694
20
58.3814
0
VERTEX
10
116.0511
20
64.7691
0
VERTEX
10
125.9216
20
71.9761
0
VERTEX
10
135.5390
20
79.7374
0
VERTEX
10
144.5606
20
87.7800
0
VERTEX
10
152.6555
20
95.8328
0
VERTEX
10
159.5163
20
103.6360
0
VERTEX
10
164.8705
20
110.9504
0
VERTEX
10
168.4896
20
117.5651
0
VERTEX
10
170.1984
20
123.3047
0
VERTEX
10
169.8810
20
128.0352
0
VERTEX
10
167.4855
20
131.6681
0
VERTEX
10
163.0264
20
134.1626
0
VERTEX
10
156.5848
20
135.5268
0
VERTEX
10
148.3059
20
135.8159
0
VERTEX
10
138.3948
20
135.1299
0
VERTEX
10
127.1097
20
133.6092
0
VERTEX
10
114.7539
20
131.4278
0
VERTEX
10
101.6655
20
128.7870
0
VERTEX
10
88.2066
20
125.9068
0
VERTEX
10
74.7513
20
123.0168
0
VERTEX
10
61.6731
20
120.3472
0
VERTEX
10
49.3328
20
118.1194
0
VERTEX
10
38.0666
20
116.5371
0
VERTEX
10
28.1753
20
115.7779
0
VERTEX
10
19.9140
20
115.9857
0
VERTEX
10
13.4843
20
117.2649
0
VERTEX
10
9.0281
20
119.6756
0
VERTEX
10
6.6232
20
123.2304
0
VERTEX
10
6.2811
20
127.8928
0
VERTEX
10
7.9478
20
133.5784
0
VERTEX
10
11.5057
20
140.1564
0
VERTEX
10
16.7788
20
147.4542
0
VERTEX
10
23.5394
20
155.2622
0
VERTEX
10
31.5161
20
163.3418
0
VERTEX
10
40.4044
20
171.4327
0
VERTEX
10
49.8770
20
179.2620
0
VERTEX
10
59.5963
20
186.5542
0
VERTEX
10
69.2255
20
193.0405
0
VERTEX
10
78.4413
20
198.4687
0
VERTEX
10
86.9445
20
202.6122
0
VERTEX
10
94.4710
20
205.2783
0
VERTEX
10
100.8001
20
206.3159
0
VERTEX
10
105.7626
20
205.6207
0
VERTEX
10
109.2457
20
203.1402
0
VERTEX
10
111.1968
20
198.8757
0
VERTEX
10
111.6242
20
192.8837
0
VERTEX
10
110.5969
20
185.2740
0
VERTEX
10
108.2405
20
176.2073
0
VERTEX
10
104.7324
20
165.8906
0
VERTEX
10
100.2946
20
154.5702
0
VERTEX
10
95.1848
20
142.5249
0
VERTEX
10
89.6866
20
130.0566
0
VERTEX
10
84.0981
20
117.4809
0
VERTEX
10
78.7210
20
105.1173
0
VERTEX
10
73.8483
20
93.2786
0
VERTEX
10
69.7535
20
82.2611
0
VERTEX
10
66.6801
20
72.3351
0
VERTEX
10
64.8316
20
63.7367
0
VERTEX
10
64.3638
20
56.6599
0
VERTEX
10
65.3787
20
51.2510
0
VERTEX
10
67.9196
20
47.6044
0
VERTEX
10
71.9696
20
45.7599
0
VERTEX
10
77.4509
20
45.7020
0
VERTEX
10
84.2274
20
47.3615
0
VERTEX
10
92.1091
20
50.6180
0
VERTEX
10
100.8581
20
55.3052
0
VERTEX
10
110.1969
20
61.2171
0
VERTEX
10
119.8180
20
68.1152
0
VERTEX
10
129.3945
20
75.7379
0
VERTEX
10
138.5914
20
83.8094
0
VERTEX
10
147.0779
20
92.0496
0
VERTEX
10
154.5387
20
100.1841
0
VERTEX
10
160.6856
20
107.9537
0
VERTEX
10
165.2675
20
115.1234
0
VERTEX
10
168.0800
20
121.4901
0
VERTEX
10
168.9729
20
126.8897
0
VERTEX
10
167.8555
20
131.2021
0
VERTEX
10
164.7009
20
134.3550
0
VERTEX
10
159.5470
20
136.3258
0
VERTEX
10
152.4960
20
137.1414
0
VERTEX
10
143.7116
20
136.8766
0
VERTEX
10
133.4134
20
135.6505
0
VERTEX
10
121.8703
20
133.6210
0
VERTEX
10
109.3919
20
130.9788
0
VERTEX
10
96.3180
20
127.9392
0
VERTEX
10
83.0076
20
124.7332
0
VERTEX
10
69.8270
20
121.5988
0
VERTEX
10
57.1383
20
118.7708
0
VERTEX
10
45.2864
20
116.4720
0
VERTEX
10
34.5890
20
114.9037
0
VERTEX
10
25.3253
20
114.2378
0
VERTEX
10
17.7274
20
114.6096
0
VERTEX
10
11.9731
20
116.1118
0
VERTEX
10
8.1800
20
118.7906
0
VERTEX
10
6.4027
20
122.6431
0
VERTEX
10
6.6313
20
127.6163
0
VERTEX
10
8.7923
20
133.6085
0
VERTEX
10
12.7524
20
140.4721
0
VERTEX
10
18.3230
20
148.0184
0
VERTEX
10
25.2679
20
156.0238
0
VERTEX
10
33.3121
20
164.2371
0
VERTEX
10
42.1513
20
172.3884
0
VERTEX
10
51.4634
20
180.1982
0
VERTEX
10
60.9198
20
187.3876
0
VERTEX
10
70.1968
20
193.6878
0
VERTEX
10
78.9875
20
198.8504
0
VERTEX
10
87.0120
20
202.6555
0
VERTEX
10
94.0271
20
204.9207
0
VERTEX
10
99.8346
20
205.5076
0
VERTEX
10
104.2881
20
204.3273
0
VERTEX
10
107.2968
20
201.3443
0
VERTEX
10
108.8290
20
196.5782
0
VERTEX
10
108.9121
20
190.1040
0
VERTEX
10
107.6305
20
182.0504
0
VERTEX
10
105.1225
20
172.5958
0
VERTEX
10
101.5741
20
161.9632
0
VERTEX
10
97.2114
20
150.4131
0
VERTEX
10
92.2919
20
138.2358
0
VERTEX
10
87.0946
20
125.7415
0
VERTEX
10
81.9085
20
113.2507
0
VERTEX
10
77.0222
20
101.0841
0
VERTEX
10
72.7123
20
89.5521
0
VERTEX
10
69.2327
20
78.9448
0
VERTEX
10
66.8049
20
69.5229
0
VERTEX
10
65.6091
20
61.5096
0
VERTEX
10
65.7773
20
55.0833
0
VERTEX
10
67.3875
20
50.3725
0
VERTEX
10
70.4606
20
47.4520
0
VERTEX
10
74.9586
20
46.3411
0
VERTEX
10
80.7860
20
47.0036
0
VERTEX
10
87.7919
20
49.3496
0
VERTEX
10
95.7754
20
53.2396
0
VERTEX
10
104.4924
20
58.4897
0
VERTEX
10
113.6634
20
64.8785
0
VERTEX
10
122.9839
20
72.1553
0
VERTEX
10
132.1343
20
80.0492
0
VERTEX
10
140.7917
20
88.2788
0
VERTEX
10
148.6412
20
96.5621
0
VERTEX
10
155.3867
20
104.6265
0
VERTEX
10
160.7622
20
112.2182
0
VERTEX
10
164.5409
20
119.1109
0
VERTEX
10
166.5439
20
125.1135
0
VERTEX
10
166.6466
20
130.0762
0
VERTEX
10
164.7835
20
133.8956
0
VERTEX
10
160.9515
20
136.5172
0
VERTEX
10
155.2099
20
137.9373
0
VERTEX
10
147.6795
20
138.2015
0
VERTEX
10
138.5386
20
137.4029
0
VERTEX
10
128.0175
20
135.6776
0
VERTEX
10
116.3914
20
133.1989
0
VERTEX
10
103.9710
20
130.1703
0
VERTEX
10
91.0928
20
126.8170
0
VERTEX
10
78.1077
20
123.3772
0
VERTEX
10
65.3699
20
120.0924
0
VERTEX
10
53.2248
20
117.1976
0
VERTEX
10
41.9981
20
114.9123
0
VERTEX
10
31.9852
20
113.4316
0
VERTEX
10
23.4413
20
112.9179
0
VERTEX
10
16.5736
20
113.4947
0
VERTEX
10
11.5349
20
115.2408
0
VERTEX
10
8.4187
20
118.1872
0
VERTEX
10
7.2572
20
122.3145
0
VERTEX
10
8.0204
20
127.5535
0
VERTEX
10
10.6180
20
133.7864
0
VERTEX
10
14.9035
20
140.8511
0
VERTEX
10
20.6797
20
148.5455
0
VERTEX
10
27.7059
20
156.6351
0
VERTEX
10
35.7072
20
164.8605
0
VERTEX
10
44.3843
20
172.9465
0
VERTEX
10
53.4243
20
180.6119
0
VERTEX
10
62.5118
20
187.5792
0
VERTEX
10
71.3399
20
193.5843
0
VERTEX
10
79.6212
20
198.3867
0
VERTEX
10
87.0976
20
201.7777
0
VERTEX
10
93.5490
20
203.5883
0
VERTEX
10
98.8008
20
203.6958
0
VERTEX
10
102.7294
20
202.0283
0
VERTEX
10
105.2662
20
198.5683
0
VERTEX
10
106.3989
20
193.3538
0
VERTEX
10
106.1718
20
186.4778
0
VERTEX
10
104.6828
20
178.0854
0
VERTEX
10
102.0796
20
168.3704
0
VERTEX
10
98.5532
20
157.5683
0
VERTEX
10
94.3303
20
145.9498
0
VERTEX
10
89.6645
20
133.8118
0
VERTEX
10
84.8260
20
121.4679
0
VERTEX
10
80.0915
20
109.2384
0
VERTEX
10
75.7332
20
97.4398
0
VERTEX
10
72.0083
20
86.3750
0
VERTEX
10
69.1489
20
76.3233
0
VERTEX
10
67.3531
20
67.5314
0
VERTEX
10
66.7769
20
60.2061
0
VERTEX
10
67.5282
20
54.5073
0
VERTEX
10
69.6621
20
50.5436
0
VERTEX
10
73.1783
20
48.3691
0
VERTEX
10
78.0202
20
47.9826
0
VERTEX
10
84.0771
20
49.3277
0
VERTEX
10
91.1869
20
52.2960
0
VERTEX
10
99.1419
20
56.7312
0
VERTEX
10
107.6954
20
62.4351
0
VERTEX
10
116.5707
20
69.1751
0
VERTEX
10
125.4701
20
76.6924
0
VERTEX
10
134.0861
20
84.7118
0
VERTEX
10
142.1113
20
92.9512
0
VERTEX
10
149.2500
20
101.1316
0
VERTEX
10
155.2285
20
108.9868
0
VERTEX
10
159.8052
20
116.2730
0
VERTEX
10
162.7789
20
122.7764
0
VERTEX
10
163.9967
20
128.3211
0
VERTEX
10
163.3595
20
132.7742
0
VERTEX
10
160.8262
20
136.0506
0
VERTEX
10
156.4154
20
138.1146
0
VERTEX
10
150.2056
20
138.9809
0
VERTEX
10
142.3326
20
138.7131
0
VERTEX
10
132.9858
20
137.4210
0
VERTEX
10
122.4021
20
135.2549
0
VERTEX
10
110.8583
20
132.4002
0
VERTEX
10
98.6619
20
129.0696
0
VERTEX
10
86.1414
20
125.4943
0
VERTEX
10
73.6354
20
121.9149
0
VERTEX
10
61.4815
20
118.5723
0
VERTEX
10
50.0054
20
115.6973
0
VERTEX
10
39.5101
20
113.5024
0
VERTEX
10
30.2664
20
112.1725
0
VERTEX
10
22.5039
20
111.8577
0
VERTEX
10
16.4042
20
112.6674
0
VERTEX
10
12.0947
20
114.6648
0
VERTEX
10
9.6459
20
117.8648
0
VERTEX
10
9.0685
20
122.2320
0
VERTEX
10
10.3149
20
127.6816
0
VERTEX
10
13.2808
20
134.0819
0
VERTEX
10
17.8097
20
141.2580
0
VERTEX
10
23.6991
20
148.9983
0
VERTEX
10
30.7078
20
157.0609
0
VERTEX
10
38.5650
20
165.1824
0
VERTEX
10
46.9802
20
173.0868
0
VERTEX
10
55.6532
20
180.4955
0
VERTEX
10
64.2852
20
187.1367
0
VERTEX
10
72.5889
20
192.7556
0
VERTEX
10
80.2988
20
197.1233
0
VERTEX
10
87.1803
20
200.0454
0
VERTEX
10
93.0374
20
201.3690
0
VERTEX
10
97.7192
20
200.9889
0
VERTEX
10
101.1249
20
198.8515
0
VERTEX
10
103.2065
20
194.9576
0
VERTEX
10
103.9699
20
189.3625
0
VERTEX
10
103.4737
20
182.1756
0
VERTEX
10
101.8267
20
173.5566
0
VERTEX
10
99.1829
20
163.7109
0
VERTEX
10
95.7349
20
152.8833
0
VERTEX
10
91.7067
20
141.3501
0
VERTEX
10
87.3443
20
129.4103
0
VERTEX
10
82.9066
20
117.3761
0
VERTEX
10
78.6546
20
105.5627
0
VERTEX
10
74.8417
20
94.2778
0
VERTEX
10
71.7038
20
83.8124
0
VERTEX
10
69.4499
20
74.4309
0
VERTEX
10
68.2539
20
66.3627
0
VERTEX
10
68.2478
20
59.7954
0
VERTEX
10
69.5162
20
54.8684
0
VERTEX
10
72.0924
20
51.6696
0
VERTEX
10
75.9570
20
50.2322
0
VERTEX
10
81.0376
20
50.5350
0
VERTEX
10
87.2113
20
52.5031
0
VERTEX
10
94.3083
20
56.0117
0
VERTEX
10
102.1176
20
60.8909
0
VERTEX
10
110.3941
20
66.9318
0
VERTEX
10
118.8673
20
73.8946
0
VERTEX
10
127.2507
20
81.5170
0
VERTEX
10
135.2513
20
89.5240
0
VERTEX
10
142.5808
20
97.6374
0
VERTEX
10
148.9652
20
105.5854
0
VERTEX
10
154.1550
20
113.1127
0
VERTEX
10
157.9338
20
119.9886
0
VERTEX
10
160.1268
20
126.0153
0
VERTEX
10
160.6069
20
131.0343
0
VERTEX
10
159.2994
20
134.9314
0
VERTEX
10
156.1859
20
137.6401
0
VERTEX
10
151.3044
20
139.1439
0
VERTEX
10
144.7494
20
139.4750
0
VERTEX
10
136.6686
20
138.7137
0
VERTEX
10
127.2589
20
136.9834
0
VERTEX
10
116.7595
20
134.4464
0
VERTEX
10
105.4447
20
131.2966
0
VERTEX
10
93.6151
20
127.7520
0
VERTEX
10
81.5871
20
124.0458
0
VERTEX
10
69.6834
20
120.4173
0
VERTEX
10
58.2222
20
117.1023
0
VERTEX
10
47.5065
20
114.3242
0
VERTEX
10
37.8149
20
112.2846
0
VERTEX
10
29.3921
20
111.1556
0
VERTEX
10
22.4415
20
111.0729
0
VERTEX
10
17.1189
20
112.1298
0
VERTEX
10
13.5276
20
114.3735
0
VERTEX
10
11.7157
20
117.8027
0
VERTEX
10
11.6753
20
122.3665
0
VERTEX
10
13.3432
20
127.9662
0
VERTEX
10
16.6039
20
134.4581
0
VERTEX
10
21.2943
20
141.6580
0
VERTEX
10
27.2100
20
149.3473
0
VERTEX
10
34.1127
20
157.2809
0
VERTEX
10
41.7392
20
165.1952
0
VERTEX
10
49.8107
20
172.8174
0
VERTEX
10
58.0427
20
179.8755
0
VERTEX
10
66.1554
20
186.1074
0
VERTEX
10
73.8832
20
191.2708
0
VERTEX
10
80.9837
20
195.1517
0
VERTEX
10
87.2466
20
197.5722
0
VERTEX
10
92.5001
20
198.3974
0
VERTEX
10
96.6166
20
197.5407
0
VERTEX
10
99.5170
20
194.9668
0
VERTEX
10
101.1723
20
190.6941
0
VERTEX
10
101.6043
20
184.7945
0
VERTEX
10
100.8838
20
177.3913
0
VERTEX
10
99.1274
20
168.6561
0
VERTEX
10
96.4925
20
158.8028
0
VERTEX
10
93.1705
20
148.0816
0
VERTEX
10
89.3796
20
136.7704
0
VERTEX
10
85.3557
20
125.1662
0
VERTEX
10
81.3434
20
113.5752
0
VERTEX
10
77.5863
20
102.3033
0
VERTEX
10
74.3175
20
91.6458
0
VERTEX
10
71.7505
20
81.8781
0
VERTEX
10
70.0706
20
73.2465
0
VERTEX
10
69.4280
20
65.9610
0
VERTEX
10
69.9312
20
60.1880
0
VERTEX
10
71.6427
20
56.0459
0
VERTEX
10
74.5763
20
53.6012
0
VERTEX
10
78.6958
20
52.8671
0
VERTEX
10
83.9157
20
53.8035
0
VERTEX
10
90.1041
20
56.3195
0
VERTEX
10
97.0866
20
60.2764
0
VERTEX
10
104.6525
20
65.4938
0
VERTEX
10
112.5615
20
71.7560
0
VERTEX
10
120.5527
20
78.8198
0
VERTEX
10
128.3530
20
86.4235
0
VERTEX
10
135.6873
20
94.2963
0
VERTEX
10
142.2877
20
102.1678
0
VERTEX
10
147.9037
20
109.7773
0
VERTEX
10
152.3105
20
116.8834
0
VERTEX
10
155.3177
20
123.2714
0
VERTEX
10
156.7761
20
128.7615
0
VERTEX
10
156.5832
20
133.2140
0
VERTEX
10
154.6875
20
136.5341
0
VERTEX
10
151.0905
20
138.6744
0
VERTEX
10
145.8473
20
139.6361
0
VERTEX
10
139.0654
20
139.4683
0
VERTEX
10
130.9010
20
138.2650
0
VERTEX
10
121.5547
20
136.1617
0
VERTEX
10
111.2647
20
133.3290
0
VERTEX
10
100.2996
20
129.9660
0
VERTEX
10
88.9493
20
126.2926
0
VERTEX
10
77.5155
20
122.5404
0
VERTEX
10
66.3024
20
118.9436
0
VERTEX
10
55.6064
20
115.7300
0
VERTEX
10
45.7067
20
113.1121
0
VERTEX
10
36.8560
20
111.2783
0
VERTEX
10
29.2731
20
110.3861
0
VERTEX
10
23.1352
20
110.5548
0
VERTEX
10
18.5733
20
111.8613
0
VERTEX
10
15.6678
20
114.3366
0
VERTEX
10
14.4467
20
117.9634
0
VERTEX
10
14.8853
20
122.6771
0
VERTEX
10
16.9077
20
128.3667
0
VERTEX
10
20.3903
20
134.8788
0
VERTEX
10
25.1662
20
142.0227
0
VERTEX
10
31.0321
20
149.5763
0
VERTEX
10
37.7556
20
157.2943
0
VERTEX
10
45.0834
20
164.9166
0
VERTEX
10
52.7511
20
172.1771
0
VERTEX
10
60.4919
20
178.8136
0
VERTEX
10
68.0463
20
184.5767
0
VERTEX
10
75.1713
20
189.2392
0
VERTEX
10
81.6484
20
192.6040
0
VERTEX
10
87.2912
20
194.5114
0
VERTEX
10
91.9515
20
194.8454
0
VERTEX
10
95.5240
20
193.5380
0
VERTEX
10
97.9495
20
190.5719
0
VERTEX
10
99.2162
20
185.9821
0
VERTEX
10
99.3595
20
179.8550
0
VERTEX
10
98.4597
20
172.3259
0
VERTEX
10
96.6388
20
163.5751
0
VERTEX
10
94.0548
20
153.8222
0
VERTEX
10
90.8955
20
143.3190
0
VERTEX
10
87.3708
20
132.3415
0
VERTEX
10
83.7047
20
121.1809
0
VERTEX
10
80.1259
20
110.1344
0
VERTEX
10
76.8594
20
99.4949
0
VERTEX
10
74.1171
20
89.5423
0
VERTEX
10
72.0899
20
80.5339
0
VERTEX
10
70.9402
20
72.6962
0
VERTEX
10
70.7948
20
66.2180
0
VERTEX
10
71.7404
20
61.2443
0
VERTEX
10
73.8195
20
57.8718
0
VERTEX
10
77.0283
20
56.1467
0
VERTEX
10
81.3164
20
56.0632
0
VERTEX
10
86.5881
20
57.5644
0
VERTEX
10
92.7053
20
60.5454
0
VERTEX
10
99.4920
20
64.8568
0
VERTEX
10
106.7404
20
70.3107
0
VERTEX
10
114.2180
20
76.6878
0
VERTEX
10
121.6753
20
83.7452
0
VERTEX
10
128.8552
20
91.2253
0
VERTEX
10
135.5014
20
98.8648
0
VERTEX
10
141.3680
20
106.4041
0
VERTEX
10
146.2280
20
113.5965
0
VERTEX
10
149.8815
20
120.2165
0
VERTEX
10
152.1633
20
126.0675
0
VERTEX
10
152.9486
20
130.9887
0
VERTEX
10
152.1580
20
134.8598
0
VERTEX
10
149.7608
20
137.6054
0
VERTEX
10
145.7762
20
139.1963
0
VERTEX
10
140.2735
20
139.6505
0
VERTEX
10
133.3700
20
139.0317
0
VERTEX
10
125.2276
20
137.4460
0
VERTEX
10
116.0475
20
135.0377
0
VERTEX
10
106.0641
20
131.9833
0
VERTEX
10
95.5374
20
128.4840
0
VERTEX
10
84.7443
20
124.7585
0
VERTEX
10
73.9699
20
121.0336
0
VERTEX
10
63.4983
20
117.5358
0
VERTEX
10
53.6032
20
114.4822
0
VERTEX
10
44.5392
20
112.0724
0
VERTEX
10
36.5336
20
110.4800
0
VERTEX
10
29.7794
20
109.8461
0
VERTEX
10
24.4289
20
110.2736
0
VERTEX
10
20.5898
20
111.8228
0
VERTEX
10
18.3215
20
114.5086
0
VERTEX
10
17.6342
20
118.2993
0
VERTEX
10
18.4888
20
123.1177
0
VERTEX
10
20.7995
20
128.8427
0
VERTEX
10
24.4369
20
135.3136
0
VERTEX
10
29.2331
20
142.3357
0
VERTEX
10
34.9883
20
149.6861
0
VERTEX
10
41.4779
20
157.1225
0
VERTEX
10
48.4610
20
164.3908
0
VERTEX
10
55.6884
20
171.2344
0
VERTEX
10
62.9124
20
177.4032
0
VERTEX
10
69.8943
20
182.6628
0
VERTEX
10
76.4138
20
186.8024
0
VERTEX
10
82.2757
20
189.6432
0
VERTEX
10
87.3169
20
191.0444
0
VERTEX
10
91.4115
20
190.9088
0
VERTEX
10
94.4746
20
189.1866
0
VERTEX
10
96.4652
20
185.8777
0
VERTEX
10
97.3863
20
181.0319
0
VERTEX
10
97.2847
20
174.7482
0
VERTEX
10
96.2479
20
167.1717
0
VERTEX
10
94.4009
20
158.4887
0
VERTEX
10
91.9004
20
148.9216
0
VERTEX
10
88.9284
20
138.7209
0
VERTEX
10
85.6853
20
128.1580
0
VERTEX
10
82.3815
20
117.5154
0
VERTEX
10
79.2293
20
107.0784
0
VERTEX
10
76.4344
20
97.1250
0
VERTEX
10
74.1881
20
87.9176
0
VERTEX
10
72.6592
20
79.6941
0
VERTEX
10
71.9878
20
72.6601
0
VERTEX
10
72.2794
20
66.9829
0
VERTEX
10
73.6005
20
62.7861
0
VERTEX
10
75.9755
20
60.1457
0
VERTEX
10
79.3856
20
59.0885
0
VERTEX
10
83.7688
20
59.5913
0
VERTEX
10
89.0214
20
61.5829
0
VERTEX
10
95.0019
20
64.9464
0
VERTEX
10
101.5349
20
69.5244
0
VERTEX
10
108.4179
20
75.1246
0
VERTEX
10
115.4275
20
81.5269
0
VERTEX
10
122.3277
20
88.4915
0
VERTEX
10
128.8779
20
95.7674
0
VERTEX
10
134.8415
20
103.1014
0
VERTEX
10
139.9944
20
110.2470
0
VERTEX
10
144.1328
20
116.9729
0
VERTEX
10
147.0809
20
123.0710
0
VERTEX
10
148.6972
20
128.3636
0
VERTEX
10
148.8795
20
132.7090
0
VERTEX
10
147.5696
20
136.0064
0
VERTEX
10
144.7550
20
138.1988
0
VERTEX
10
140.4701
20
139.2742
0
VERTEX
10
134.7958
20
139.2659
0
VERTEX
10
127.8566
20
138.2501
0
VERTEX
10
119.8173
20
136.3427
0
VERTEX
10
110.8776
20
133.6948
0
VERTEX
10
101.2657
20
130.4858
0
VERTEX
10
91.2313
20
126.9168
0
VERTEX
10
81.0370
20
123.2027
0
VERTEX
10
70.9502
20
119.5634
0
VERTEX
10
61.2344
20
116.2158
0
VERTEX
10
52.1406
20
113.3645
0
VERTEX
10
43.8993
20
111.1948
0
VERTEX
10
36.7132
20
109.8647
0
VERTEX
10
30.7509
20
109.4987
0
VERTEX
10
26.1417
20
110.1832
0
VERTEX
10
22.9717
20
111.9623
0
VERTEX
10
21.2817
20
114.8358
0
VERTEX
10
21.0661
20
118.7591
0
VERTEX
10
22.2744
20
123.6437
0
VERTEX
10
24.8127
20
129.3605
0
VERTEX
10
28.5482
20
135.7436
0
VERTEX
10
33.3141
20
142.5963
0
VERTEX
10
38.9158
20
149.6975
0
VERTEX
10
45.1382
20
156.8096
0
VERTEX
10
51.7531
20
163.6868
0
VERTEX
10
58.5278
20
170.0835
0
VERTEX
10
65.2333
20
175.7634
0
VERTEX
10
71.6518
20
180.5080
0
VERTEX
10
77.5848
20
184.1240
0
VERTEX
10
82.8592
20
186.4508
0
VERTEX
10
87.3338
20
187.3664
0
VERTEX
10
90.9031
20
186.7920
0
VERTEX
10
93.5010
20
184.6950
0
VERTEX
10
95.1022
20
181.0910
0
VERTEX
10
95.7226
20
176.0432
0
VERTEX
10
95.4181
20
169.6612
0
VERTEX
10
94.2815
20
162.0975
0
VERTEX
10
92.4388
20
153.5426
0
VERTEX
10
90.0439
20
144.2191
0
VERTEX
10
87.2720
20
134.3745
0
VERTEX
10
84.3127
20
124.2728
0
VERTEX
10
81.3627
20
114.1866
0
VERTEX
10
78.6178
20
104.3875
0
VERTEX
10
76.2650
20
95.1374
0
VERTEX
10
74.4753
20
86.6804
0
VERTEX
10
73.3971
20
79.2344
0
VERTEX
10
73.1498
20
72.9843
0
VERTEX
10
73.8192
20
68.0763
0
VERTEX
10
75.4536
20
64.6133
0
VERTEX
10
78.0619
20
62.6519
0
VERTEX
10
81.6124
20
62.2011
0
VERTEX
10
86.0336
20
63.2223
0
VERTEX
10
91.2163
20
65.6317
0
VERTEX
10
97.0171
20
69.3031
0
VERTEX
10
103.2635
20
74.0731
0
VERTEX
10
109.7591
20
79.7471
0
VERTEX
10
116.2910
20
86.1067
0
VERTEX
10
122.6369
20
92.9169
0
VERTEX
10
128.5731
20
99.9354
0
VERTEX
10
133.8823
20
106.9204
0
VERTEX
10
138.3614
20
113.6397
0
VERTEX
10
141.8287
20
119.8781
0
VERTEX
10
144.1309
20
125.4454
0
VERTEX
10
145.1482
20
130.1826
0
VERTEX
10
144.7993
20
133.9668
0
VERTEX
10
143.0443
20
136.7158
0
VERTEX
10
139.8870
20
138.3898
0
VERTEX
10
135.3744
20
138.9927
0
VERTEX
10
129.5966
20
138.5711
0
VERTEX
10
122.6832
20
137.2121
0
VERTEX
10
114.7999
20
135.0396
0
VERTEX
10
106.1433
20
132.2091
0
VERTEX
10
96.9342
20
128.9012
0
VERTEX
10
87.4110
20
125.3151
0
VERTEX
10
77.8216
20
121.6602
0
VERTEX
10
68.4156
20
118.1482
0
VERTEX
10
59.4365
20
114.9849
0
VERTEX
10
51.1134
20
112.3621
0
VERTEX
10
43.6540
20
110.4501
0
VERTEX
10
37.2380
20
109.3911
0
VERTEX
10
32.0115
20
109.2935
0
VERTEX
10
28.0827
20
110.2276
0
VERTEX
10
25.5186
20
112.2222
0
VERTEX
10
24.3434
20
115.2634
0
VERTEX
10
24.5385
20
119.2946
0
VERTEX
10
26.0434
20
124.2179
0
VERTEX
10
28.7586
20
129.8977
0
VERTEX
10
32.5496
20
136.1646
0
VERTEX
10
37.2518
20
142.8215
0
VERTEX
10
42.6770
20
149.6503
0
VERTEX
10
48.6199
20
156.4197
0
VERTEX
10
54.8656
20
162.8931
0
VERTEX
10
61.1974
20
168.8370
0
VERTEX
10
67.4044
20
174.0294
0
VERTEX
10
73.2886
20
178.2676
0
VERTEX
10
78.6719
20
181.3759
0
VERTEX
10
83.4019
20
183.2116
0
VERTEX
10
87.3572
20
183.6707
0
VERTEX
10
90.4507
20
182.6915
0
VERTEX
10
92.6328
20
180.2577
0
VERTEX
10
93.8921
20
176.3988
0
VERTEX
10
94.2553
20
171.1901
0
VERTEX
10
93.7855
20
164.7500
0
VERTEX
10
92.5793
20
157.2368
0
VERTEX
10
90.7626
20
148.8435
0
VERTEX
10
88.4851
20
139.7914
0
VERTEX
10
85.9149
20
130.3235
0
VERTEX
10
83.2308
20
120.6958
0
VERTEX
10
80.6159
20
111.1696
0
VERTEX
10
78.2500
20
102.0024
0
VERTEX
10
76.3027
20
93.4399
0
VERTEX
10
74.9262
20
85.7079
0
VERTEX
10
74.2499
20
79.0048
0
VERTEX
10
74.3745
20
73.4957
0
VERTEX
10
75.3680
20
69.3066
0
VERTEX
10
77.2631
20
66.5211
0
VERTEX
10
80.0548
20
65.1780
0
VERTEX
10
83.7007
20
65.2701
0
VERTEX
10
88.1217
20
66.7453
0
VERTEX
10
93.2048
20
69.5089
0
VERTEX
10
98.8062
20
73.4272
0
VERTEX
10
104.7567
20
78.3325
0
VERTEX
10
110.8671
20
84.0298
0
VERTEX
10
116.9350
20
90.3033
0
VERTEX
10
122.7516
20
96.9244
0
VERTEX
10
128.1095
20
103.6599
0
VERTEX
10
132.8095
20
110.2803
0
VERTEX
10
136.6682
20
116.5675
0
VERTEX
10
139.5243
20
122.3227
0
VERTEX
10
141.2448
20
127.3730
0
VERTEX
10
141.7297
20
131.5772
0
VERTEX
10
140.9160
20
134.8306
0
VERTEX
10
138.7803
20
137.0680
0
VERTEX
10
135.3400
20
138.2658
0
VERTEX
10
130.6530
20
138.4419
0
VERTEX
10
124.8164
20
137.6550
0
VERTEX
10
117.9635
20
136.0013
0
VERTEX
10
110.2599
20
133.6112
0
VERTEX
10
101.8978
20
130.6430
0
VERTEX
10
93.0904
20
127.2777
0
VERTEX
10
84.0647
20
123.7111
0
VERTEX
10
75.0544
20
120.1465
0
VERTEX
10
66.2923
20
116.7867
0
VERTEX
10
58.0029
20
113.8263
0
VERTEX
10
50.3950
20
111.4439
0
VERTEX
10
43.6554
20
109.7954
0
VERTEX
10
37.9430
20
109.0078
0
VERTEX
10
33.3835
20
109.1738
0
VERTEX
10
30.0663
20
110.3486
0
VERTEX
10
28.0416
20
112.5469
0
VERTEX
10
27.3193
20
115.7421
0
VERTEX
10
27.8695
20
119.8671
0
VERTEX
10
29.6238
20
124.8157
0
VERTEX
10
32.4783
20
130.4468
0
VERTEX
10
36.2979
20
136.5886
0
VERTEX
10
40.9211
20
143.0446
0
VERTEX
10
46.1660
20
149.6005
0
VERTEX
10
51.8373
20
156.0315
0
VERTEX
10
57.7327
20
162.1107
0
VERTEX
10
63.6507
20
167.6164
0
VERTEX
10
69.3970
20
172.3406
0
VERTEX
10
74.7919
20
176.0964
0
VERTEX
10
79.6758
20
178.7243
0
VERTEX
10
83.9150
20
180.0989
0
VERTEX
10
87.4056
20
180.1327
0
VERTEX
10
90.0773
20
178.7804
0
VERTEX
10
91.8945
20
176.0402
0
VERTEX
10
92.8580
20
171.9544
0
VERTEX
10
93.0035
20
166.6088
0
VERTEX
10
92.3999
20
160.1296
0
VERTEX
10
91.1466
20
152.6797
0
VERTEX
10
89.3683
20
144.4536
0
VERTEX
10
87.2110
20
135.6710
0
VERTEX
10
84.8349
20
126.5694
0
VERTEX
10
82.4089
20
117.3968
0
VERTEX
10
80.1033
20
108.4033
0
VERTEX
10
78.0833
20
99.8329
0
VERTEX
10
76.5023
20
91.9155
0
VERTEX
10
75.4956
20
84.8596
0
VERTEX
10
75.1755
20
78.8454
0
VERTEX
10
75.6259
20
74.0190
0
VERTEX
10
76.8995
20
70.4882
0
VERTEX
10
79.0147
20
68.3187
0
VERTEX
10
81.9550
20
67.5330
0
VERTEX
10
85.6688
20
68.1094
0
VERTEX
10
90.0709
20
69.9837
0
VERTEX
10
95.0452
20
73.0520
0
VERTEX
10
100.4484
20
77.1740
0
VERTEX
10
106.1150
20
82.1792
0
VERTEX
10
111.8627
20
87.8725
0
VERTEX
10
117.4992
20
94.0415
0
VERTEX
10
122.8282
20
100.4642
0
VERTEX
10
127.6573
20
106.9165
0
VERTEX
10
131.8038
20
113.1808
0
VERTEX
10
135.1022
20
119.0528
0
VERTEX
10
137.4094
20
124.3490
0
VERTEX
10
138.6106
20
128.9128
0
VERTEX
10
138.6234
20
132.6200
0
VERTEX
10
137.4010
20
135.3823
0
VERTEX
10
134.9342
20
137.1504
0
VERTEX
10
131.2522
20
137.9153
0
VERTEX
10
126.4221
20
137.7079
0
VERTEX
10
120.5470
20
136.5972
0
VERTEX
10
113.7629
20
134.6880
0
VERTEX
10
106.2343
20
132.1155
0
VERTEX
10
98.1496
20
129.0408
0
VERTEX
10
89.7142
20
125.6441
0
VERTEX
10
81.1449
20
122.1178
0
VERTEX
10
72.6620
20
118.6588
0
VERTEX
10
64.4831
20
115.4615
0
VERTEX
10
56.8156
20
112.7093
0
VERTEX
10
49.8502
20
110.5686
0
VERTEX
10
43.7549
20
109.1816
0
VERTEX
10
38.6699
20
108.6606
0
VERTEX
10
34.7032
20
109.0841
0
VERTEX
10
31.9275
20
110.4931
0
VERTEX
10
30.3783
20
112.8893
0
VERTEX
10
30.0532
20
116.2345
0
VERTEX
10
30.9125
20
120.4516
0
VERTEX
10
32.8813
20
125.4274
0
VERTEX
10
35.8521
20
131.0156
0
VERTEX
10
39.6897
20
137.0425
0
VERTEX
10
44.2355
20
143.3123
0
VERTEX
10
49.3141
20
149.6144
0
VERTEX
10
54.7389
20
155.7305
0
VERTEX
10
60.3192
20
161.4426
0
VERTEX
10
65.8671
20
166.5402
0
VERTEX
10
71.2035
20
170.8284
0
VERTEX
10
76.1646
20
174.1346
0
VERTEX
10
80.6076
20
176.3148
0
VERTEX
10
84.4150
20
177.2593
0
VERTEX
10
87.4987
20
176.8961
0
VERTEX
10
89.8025
20
175.1947
0
VERTEX
10
91.3038
20
172.1667
0
VERTEX
10
92.0133
20
167.8663
0
VERTEX
10
91.9747
20
162.3887
0
VERTEX
10
91.2618
20
155.8673
0
VERTEX
10
89.9759
20
148.4691
0
VERTEX
10
88.2409
20
140.3901
0
VERTEX
10
86.1986
20
131.8479
0
VERTEX
10
84.0026
20
123.0756
0
VERTEX
10
81.8124
20
114.3134
0
VERTEX
10
79.7871
20
105.8013
0
VERTEX
10
78.0786
20
97.7707
0
VERTEX
10
76.8259
20
90.4371
0
VERTEX
10
76.1496
20
83.9932
0
VERTEX
10
76.1465
20
78.6025
0
VERTEX
10
76.8861
20
74.3939
0
VERTEX
10
78.4071
20
71.4583
0
VERTEX
10
80.7160
20
69.8454
0
VERTEX
10
83.7858
20
69.5626
0
VERTEX
10
87.5570
20
70.5752
0
VERTEX
10
91.9391
20
72.8080
0
VERTEX
10
96.8135
20
76.1484
0
VERTEX
10
102.0374
20
80.4507
0
VERTEX
10
107.4486
20
85.5415
0
VERTEX
10
112.8713
20
91.2258
0
VERTEX
10
118.1217
20
97.2945
0
VERTEX
10
123.0151
20
103.5315
0
VERTEX
10
127.3720
20
109.7213
0
VERTEX
10
131.0245
20
115.6570
0
VERTEX
10
133.8227
20
121.1470
0
VERTEX
10
135.6397
20
126.0218
0
VERTEX
10
136.3767
20
130.1400
0
VERTEX
10
135.9668
20
133.3925
0
VERTEX
10
134.3773
20
135.7063
0
VERTEX
10
131.6115
20
137.0469
0
VERTEX
10
127.7094
20
137.4184
0
VERTEX
10
122.7458
20
136.8635
0
VERTEX
10
116.8291
20
135.4613
0
VERTEX
10
110.0977
20
133.3237
0
VERTEX
10
102.7156
20
130.5910
0
VERTEX
10
94.8673
20
127.4266
0
VERTEX
10
86.7520
20
124.0100
0
VERTEX
10
78.5771
20
120.5306
0
VERTEX
10
70.5517
20
117.1798
0
VERTEX
10
62.8799
20
114.1436
0
VERTEX
10
55.7541
20
111.5960
0
VERTEX
10
49.3493
20
109.6916
0
VERTEX
10
43.8171
20
108.5600
0
VERTEX
10
39.2813
20
108.3004
0
VERTEX
10
35.8345
20
108.9778
0
VERTEX
10
33.5348
20
110.6200
0
VERTEX
10
32.4047
20
113.2166
0
VERTEX
10
32.4310
20
116.7184
0
VERTEX
10
33.5655
20
121.0393
0
VERTEX
10
35.7272
20
126.0587
0
VERTEX
10
38.8058
20
131.6256
0
VERTEX
10
42.6655
20
137.5639
0
VERTEX
10
47.1506
20
143.6783
0
VERTEX
10
52.0907
20
149.7611
0
VERTEX
10
57.3071
20
155.5995
0
VERTEX
10
62.6190
20
160.9833
0
VERTEX
10
67.8502
20
165.7119
0
VERTEX
10
72.8347
20
169.6023
0
VERTEX
10
77.4229
20
172.4947
0
VERTEX
10
81.4861
20
174.2593
0
VERTEX
10
84.9214
20
174.8004
0
VERTEX
10
87.6543
20
174.0607
0
VERTEX
10
89.6411
20
172.0231
0
VERTEX
10
90.8702
20
168.7118
0
VERTEX
10
91.3615
20
164.1922
0
VERTEX
10
91.1655
20
158.5687
0
VERTEX
10
90.3607
20
151.9815
0
VERTEX
10
89.0500
20
144.6022
0
VERTEX
10
87.3567
20
136.6283
0
VERTEX
10
85.4192
20
128.2767
0
VERTEX
10
83.3855
20
119.7767
0
VERTEX
10
81.4070
20
111.3621
0
VERTEX
10
79.6329
20
103.2642
0
VERTEX
10
78.2038
20
95.7034
0
VERTEX
10
77.2463
20
88.8827
0
VERTEX
10
76.8676
20
82.9805
0
VERTEX
10
77.1516
20
78.1453
0
VERTEX
10
78.1545
20
74.4908
0
VERTEX
10
79.9031
20
72.0923
0
VERTEX
10
82.3928
20
70.9847
0
VERTEX
10
85.5875
20
71.1617
0
VERTEX
10
89.4205
20
72.5763
0
VERTEX
10
93.7962
20
75.1430
0
VERTEX
10
98.5935
20
78.7410
0
VERTEX
10
103.6697
20
83.2189
0
VERTEX
10
108.8651
20
88.4001
0
VERTEX
10
114.0091
20
94.0894
0
VERTEX
10
118.9253
20
100.0799
0
VERTEX
10
123.4384
20
106.1604
0
VERTEX
10
127.3803
20
112.1227
0
VERTEX
10
130.5956
20
117.7692
0
VERTEX
10
132.9480
20
122.9196
0
VERTEX
10
134.3248
20
127.4171
0
VERTEX
10
134.6412
20
131.1336
0
VERTEX
10
133.8439
20
133.9741
0
VERTEX
10
131.9127
20
135.8795
0
VERTEX
10
128.8626
20
136.8287
0
VERTEX
10
124.7426
20
136.8385
0
VERTEX
10
119.6354
20
135.9627
0
VERTEX
10
113.6545
20
134.2896
0
VERTEX
10
106.9407
20
131.9386
0
VERTEX
10
99.6582
20
129.0552
0
VERTEX
10
91.9888
20
125.8053
0
VERTEX
10
84.1268
20
122.3687
0
VERTEX
10
76.2722
20
118.9323
0
VERTEX
10
68.6246
20
115.6829
0
VERTEX
10
61.3768
20
112.7998
0
VERTEX
10
54.7087
20
110.4482
0
VERTEX
10
48.7817
20
108.7724
0
VERTEX
10
43.7333
20
107.8906
0
VERTEX
10
39.6734
20
107.8898
0
VERTEX
10
36.6806
20
108.8225
0
VERTEX
10
34.8004
20
110.7043
0
VERTEX
10
34.0438
20
113.5130
0
VERTEX
10
34.3878
20
117.1890
0
VERTEX
10
35.7762
20
121.6368
0
VERTEX
10
38.1225
20
126.7285
0
VERTEX
10
41.3131
20
132.3079
0
VERTEX
10
45.2114
20
138.1958
0
VERTEX
10
49.6633
20
144.1963
0
VERTEX
10
54.5024
20
150.1033
0
VERTEX
10
59.5562
20
155.7083
0
VERTEX
10
64.6523
20
160.8075
0
VERTEX
10
69.6240
20
165.2087
0
VERTEX
10
74.3165
20
168.7390
0
VERTEX
10
78.5922
20
171.2503
0
VERTEX
10
82.3349
20
172.6253
0
VERTEX
10
85.4539
20
172.7816
0
VERTEX
10
87.8868
20
171.6749
0
VERTEX
10
89.6011
20
169.3012
0
VERTEX
10
90.5950
20
165.6967
0
VERTEX
10
90.8967
20
160.9378
0
VERTEX
10
90.5633
20
155.1382
0
VERTEX
10
89.6774
20
148.4453
0
VERTEX
10
88.3443
20
141.0361
0
VERTEX
10
86.6871
20
133.1107
0
VERTEX
10
84.8417
20
124.8864
0
VERTEX
10
82.9517
20
116.5902
0
VERTEX
10
81.1619
20
108.4514
0
VERTEX
10
79.6133
20
100.6941
0
VERTEX
10
78.4368
20
93.5297
0
VERTEX
10
77.7482
20
87.1502
0
VERTEX
10
77.6434
20
81.7219
0
VERTEX
10
78.1944
20
77.3797
0
VERTEX
10
79.4460
20
74.2234
0
VERTEX
10
81.4140
20
72.3143
0
VERTEX
10
84.0839
20
71.6734
0
VERTEX
10
87.4108
20
72.2813
0
VERTEX
10
91.3212
20
74.0791
0
VERTEX
10
95.7142
20
76.9712
0
VERTEX
10
100.4660
20
80.8282
0
VERTEX
10
105.4328
20
85.4926
0
VERTEX
10
110.4568
20
90.7838
0
VERTEX
10
115.3707
20
96.5053
0
VERTEX
10
120.0042
20
102.4512
0
VERTEX
10
124.1897
20
108.4137
0
VERTEX
10
127.7682
20
114.1906
0
VERTEX
10
130.5953
20
119.5920
0
VERTEX
10
132.5463
20
124.4473
0
VERTEX
10
133.5206
20
128.6108
0
VERTEX
10
133.4461
20
131.9665
0
VERTEX
10
132.2816
20
134.4323
0
VERTEX
10
130.0185
20
135.9620
0
VERTEX
10
126.6822
20
136.5474
0
VERTEX
10
122.3310
20
136.2171
0
VERTEX
10
117.0548
20
135.0360
0
VERTEX
10
110.9726
20
133.1019
0
VERTEX
10
104.2286
20
130.5418
0
VERTEX
10
96.9881
20
127.5070
0
VERTEX
10
89.4318
20
124.1666
0
VERTEX
10
81.7503
20
120.7019
0
VERTEX
10
74.1383
20
117.2984
0
VERTEX
10
66.7880
20
114.1396
0
VERTEX
10
59.8831
20
111.3991
0
VERTEX
10
53.5930
20
109.2346
0
VERTEX
10
48.0676
20
107.7815
0
VERTEX
10
43.4324
20
107.1475
0
VERTEX
10
39.7849
20
107.4082
0
VERTEX
10
37.1918
20
108.6045
0
VERTEX
10
35.6869
20
110.7400
0
VERTEX
10
35.2708
20
113.7811
0
VERTEX
10
35.9112
20
117.6573
0
VERTEX
10
37.5443
20
122.2638
0
VERTEX
10
40.0778
20
127.4646
0
VERTEX
10
43.3943
20
133.0973
0
VERTEX
10
47.3557
20
138.9786
0
VERTEX
10
51.8082
20
144.9105
0
VERTEX
10
56.5882
20
150.6876
0
VERTEX
10
61.5276
20
156.1037
0
VERTEX
10
66.4605
20
160.9600
0
VERTEX
10
71.2281
20
165.0713
0
VERTEX
10
75.6850
20
168.2732
0
VERTEX
10
79.7036
20
170.4281
0
VERTEX
10
83.1783
20
171.4301
0
VERTEX
10
86.0296
20
171.2089
0
VERTEX
10
88.2055
20
169.7330
0
VERTEX
10
89.6837
20
167.0107
0
VERTEX
10
90.4716
20
163.0907
0
VERTEX
10
90.6052
20
158.0602
0
VERTEX
10
90.1479
20
152.0428
0
VERTEX
10
89.1871
20
145.1944
0
VERTEX
10
87.8305
20
137.6979
0
VERTEX
10
86.2021
20
129.7578
0
VERTEX
10
84.4363
20
121.5933
0
VERTEX
10
82.6735
20
113.4306
0
VERTEX
10
81.0534
20
105.4961
0
VERTEX
10
79.7101
20
98.0088
0
VERTEX
10
78.7665
20
91.1729
0
VERTEX
10
78.3289
20
85.1709
0
VERTEX
10
78.4833
20
80.1585
0
VERTEX
10
79.2912
20
76.2585
0
VERTEX
10
80.7868
20
73.5577
0
VERTEX
10
82.9759
20
72.1042
0
VERTEX
10
85.8342
20
71.9058
0
VERTEX
10
89.3087
20
72.9302
0
VERTEX
10
93.3186
20
75.1068
0
VERTEX
10
97.7576
20
78.3290
0
VERTEX
10
102.4981
20
82.4586
0
VERTEX
10
107.3948
20
87.3308
0
VERTEX
10
112.2898
20
92.7603
0
VERTEX
10
117.0185
20
98.5476
0
VERTEX
10
121.4146
20
104.4866
0
VERTEX
10
125.3166
20
110.3715
0
VERTEX
10
128.5733
20
116.0045
0
VERTEX
10
131.0494
20
121.2020
0
VERTEX
10
132.6302
20
125.8018
0
VERTEX
10
133.2262
20
129.6679
0
VERTEX
10
132.7764
20
132.6957
0
VERTEX
10
131.2508
20
134.8148
0
VERTEX
10
128.6520
20
135.9917
0
VERTEX
10
125.0152
20
136.2303
0
VERTEX
10
120.4081
20
135.5714
0
VERTEX
10
114.9282
20
134.0909
0
VERTEX
10
108.7007
20
131.8966
0
VERTEX
10
101.8739
20
129.1239
0
VERTEX
10
94.6155
20
125.9305
0
VERTEX
10
87.1064
20
122.4902
0
VERTEX
10
79.5356
20
118.9862
0
VERTEX
10
72.0940
20
115.6044
0
VERTEX
10
64.9681
20
112.5258
0
VERTEX
10
58.3345
20
109.9197
0
VERTEX
10
52.3540
20
107.9374
0
VERTEX
10
47.1666
20
106.7060
0
VERTEX
10
42.8875
20
106.3235
0
VERTEX
10
39.6032
20
106.8550
0
VERTEX
10
37.3693
20
108.3297
0
VERTEX
10
36.2091
20
110.7396
0
VERTEX
10
36.1131
20
114.0392
0
VERTEX
10
37.0400
20
118.1470
0
VERTEX
10
38.9182
20
122.9478
0
VERTEX
10
41.6493
20
128.2969
0
VERTEX
10
45.1113
20
134.0245
0
VERTEX
10
49.1636
20
139.9419
0
VERTEX
10
53.6516
20
145.8479
0
VERTEX
10
58.4130
20
151.5359
0
VERTEX
10
63.2829
20
156.8012
0
VERTEX
10
68.1001
20
161.4481
0
VERTEX
10
72.7122
20
165.2973
0
VERTEX
10
76.9815
20
168.1921
0
VERTEX
10
80.7891
20
170.0039
0
VERTEX
10
84.0390
20
170.6378
0
VERTEX
10
86.6611
20
170.0351
0
VERTEX
10
88.6135
20
168.1768
0
VERTEX
10
89.8833
20
165.0838
0
VERTEX
10
90.4865
20
160.8172
0
VERTEX
10
90.4671
20
155.4761
0
VERTEX
10
89.8948
20
149.1947
0
VERTEX
10
88.8619
20
142.1382
0
VERTEX
10
87.4797
20
134.4972
0
VERTEX
10
85.8735
20
126.4818
0
VERTEX
10
84.1775
20
118.3143
0
VERTEX
10
82.5297
20
110.2223
0
VERTEX
10
81.0661
20
102.4307
0
VERTEX
10
79.9151
20
95.1547
0
VERTEX
10
79.1925
20
88.5926
0
VERTEX
10
78.9966
20
82.9191
0
VERTEX
10
79.4041
20
78.2800
0
VERTEX
10
80.4669
20
74.7871
0
VERTEX
10
82.2094
20
72.5150
0
VERTEX
10
84.6274
20
71.4986
0
VERTEX
10
87.6876
20
71.7327
0
VERTEX
10
91.3282
20
73.1721
0
VERTEX
10
95.4609
20
75.7336
0
VERTEX
10
99.9736
20
79.2994
0
VERTEX
10
104.7341
20
83.7216
0
VERTEX
10
109.5943
20
88.8271
0
VERTEX
10
114.3957
20
94.4243
0
VERTEX
10
118.9745
20
100.3100
0
VERTEX
10
123.1675
20
106.2763
0
VERTEX
10
126.8180
20
112.1184
0
VERTEX
10
129.7812
20
117.6413
0
VERTEX
10
131.9296
20
122.6670
0
VERTEX
10
133.1577
20
127.0404
0
VERTEX
10
133.3859
20
130.6348
0
VERTEX
10
132.5638
20
133.3559
0
VERTEX
10
130.6722
20
135.1450
0
VERTEX
10
127.7243
20
135.9809
0
VERTEX
10
123.7657
20
135.8799
0
VERTEX
10
118.8732
20
134.8951
0
VERTEX
10
113.1527
20
133.1140
0
VERTEX
10
106.7361
20
130.6550
0
VERTEX
10
99.7773
20
127.6626
0
VERTEX
10
92.4472
20
124.3020
0
VERTEX
10
84.9283
20
120.7523
0
VERTEX
10
77.4094
20
117.2003
0
VERTEX
10
70.0789
20
113.8325
0
VERTEX
10
63.1194
20
110.8288
0
VERTEX
10
56.7015
20
108.3549
0
VERTEX
10
50.9789
20
106.5562
0
VERTEX
10
46.0831
20
105.5524
0
VERTEX
10
42.1197
20
105.4320
0
VERTEX
10
39.1652
20
106.2496
0
VERTEX
10
37.2650
20
108.0228
0
VERTEX
10
36.4318
20
110.7314
0
VERTEX
10
36.6465
20
114.3178
0
VERTEX
10
37.8586
20
118.6888
0
VERTEX
10
39.9886
20
123.7180
0
VERTEX
10
42.9311
20
129.2507
0
VERTEX
10
46.5591
20
135.1089
0
VERTEX
10
50.7283
20
141.0973
0
VERTEX
10
55.2826
20
147.0102
0
VERTEX
10
60.0596
20
152.6389
0
VERTEX
10
64.8963
20
157.7788
0
VERTEX
10
69.6353
20
162.2369
0
VERTEX
10
74.1295
20
165.8385
0
VERTEX
10
78.2475
20
168.4339
0
VERTEX
10
81.8784
20
169.9035
0
VERTEX
10
84.9346
20
170.1626
0
VERTEX
10
87.3553
20
169.1646
0
VERTEX
10
89.1078
20
166.9028
0
VERTEX
10
90.1882
20
163.4114
0
VERTEX
10
90.6212
20
158.7645
0
VERTEX
10
90.4588
20
153.0736
0
VERTEX
10
89.7773
20
146.4850
0
VERTEX
10
88.6745
20
139.1740
0
VERTEX
10
87.2656
20
131.3402
0
VERTEX
10
85.6780
20
123.2003
0
VERTEX
10
84.0464
20
114.9813
0
VERTEX
10
82.5074
20
106.9130
0
VERTEX
10
81.1938
20
99.2202
0
VERTEX
10
80.2294
20
92.1155
0
VERTEX
10
79.7236
20
85.7919
0
VERTEX
10
79.7673
20
80.4172
0
VERTEX
10
80.4285
20
76.1277
0
VERTEX
10
81.7499
20
73.0246
0
VERTEX
10
83.7462
20
71.1701
0
VERTEX
10
86.4036
20
70.5863
0
VERTEX
10
89.6791
20
71.2544
0
VERTEX
10
93.5024
20
73.1158
0
VERTEX
10
97.7772
20
76.0744
0
VERTEX
10
102.3849
20
80.0003
0
VERTEX
10
107.1881
20
84.7347
0
VERTEX
10
112.0352
20
90.0955
0
VERTEX
10
116.7660
20
95.8840
0
VERTEX
10
121.2170
20
101.8922
0
VERTEX
10
125.2270
20
107.9096
0
VERTEX
10
128.6432
20
113.7312
0
VERTEX
10
131.3266
20
119.1647
0
VERTEX
10
133.1568
20
124.0365
0
VERTEX
10
134.0367
20
128.1986
0
VERTEX
10
133.8965
20
131.5330
0
VERTEX
10
132.6960
20
133.9559
0
VERTEX
10
130.4266
20
135.4203
0
VERTEX
10
127.1124
20
135.9172
0
VERTEX
10
122.8093
20
135.4760
0
VERTEX
10
117.6040
20
134.1624
0
VERTEX
10
111.6112
20
132.0762
0
VERTEX
10
104.9703
20
129.3471
0
VERTEX
10
97.8413
20
126.1293
0
VERTEX
10
90.3995
20
122.5962
0
VERTEX
10
82.8300
20
118.9333
0
VERTEX
10
75.3220
20
115.3309
0
VERTEX
10
68.0628
20
111.9775
0
VERTEX
10
61.2317
20
109.0517
0
VERTEX
10
54.9945
20
106.7162
0
VERTEX
10
49.4983
20
105.1110
0
VERTEX
10
44.8667
20
104.3478
0
VERTEX
10
41.1965
20
104.5060
0
VERTEX
10
38.5544
20
105.6292
0
VERTEX
10
36.9757
20
107.7229
0
VERTEX
10
36.4631
20
110.7545
0
VERTEX
10
36.9872
20
114.6534
0
VERTEX
10
38.4884
20
119.3137
0
VERTEX
10
40.8786
20
124.5974
0
VERTEX
10
44.0453
20
130.3389
0
VERTEX
10
47.8556
20
136.3511
0
VERTEX
10
52.1612
20
142.4312
0
VERTEX
10
56.8033
20
148.3686
0
VERTEX
10
61.6190
20
153.9516
0
VERTEX
10
66.4467
20
158.9753
0
VERTEX
10
71.1316
20
163.2487
0
VERTEX
10
75.5312
20
166.6019
0
VERTEX
10
79.5205
20
168.8918
0
VERTEX
10
82.9955
20
170.0081
0
VERTEX
10
85.8770
20
169.8766
0
VERTEX
10
88.1128
20
168.4628
0
VERTEX
10
89.6794
20
165.7734
0
VERTEX
10
90.5821
20
161.8563
0
VERTEX
10
90.8542
20
156.7991
0
VERTEX
10
90.5557
20
150.7271
0
VERTEX
10
89.7699
20
143.7988
0
VERTEX
10
88.6005
20
136.2012
0
VERTEX
10
87.1666
20
128.1432
0
VERTEX
10
85.5985
20
119.8492
0
VERTEX
10
84.0317
20
111.5517
0
VERTEX
10
82.6018
20
103.4831
0
VERTEX
10
81.4389
20
95.8685
0
VERTEX
10
80.6622
20
88.9183
0
VERTEX
10
80.3754
20
82.8207
0
VERTEX
10
80.6617
20
77.7362
0
VERTEX
10
81.5811
20
73.7920
0
VERTEX
10
83.1667
20
71.0780
0
VERTEX
10
85.4239
20
69.6442
0
VERTEX
10
88.3286
20
69.4990
0
VERTEX
10
91.8287
20
70.6097
0
VERTEX
10
95.8445
20
72.9036
0
VERTEX
10
100.2717
20
76.2710
0
VERTEX
10
104.9845
20
80.5693
0
VERTEX
10
109.8402
20
85.6283
0
VERTEX
10
114.6832
20
91.2562
0
VERTEX
10
119.3513
20
97.2469
0
VERTEX
10
123.6806
20
103.3867
0
VERTEX
10
127.5120
20
109.4627
0
VERTEX
10
130.6961
20
115.2693
0
VERTEX
10
133.0994
20
120.6166
0
VERTEX
10
134.6084
20
125.3358
0
VERTEX
10
135.1348
20
129.2858
0
VERTEX
10
134.6180
20
132.3579
0
VERTEX
10
133.0283
20
134.4788
0
VERTEX
10
130.3682
20
135.6138
0
VERTEX
10
126.6724
20
135.7669
0
VERTEX
10
122.0079
20
134.9805
0
VERTEX
10
116.4713
20
133.3340
0
VERTEX
10
110.1867
20
130.9397
0
VERTEX
10
103.3016
20
127.9389
0
VERTEX
10
95.9823
20
124.4964
0
VERTEX
10
88.4090
20
120.7939
0
VERTEX
10
80.7698
20
117.0233
0
VERTEX
10
73.2549
20
113.3789
0
VERTEX
10
66.0506
20
110.0506
0
VERTEX
10
59.3334
20
107.2164
0
VERTEX
10
53.2644
20
105.0352
0
VERTEX
10
47.9842
20
103.6410
0
VERTEX
10
43.6089
20
103.1377
0
VERTEX
10
40.2263
20
103.5947
0
VERTEX
10
37.8935
20
105.0438
0
VERTEX
10
36.6352
20
107.4782
0
VERTEX
10
36.4441
20
110.8518
0
VERTEX
10
37.2806
20
115.0807
0
VERTEX
10
39.0753
20
120.0457
0
VERTEX
10
41.7316
20
125.5963
0
VERTEX
10
45.1295
20
131.5560
0
VERTEX
10
49.1300
20
137.7278
0
VERTEX
10
53.5803
20
143.9016
0
VERTEX
10
58.3189
20
149.8614
0
VERTEX
10
63.1822
20
155.3928
0
VERTEX
10
68.0094
20
160.2906
0
VERTEX
10
72.6487
20
164.3664
0
VERTEX
10
76.9621
20
167.4552
0
VERTEX
10
80.8303
20
169.4214
0
VERTEX
10
84.1567
20
170.1641
0
VERTEX
10
86.8703
20
169.6207
0
VERTEX
10
88.9278
20
167.7695
0
VERTEX
10
90.3149
20
164.6310
0
VERTEX
10
91.0459
20
160.2676
0
VERTEX
10
91.1631
20
154.7814
0
VERTEX
10
90.7344
20
148.3116
0
VERTEX
10
89.8504
20
141.0300
0
VERTEX
10
88.6204
20
133.1350
0
VERTEX
10
87.1680
20
124.8455
0
VERTEX
10
85.6258
20
116.3937
0
VERTEX
10
84.1303
20
108.0172
0
VERTEX
10
82.8160
20
99.9513
0
VERTEX
10
81.8103
20
92.4210
0
VERTEX
10
81.2278
20
85.6339
0
VERTEX
10
81.1658
20
79.7730
0
VERTEX
10
81.7005
20
74.9909
0
VERTEX
10
82.8828
20
71.4050
0
VERTEX
10
84.7367
20
69.0935
0
VERTEX
10
87.2575
20
68.0930
0
VERTEX
10
90.4114
20
68.3980
0
VERTEX
10
94.1362
20
69.9611
0
VERTEX
10
98.3432
20
72.6950
0
VERTEX
10
102.9199
20
76.4760
0
VERTEX
10
107.7335
20
81.1485
0
VERTEX
10
112.6355
20
86.5308
0
VERTEX
10
117.4669
20
92.4214
0
VERTEX
10
122.0634
20
98.6067
0
VERTEX
10
126.2611
20
104.8680
0
VERTEX
10
129.9028
20
110.9898
0
VERTEX
10
132.8433
20
116.7671
0
VERTEX
10
134.9544
20
122.0125
0
VERTEX
10
136.1305
20
126.5629
0
VERTEX
10
136.2917
20
130.2849
0
VERTEX
10
135.3875
20
133.0796
0
VERTEX
10
133.3989
20
134.8853
0
VERTEX
10
130.3394
20
135.6799
0
VERTEX
10
126.2553
20
135.4810
0
VERTEX
10
121.2242
20
134.3450
0
VERTEX
10
115.3533
20
132.3647
0
VERTEX
10
108.7759
20
129.6655
0
VERTEX
10
101.6475
20
126.4004
0
VERTEX
10
94.1409
20
122.7445
0
VERTEX
10
86.4409
20
118.8875
0
VERTEX
10
78.7384
20
115.0274
0
VERTEX
10
71.2245
20
111.3620
0
VERTEX
10
64.0840
20
108.0820
0
VERTEX
10
57.4903
20
105.3636
0
VERTEX
10
51.5994
20
103.3612
0
VERTEX
10
46.5452
20
102.2023
0
VERTEX
10
42.4357
20
101.9816
0
VERTEX
10
39.3493
20
102.7575
0
VERTEX
10
37.3331
20
104.5499
0
VERTEX
10
36.4015
20
107.3385
0
VERTEX
10
36.5363
20
111.0632
0
VERTEX
10
37.6877
20
115.6262
0
VERTEX
10
39.7767
20
120.8949
0
VERTEX
10
42.6981
20
126.7065
0
VERTEX
10
46.3243
20
132.8731
0
VERTEX
10
50.5105
20
139.1887
0
VERTEX
10
55.0996
20
145.4362
0
VERTEX
10
59.9279
20
151.3948
0
VERTEX
10
64.8311
20
156.8483
0
VERTEX
10
69.6500
20
161.5922
0
VERTEX
10
74.2359
20
165.4414
0
VERTEX
10
78.4557
20
168.2372
0
VERTEX
10
82.1967
20
169.8524
0
VERTEX
10
85.3696
20
170.1966
0
VERTEX
10
87.9120
20
169.2198
0
VERTEX
10
89.7898
20
166.9138
0
VERTEX
10
90.9979
20
163.3139
0
VERTEX
10
91.5601
20
158.4973
0
VERTEX
10
91.5273
20
152.5810
0
VERTEX
10
90.9754
20
145.7184
0
VERTEX
10
90.0019
20
138.0942
0
VERTEX
10
88.7216
20
129.9181
0
VERTEX
10
87.2620
20
121.4185
0
VERTEX
10
85.7578
20
112.8346
0
VERTEX
10
84.3458
20
104.4083
0
VERTEX
10
83.1590
20
96.3766
0
VERTEX
10
82.3212
20
88.9635
0
VERTEX
10
81.9421
20
82.3726
0
VERTEX
10
82.1123
20
76.7803
0
VERTEX
10
82.8998
20
72.3305
0
VERTEX
10
84.3468
20
69.1293
0
VERTEX
10
86.4674
20
67.2422
0
VERTEX
10
89.2468
20
66.6919
0
VERTEX
10
92.6411
20
67.4581
0
VERTEX
10
96.5785
20
69.4782
0
VERTEX
10
100.9613
20
72.6503
0
VERTEX
10
105.6689
20
76.8366
0
VERTEX
10
110.5621
20
81.8689
0
VERTEX
10
115.4875
20
87.5542
0
VERTEX
10
120.2828
20
93.6823
0
VERTEX
10
124.7824
20
100.0329
0
VERTEX
10
128.8234
20
106.3834
0
VERTEX
10
132.2514
20
112.5170
0
VERTEX
10
134.9257
20
118.2302
0
VERTEX
10
136.7250
20
123.3398
0
VERTEX
10
137.5515
20
127.6896
0
VERTEX
10
137.3348
20
131.1551
0
VERTEX
10
136.0350
20
133.6481
0
VERTEX
10
133.6441
20
135.1197
0
VERTEX
10
130.1872
20
135.5610
0
VERTEX
10
125.7218
20
135.0038
0
VERTEX
10
120.3364
20
133.5185
0
VERTEX
10
114.1483
20
131.2117
0
VERTEX
10
107.2997
20
128.2214
0
VERTEX
10
99.9537
20
124.7119
0
VERTEX
10
92.2887
20
120.8676
0
VERTEX
10
84.4936
20
116.8856
0
VERTEX
10
76.7610
20
112.9684
0
VERTEX
10
69.2817
20
109.3163
0
VERTEX
10
62.2386
20
106.1193
0
VERTEX
10
55.8007
20
103.5503
0
VERTEX
10
50.1179
20
101.7581
0
VERTEX
10
45.3168
20
100.8618
0
VERTEX
10
41.4962
20
100.9461
0
VERTEX
10
38.7249
20
102.0576
0
VERTEX
10
37.0392
20
104.2027
0
VERTEX
10
36.4428
20
107.3474
0
VERTEX
10
36.9067
20
111.4174
0
VERTEX
10
38.3711
20
116.3010
0
VERTEX
10
40.7473
20
121.8524
0
VERTEX
10
43.9219
20
127.8968
0
VERTEX
10
47.7605
20
134.2362
0
VERTEX
10
52.1131
20
140.6566
0
VERTEX
10
56.8190
20
146.9350
0
VERTEX
10
61.7134
20
152.8476
0
VERTEX
10
66.6322
20
158.1777
0
VERTEX
10
71.4185
20
162.7233
0
VERTEX
10
75.9279
20
166.3045
0
VERTEX
10
80.0331
20
168.7701
0
VERTEX
10
83.6284
20
170.0031
0
VERTEX
10
86.6329
20
169.9248
0
VERTEX
10
88.9930
20
168.4987
0
VERTEX
10
90.6843
20
165.7313
0
VERTEX
10
91.7111
20
161.6728
0
VERTEX
10
92.1063
20
156.4155
0
VERTEX
10
91.9295
20
150.0912
0
VERTEX
10
91.2641
20
142.8669
0
VERTEX
10
90.2139
20
134.9394
0
VERTEX
10
88.8984
20
126.5287
0
VERTEX
10
87.4480
20
117.8710
0
VERTEX
10
85.9990
20
109.2111
0
VERTEX
10
84.6871
20
100.7934
0
VERTEX
10
83.6429
20
92.8548
0
VERTEX
10
82.9859
20
85.6162
0
VERTEX
10
82.8195
20
79.2754
0
VERTEX
10
83.2271
20
74.0007
0
VERTEX
10
84.2679
20
69.9251
0
VERTEX
10
85.9746
20
67.1425
0
VERTEX
10
88.3514
20
65.7045
0
VERTEX
10
91.3732
20
65.6190
0
VERTEX
10
94.9863
20
66.8504
0
VERTEX
10
99.1094
20
69.3212
0
VERTEX
10
103.6365
20
72.9147
0
VERTEX
10
108.4399
20
77.4800
0
VERTEX
10
113.3747
20
82.8369
0
VERTEX
10
118.2836
20
88.7829
0
VERTEX
10
123.0025
20
95.1002
0
VERTEX
10
127.3660
20
101.5637
0
VERTEX
10
131.2132
20
107.9489
0
VERTEX
10
134.3937
20
114.0396
0
VERTEX
10
136.7730
20
119.6358
0
VERTEX
10
138.2374
20
124.5604
0
VERTEX
10
138.6981
20
128.6656
0
VERTEX
10
138.0952
20
131.8375
0
VERTEX
10
136.3995
20
134.0002
0
VERTEX
10
133.6147
20
135.1179
0
VERTEX
10
129.7772
20
135.1961
0
VERTEX
10
124.9558
20
134.2807
0
VERTEX
10
119.2494
20
132.4562
0
VERTEX
10
112.7846
20
129.8422
0
VERTEX
10
105.7117
20
126.5884
0
VERTEX
10
98.1998
20
122.8694
0
VERTEX
10
90.4321
20
118.8773
0
VERTEX
10
82.5995
20
114.8146
0
VERTEX
10
74.8953
20
110.8869
0
VERTEX
10
67.5083
20
107.2944
0
VERTEX
10
60.6177
20
104.2247
0
VERTEX
10
54.3868
20
101.8454
0
VERTEX
10
48.9582
20
100.2976
0
VERTEX
10
44.4496
20
99.6909
0
VERTEX
10
40.9500
20
100.0981
0
VERTEX
10
38.5176
20
101.5529
0
VERTEX
10
37.1777
20
104.0482
0
VERTEX
10
36.9229
20
107.5354
0
VERTEX
10
37.7137
20
111.9265
0
VERTEX
10
39.4803
20
117.0962
0
VERTEX
10
42.1254
20
122.8867
0
VERTEX
10
45.5281
20
129.1125
0
VERTEX
10
49.5483
20
135.5672
0
VERTEX
10
54.0319
20
142.0305
0
VERTEX
10
58.8165
20
148.2759
0
VERTEX
10
63.7369
20
154.0788
0
VERTEX
10
68.6312
20
159.2244
0
VERTEX
10
73.3463
20
163.5155
0
VERTEX
10
77.7431
20
166.7796
0
VERTEX
10
81.7013
20
168.8750
0
VERTEX
10
85.1234
20
169.6963
0
VERTEX
10
87.9376
20
169.1783
0
VERTEX
10
90.0999
20
167.2988
0
VERTEX
10
91.5954
20
164.0793
0
VERTEX
10
92.4380
20
159.5853
0
VERTEX
10
92.6696
20
153.9238
0
VERTEX
10
92.3576
20
147.2403
0
VERTEX
10
91.5923
20
139.7143
0
VERTEX
10
90.4826
20
131.5528
0
VERTEX
10
89.1517
20
122.9843
0
VERTEX
10
87.7318
20
114.2506
0
VERTEX
10
86.3586
20
105.5991
0
VERTEX
10
85.1662
20
97.2746
0
VERTEX
10
84.2808
20
89.5109
0
VERTEX
10
83.8165
20
82.5234
0
VERTEX
10
83.8694
20
76.5018
0
VERTEX
10
84.5146
20
71.6038
0
VERTEX
10
85.8018
20
67.9502
0
VERTEX
10
87.7540
20
65.6208
0
VERTEX
10
90.3650
20
64.6525
0
VERTEX
10
93.5999
20
65.0379
0
VERTEX
10
97.3954
20
66.7260
0
VERTEX
10
101.6618
20
69.6246
0
VERTEX
10
106.2857
20
73.6036
0
VERTEX
10
111.1335
20
78.5001
0
VERTEX
10
116.0564
20
84.1240
0
VERTEX
10
120.8948
20
90.2650
0
VERTEX
10
125.4845
20
96.7004
0
VERTEX
10
129.6619
20
103.2029
0
VERTEX
10
133.2702
20
109.5484
0
VERTEX
10
136.1648
20
115.5242
0
VERTEX
10
138.2186
20
120.9362
0
VERTEX
10
139.3270
20
125.6158
0
VERTEX
10
139.4113
20
129.4255
0
VERTEX
10
138.4227
20
132.2639
0
VERTEX
10
136.3435
20
134.0682
0
VERTEX
10
133.1888
20
134.8170
0
VERTEX
10
129.0063
20
134.5300
0
VERTEX
10
123.8753
20
133.2674
0
VERTEX
10
117.9042
20
131.1267
0
VERTEX
10
111.2276
20
128.2395
0
VERTEX
10
104.0021
20
124.7658
0
VERTEX
10
96.4014
20
120.8880
0
VERTEX
10
88.6110
20
116.8038
0
VERTEX
10
80.8223
20
112.7188
0
VERTEX
10
73.2266
20
108.8388
0
VERTEX
10
66.0090
20
105.3615
0
VERTEX
10
59.3427
20
102.4694
0
VERTEX
10
53.3836
20
100.3225
0
VERTEX
10
48.2654
20
99.0524
0
VERTEX
10
44.0956
20
98.7568
0
VERTEX
10
40.9524
20
99.4958
0
VERTEX
10
38.8824
20
101.2895
0
VERTEX
10
37.8999
20
104.1164
0
VERTEX
10
37.9866
20
107.9141
0
VERTEX
10
39.0927
20
112.5813
0
VERTEX
10
41.1394
20
117.9806
0
VERTEX
10
44.0217
20
123.9436
0
VERTEX
10
47.6127
20
130.2767
0
VERTEX
10
51.7683
20
136.7674
0
VERTEX
10
56.3323
20
143.1919
0
VERTEX
10
61.1420
20
149.3230
0
VERTEX
10
66.0342
20
154.9384
0
VERTEX
10
70.8509
20
159.8282
0
VERTEX
10
75.4444
20
163.8026
0
VERTEX
10
79.6829
20
166.6988
0
VERTEX
10
83.4543
20
168.3870
0
VERTEX
10
86.6704
20
168.7753
0
VERTEX
10
89.2691
20
167.8128
0
VERTEX
10
91.2165
20
165.4924
0
VERTEX
10
92.5075
20
161.8509
0
VERTEX
10
93.1652
20
156.9682
0
VERTEX
10
93.2396
20
150.9651
0
VERTEX
10
92.8054
20
143.9993
0
VERTEX
10
91.9583
20
136.2602
0
VERTEX
10
90.8109
20
127.9630
0
VERTEX
10
89.4885
20
119.3413
0
VERTEX
10
88.1230
20
110.6395
0
VERTEX
10
86.8485
20
102.1046
0
VERTEX
10
85.7950
20
93.9781
0
VERTEX
10
85.0832
20
86.4878
0
VERTEX
10
84.8200
20
79.8404
0
VERTEX
10
85.0932
20
74.2147
0
VERTEX
10
85.9684
20
69.7557
0
VERTEX
10
87.4857
20
66.5700
0
VERTEX
10
89.6576
20
64.7223
0
VERTEX
10
92.4681
20
64.2339
0
VERTEX
10
95.8728
20
65.0820
0
VERTEX
10
99.7999
20
67.2009
0
VERTEX
10
104.1523
20
70.4849
0
VERTEX
10
108.8108
20
74.7922
0
VERTEX
10
113.6381
20
79.9498
0
VERTEX
10
118.4830
20
85.7603
0
VERTEX
10
123.1862
20
92.0091
0
VERTEX
10
127.5854
20
98.4713
0
VERTEX
10
131.5211
20
104.9205
0
VERTEX
10
134.8426
20
111.1367
0
VERTEX
10
137.4130
20
116.9133
0
VERTEX
10
139.1145
20
122.0654
0
VERTEX
10
139.8526
20
126.4351
0
VERTEX
10
139.5602
20
129.8977
0
VERTEX
10
138.1997
20
132.3651
0
VERTEX
10
135.7652
20
133.7894
0
VERTEX
10
132.2831
20
134.1635
0
VERTEX
10
127.8116
20
133.5214
0
VERTEX
10
122.4393
20
131.9364
0
VERTEX
10
116.2824
20
129.5179
0
VERTEX
10
109.4818
20
126.4075
0
VERTEX
10
102.1983
20
122.7729
0
VERTEX
10
94.6075
20
118.8018
0
VERTEX
10
86.8951
20
114.6945
0
VERTEX
10
79.2499
20
110.6567
0
VERTEX
10
71.8590
20
106.8909
0
VERTEX
10
64.9012
20
103.5895
0
VERTEX
10
58.5415
20
100.9268
0
VERTEX
10
52.9262
20
99.0530
0
VERTEX
10
48.1785
20
98.0876
0
VERTEX
10
44.3943
20
98.1152
0
VERTEX
10
41.6401
20
99.1823
0
VERTEX
10
39.9509
20
101.2944
0
VERTEX
10
39.3295
20
104.4162
0
VERTEX
10
39.7472
20
108.4724
0
VERTEX
10
41.1450
20
113.3495
0
VERTEX
10
43.4362
20
118.9004
0
VERTEX
10
46.5100
20
124.9488
0
VERTEX
10
50.2353
20
131.2954
0
VERTEX
10
54.4660
20
137.7250
0
VERTEX
10
59.0460
20
144.0139
0
VERTEX
10
63.8149
20
149.9378
0
VERTEX
10
68.6137
20
155.2800
0
VERTEX
10
73.2903
20
159.8386
0
VERTEX
10
77.7046
20
163.4345
0
VERTEX
10
81.7335
20
165.9172
0
VERTEX
10
85.2748
20
167.1708
0
VERTEX
10
88.2505
20
167.1181
0
VERTEX
10
90.6090
20
165.7237
0
VERTEX
10
92.3264
20
162.9955
0
VERTEX
10
93.4073
20
158.9851
0
VERTEX
10
93.8833
20
153.7856
0
VERTEX
10
93.8117
20
147.5298
0
VERTEX
10
93.2729
20
140.3849
0
VERTEX
10
92.3664
20
132.5475
0
VERTEX
10
91.2069
20
124.2375
0
VERTEX
10
89.9193
20
115.6899
0
VERTEX
10
88.6339
20
107.1478
0
VERTEX
10
87.4804
20
98.8540
0
VERTEX
10
86.5831
20
91.0429
0
VERTEX
10
86.0556
20
83.9327
0
VERTEX
10
85.9959
20
77.7183
0
VERTEX
10
86.4826
20
72.5649
0
VERTEX
10
87.5709
20
68.6024
0
VERTEX
10
89.2908
20
65.9217
0
VERTEX
10
91.6446
20
64.5717
0
VERTEX
10
94.6069
20
64.5577
0
VERTEX
10
98.1248
20
65.8421
0
VERTEX
10
102.1193
20
68.3460
0
VERTEX
10
106.4878
20
71.9518
0
VERTEX
10
111.1074
20
76.5083
0
VERTEX
10
115.8390
20
81.8359
0
VERTEX
10
120.5318
20
87.7332
0
VERTEX
10
125.0292
20
93.9843
0
VERTEX
10
129.1732
20
100.3664
0
VERTEX
10
132.8112
20
106.6578
0
VERTEX
10
135.8005
20
112.6457
0
VERTEX
10
138.0140
20
118.1336
0
VERTEX
10
139.3446
20
122.9481
0
VERTEX
10
139.7097
20
126.9449
0
VERTEX
10
139.0537
20
130.0136
0
VERTEX
10
137.3512
20
132.0813
0
VERTEX
10
134.6077
20
133.1149
0
VERTEX
10
130.8599
20
133.1218
0
VERTEX
10
126.1754
20
132.1492
0
VERTEX
10
120.6504
20
130.2822
0
VERTEX
10
114.4070
20
127.6401
0
VERTEX
10
107.5898
20
124.3715
0
VERTEX
10
100.3609
20
120.6491
0
VERTEX
10
92.8955
20
116.6623
0
VERTEX
10
85.3758
20
112.6107
0
VERTEX
10
77.9858
20
108.6960
0
VERTEX
10
70.9050
20
105.1144
0
VERTEX
10
64.3034
20
102.0494
0
VERTEX
10
58.3356
20
99.6646
0
VERTEX
10
53.1363
20
98.0973
0
VERTEX
10
48.8163
20
97.4535
0
VERTEX
10
45.4593
20
97.8034
0
VERTEX
10
43.1191
20
99.1787
0
VERTEX
10
41.8190
20
101.5712
0
VERTEX
10
41.5509
20
104.9324
0
VERTEX
10
42.2766
20
109.1753
0
VERTEX
10
43.9291
20
114.1771
0
VERTEX
10
46.4159
20
119.7831
0
VERTEX
10
49.6220
20
125.8125
0
VERTEX
10
53.4148
20
132.0641
0
VERTEX
10
57.6487
20
138.3237
0
VERTEX
10
62.1703
20
144.3718
0
VERTEX
10
66.8239
20
149.9908
0
VERTEX
10
71.4573
20
154.9731
0
VERTEX
10
75.9266
20
159.1288
0
VERTEX
10
80.1012
20
162.2918
0
VERTEX
10
83.8686
20
164.3265
0
VERTEX
10
87.1375
20
165.1327
0
VERTEX
10
89.8408
20
164.6490
0
VERTEX
10
91.9379
20
162.8555
0
VERTEX
10
93.4149
20
159.7751
0
VERTEX
10
94.2853
20
155.4723
0
VERTEX
10
94.5883
20
150.0521
0
VERTEX
10
94.3871
20
143.6560
0
VERTEX
10
93.7659
20
136.4578
0
VERTEX
10
92.8261
20
128.6576
0
VERTEX
10
91.6823
20
120.4757
0
VERTEX
10
90.4570
20
112.1446
0
VERTEX
10
89.2762
20
103.9016
0
VERTEX
10
88.2634
20
95.9811
0
VERTEX
10
87.5354
20
88.6064
0
VERTEX
10
87.1965
20
81.9825
0
VERTEX
10
87.3350
20
76.2894
0
VERTEX
10
88.0189
20
71.6760
0
VERTEX
10
89.2929
20
68.2555
0
VERTEX
10
91.1766
20
66.1021
0
VERTEX
10
93.6628
20
65.2480
0
VERTEX
10
96.7175
20
65.6837
0
VERTEX
10
100.2808
20
67.3578
0
VERTEX
10
104.2682
20
70.1799
0
VERTEX
10
108.5738
20
74.0236
0
VERTEX
10
113.0734
20
78.7313
0
VERTEX
10
117.6288
20
84.1204
0
VERTEX
10
122.0925
20
89.9894
0
VERTEX
10
126.3129
20
96.1253
0
VERTEX
10
130.1395
20
102.3114
0
VERTEX
10
133.4286
20
108.3348
0
VERTEX
10
136.0479
20
113.9936
0
VERTEX
10
137.8818
20
119.1047
0
VERTEX
10
138.8356
20
123.5091
0
VERTEX
10
138.8390
20
127.0781
0
VERTEX
10
137.8489
20
129.7172
0
VERTEX
10
135.8515
20
131.3694
0
VERTEX
10
132.8630
20
132.0163
0
VERTEX
10
128.9294
20
131.6790
0
VERTEX
10
124.1258
20
130.4167
0
VERTEX
10
118.5538
20
128.3238
0
VERTEX
10
112.3389
20
125.5264
0
VERTEX
10
105.6264
20
122.1776
0
VERTEX
10
98.5769
20
118.4508
0
VERTEX
10
91.3616
20
114.5338
0
VERTEX
10
84.1565
20
110.6212
0
VERTEX
10
77.1372
20
106.9071
0
VERTEX
10
70.4732
20
103.5777
0
VERTEX
10
64.3228
20
100.8045
0
VERTEX
10
58.8279
20
98.7373
0
VERTEX
10
54.1100
20
97.4987
0
VERTEX
10
50.2664
20
97.1795
0
VERTEX
10
47.3672
20
97.8346
0
VERTEX
10
45.4540
20
99.4815
0
VERTEX
10
44.5383
20
102.0984
0
VERTEX
10
44.6022
20
105.6255
0
VERTEX
10
45.5992
20
109.9664
0
VERTEX
10
47.4563
20
114.9915
0
VERTEX
10
50.0772
20
120.5424
0
VERTEX
10
53.3454
20
126.4372
0
VERTEX
10
57.1293
20
132.4772
0
VERTEX
10
61.2866
20
138.4534
0
VERTEX
10
65.6694
20
144.1545
0
VERTEX
10
70.1296
20
149.3735
0
VERTEX
10
74.5238
20
153.9162
0
VERTEX
10
78.7188
20
157.6070
0
VERTEX
10
82.5954
20
160.2963
0
VERTEX
10
86.0529
20
161.8651
0
VERTEX
10
89.0119
20
162.2299
0
VERTEX
10
91.4170
20
161.3457
0
VERTEX
10
93.2381
20
159.2079
0
VERTEX
10
94.4710
20
155.8527
0
VERTEX
10
95.1371
20
151.3560
0
VERTEX
10
95.2818
20
145.8314
0
VERTEX
10
94.9723
20
139.4262
0
VERTEX
10
94.2947
20
132.3167
0
VERTEX
10
93.3502
20
124.7025
0
VERTEX
10
92.2506
20
116.7995
0
VERTEX
10
91.1139
20
108.8332
0
VERTEX
10
90.0593
20
101.0309
0
VERTEX
10
89.2023
20
93.6139
0
VERTEX
10
88.6500
20
86.7907
0
VERTEX
10
88.4963
20
80.7498
0
VERTEX
10
88.8186
20
75.6532
0
VERTEX
10
89.6736
20
71.6319
0
VERTEX
10
91.0955
20
68.7810
0
VERTEX
10
93.0939
20
67.1571
0
VERTEX
10
95.6528
20
66.7769
0
VERTEX
10
98.7313
20
67.6167
0
VERTEX
10
102.2640
20
69.6135
0
VERTEX
10
106.1635
20
72.6681
0
VERTEX
10
110.3226
20
76.6485
0
VERTEX
10
114.6188
20
81.3946
0
VERTEX
10
118.9176
20
86.7248
0
VERTEX
10
123.0775
20
92.4418
0
VERTEX
10
126.9549
20
98.3400
0
VERTEX
10
130.4093
20
104.2129
0
VERTEX
10
133.3081
20
109.8603
0
VERTEX
10
135.5315
20
115.0950
0
VERTEX
10
136.9770
20
119.7500
0
VERTEX
10
137.5631
20
123.6833
0
VERTEX
10
137.2324
20
126.7834
0
VERTEX
10
135.9542
20
128.9727
0
VERTEX
10
133.7256
20
130.2099
0
VERTEX
10
130.5723
20
130.4909
0
VERTEX
10
126.5480
20
129.8490
0
VERTEX
10
121.7329
20
128.3528
0
VERTEX
10
116.2317
20
126.1035
0
VERTEX
10
110.1699
20
123.2310
0
VERTEX
10
103.6906
20
119.8884
0
VERTEX
10
96.9497
20
116.2466
0
VERTEX
10
90.1110
20
112.4871
0
VERTEX
10
83.3411
20
108.7959
0
VERTEX
10
76.8042
20
105.3556
0
VERTEX
10
70.6570
20
102.3390
0
VERTEX
10
65.0437
20
99.9025
0
VERTEX
10
60.0919
20
98.1799
0
VERTEX
10
55.9081
20
97.2774
0
VERTEX
10
52.5753
20
97.2695
0
VERTEX
10
50.1501
20
98.1962
0
VERTEX
10
48.6616
20
100.0607
0
VERTEX
10
48.1108
20
102.8299
0
VERTEX
10
48.4712
20
106.4343
0
VERTEX
10
49.6898
20
110.7714
0
VERTEX
10
51.6898
20
115.7081
0
VERTEX
10
54.3735
20
121.0860
0
VERTEX
10
57.6259
20
126.7267
0
VERTEX
10
61.3190
20
132.4379
0
VERTEX
10
65.3168
20
138.0204
0
VERTEX
10
69.4796
20
143.2749
0
VERTEX
10
73.6692
20
148.0095
0
VERTEX
10
77.7540
20
152.0459
0
VERTEX
10
81.6129
20
155.2266
0
VERTEX
10
85.1397
20
157.4198
0
VERTEX
10
88.2465
20
158.5248
0
VERTEX
10
90.8667
20
158.4754
0
VERTEX
10
92.9562
20
157.2426
0
VERTEX
10
94.4954
20
154.8358
0
VERTEX
10
95.4886
20
151.3026
0
VERTEX
10
95.9637
20
146.7278
0
VERTEX
10
95.9706
20
141.2301
0
VERTEX
10
95.5785
20
134.9588
0
VERTEX
10
94.8732
20
128.0883
0
VERTEX
10
93.9530
20
120.8130
0
VERTEX
10
92.9249
20
113.3401
0
VERTEX
10
91.8998
20
105.8833
0
VERTEX
10
90.9883
20
98.6553
0
VERTEX
10
90.2956
20
91.8607
0
VERTEX
10
89.9177
20
85.6894
0
VERTEX
10
89.9371
20
80.3104
0
VERTEX
10
90.4193
20
75.8661
0
VERTEX
10
91.4099
20
72.4676
0
VERTEX
10
92.9327
20
70.1915
0
VERTEX
10
94.9882
20
69.0775
0
VERTEX
10
97.5531
20
69.1274
0
VERTEX
10
100.5809
20
70.3055
0
VERTEX
10
104.0032
20
72.5400
0
VERTEX
10
107.7318
20
75.7261
0
VERTEX
10
111.6615
20
79.7298
0
VERTEX
10
115.6739
20
84.3929
0
VERTEX
10
119.6411
20
89.5389
0
VERTEX
10
123.4305
20
94.9793
0
VERTEX
10
126.9090
20
100.5201
0
VERTEX
10
129.9485
20
105.9692
0
VERTEX
10
132.4295
20
111.1425
0
VERTEX
10
134.2463
20
115.8709
0
VERTEX
10
135.3105
20
120.0056
0
VERTEX
10
135.5543
20
123.4238
0
VERTEX
10
134.9334
20
126.0320
0
VERTEX
10
133.4285
20
127.7696
0
VERTEX
10
131.0469
20
128.6104
0
VERTEX
10
127.8218
20
128.5634
0
VERTEX
10
123.8124
20
127.6715
0
VERTEX
10
119.1017
20
126.0104
0
VERTEX
10
113.7942
20
123.6846
0
VERTEX
10
108.0128
20
120.8239
0
VERTEX
10
101.8949
20
117.5778
0
VERTEX
10
95.5883
20
114.1102
0
VERTEX
10
89.2462
20
110.5927
0
VERTEX
10
83.0228
20
107.1985
0
VERTEX
10
77.0682
20
104.0954
0
VERTEX
10
71.5240
20
101.4398
0
VERTEX
10
66.5184
20
99.3704
0
VERTEX
10
62.1629
20
98.0033
0
VERTEX
10
58.5485
20
97.4274
0
VERTEX
10
55.7434
20
97.7009
0
VERTEX
10
53.7909
20
98.8489
0
VERTEX
10
52.7087
20
100.8624
0
VERTEX
10
52.4883
20
103.6985
0
VERTEX
10
53.0963
20
107.2815
0
VERTEX
10
54.4756
20
111.5055
0
VERTEX
10
56.5481
20
116.2381
0
VERTEX
10
59.2172
20
121.3250
0
VERTEX
10
62.3723
20
126.5955
0
VERTEX
10
65.8921
20
131.8680
0
VERTEX
10
69.6492
20
136.9571
0
VERTEX
10
73.5150
20
141.6799
0
VERTEX
10
77.3635
20
145.8622
0
VERTEX
10
81.0766
20
149.3452
0
VERTEX
10
84.5471
20
151.9910
0
VERTEX
10
87.6828
20
153.6875
0
VERTEX
10
90.4094
20
154.3526
0
VERTEX
10
92.6727
20
153.9373
0
VERTEX
10
94.4400
20
152.4275
0
VERTEX
10
95.7009
20
149.8446
0
VERTEX
10
96.4670
20
146.2454
0
VERTEX
10
96.7713
20
141.7197
0
VERTEX
10
96.6658
20
136.3879
0
VERTEX
10
96.2198
20
130.3968
0
VERTEX
10
95.5162
20
123.9147
0
VERTEX
10
94.6483
20
117.1261
0
VERTEX
10
93.7158
20
110.2251
0
VERTEX
10
92.8205
20
103.4090
0
VERTEX
10
92.0622
20
96.8720
0
VERTEX
10
91.5347
20
90.7987
0
VERTEX
10
91.3217
20
85.3574
0
VERTEX
10
91.4933
20
80.6956
0
VERTEX
10
92.1030
20
76.9342
0
VERTEX
10
93.1857
20
74.1643
0
VERTEX
10
94.7554
20
72.4443
0
VERTEX
10
96.8047
20
71.7979
0
VERTEX
10
99.3049
20
72.2141
0
VERTEX
10
102.2059
20
73.6476
0
VERTEX
10
105.4387
20
76.0209
0
VERTEX
10
108.9170
20
79.2275
0
VERTEX
10
112.5400
20
83.1354
0
VERTEX
10
116.1963
20
87.5926
0
VERTEX
10
119.7675
20
92.4321
0
VERTEX
10
123.1322
20
97.4782
0
VERTEX
10
126.1703
20
102.5527
0
VERTEX
10
128.7677
20
107.4812
0
VERTEX
10
130.8200
20
112.0992
0
VERTEX
10
132.2364
20
116.2577
0
VERTEX
10
132.9430
20
119.8285
0
VERTEX
10
132.8859
20
122.7083
0
VERTEX
10
132.0332
20
124.8220
0
VERTEX
10
130.3761
20
126.1256
0
VERTEX
10
127.9299
20
126.6065
0
VERTEX
10
124.7340
20
126.2845
0
VERTEX
10
120.8501
20
125.2100
0
VERTEX
10
116.3613
20
123.4620
0
VERTEX
10
111.3690
20
121.1450
0
VERTEX
10
105.9901
20
118.3848
0
VERTEX
10
100.3535
20
115.3233
0
VERTEX
10
94.5954
20
112.1135
0
VERTEX
10
88.8558
20
108.9133
0
VERTEX
10
83.2739
20
105.8797
0
VERTEX
10
77.9832
20
103.1626
0
VERTEX
10
73.1083
20
100.8997
0
VERTEX
10
68.7602
20
99.2105
0
VERTEX
10
65.0335
20
98.1923
0
VERTEX
10
62.0033
20
97.9164
0
VERTEX
10
59.7233
20
98.4251
0
VERTEX
10
58.2243
20
99.7303
0
VERTEX
10
57.5136
20
101.8126
0
VERTEX
10
57.5753
20
104.6222
0
VERTEX
10
58.3712
20
108.0800
0
VERTEX
10
59.8424
20
112.0809
0
VERTEX
10
61.9120
20
116.4969
0
VERTEX
10
64.4876
20
121.1820
0
VERTEX
10
67.4653
20
125.9771
0
VERTEX
10
70.7332
20
130.7156
0
VERTEX
10
74.1754
20
135.2296
0
VERTEX
10
77.6762
20
139.3555
0
VERTEX
10
81.1240
20
142.9400
0
VERTEX
10
84.4154
20
145.8455
0
VERTEX
10
87.4583
20
147.9552
0
VERTEX
10
90.1751
20
149.1772
0
VERTEX
10
92.5050
20
149.4479
0
VERTEX
10
94.4059
20
148.7343
0
VERTEX
10
95.8556
20
147.0353
0
VERTEX
10
96.8516
20
144.3821
0
VERTEX
10
97.4114
20
140.8370
0
VERTEX
10
97.5706
20
136.4918
0
VERTEX
10
97.3818
20
131.4641
0
VERTEX
10
96.9117
20
125.8943
0
VERTEX
10
96.2383
20
119.9401
0
VERTEX
10
95.4476
20
113.7715
0
VERTEX
10
94.6298
20
107.5654
0
VERTEX
10
93.8760
20
101.4993
0
VERTEX
10
93.2739
20
95.7455
0
VERTEX
10
92.9044
20
90.4655
0
VERTEX
10
92.8383
20
85.8045
0
VERTEX
10
93.1332
20
81.8868
0
VERTEX
10
93.8311
20
78.8116
0
VERTEX
10
94.9564
20
76.6504
0
VERTEX
10
96.5149
20
75.4440
0
VERTEX
10
98.4929
20
75.2024
0
VERTEX
10
100.8579
20
75.9041
0
VERTEX
10
103.5590
20
77.4974
0
VERTEX
10
106.5286
20
79.9028
0
VERTEX
10
109.6849
20
83.0157
0
VERTEX
10
112.9345
20
86.7104
0
VERTEX
10
116.1753
20
90.8449
0
VERTEX
10
119.3007
20
95.2660
0
VERTEX
10
122.2027
20
99.8145
0
VERTEX
10
124.7762
20
104.3315
0
VERTEX
10
126.9224
20
108.6632
0
VERTEX
10
128.5527
20
112.6667
0
VERTEX
10
129.5917
20
116.2151
0
VERTEX
10
129.9804
20
119.2013
0
VERTEX
10
129.6777
20
121.5419
0
VERTEX
10
128.6632
20
123.1797
0
VERTEX
10
126.9369
20
124.0855
0
VERTEX
10
124.5206
20
124.2588
0
VERTEX
10
121.4568
20
123.7274
0
VERTEX
10
117.8075
20
122.5459
0
VERTEX
10
113.6529
20
120.7935
0
VERTEX
10
109.0885
20
118.5708
0
VERTEX
10
104.2222
20
115.9958
0
VERTEX
10
99.1710
20
113.1992
0
VERTEX
10
94.0575
20
110.3194
0
VERTEX
10
89.0059
20
107.4975
0
VERTEX
10
84.1378
20
104.8715
0
VERTEX
10
79.5692
20
102.5715
0
VERTEX
10
75.4059
20
100.7144
0
VERTEX
10
71.7412
20
99.3998
0
VERTEX
10
68.6526
20
98.7061
0
VERTEX
10
66.1997
20
98.6876
0
VERTEX
10
64.4224
20
99.3720
0
VERTEX
10
63.3404
20
100.7599
0
VERTEX
10
62.9524
20
102.8242
0
VERTEX
10
63.2370
20
105.5111
0
VERTEX
10
64.1535
20
108.7418
0
VERTEX
10
65.6438
20
112.4155
0
VERTEX
10
67.6346
20
116.4126
0
VERTEX
10
70.0406
20
120.5993
0
VERTEX
10
72.7669
20
124.8318
0
VERTEX
10
75.7135
20
128.9619
0
VERTEX
10
78.7778
20
132.8421
0
VERTEX
10
81.8588
20
136.3308
0
VERTEX
10
84.8608
20
139.2971
0
VERTEX
10
87.6959
20
141.6261
0
VERTEX
10
90.2875
20
143.2224
0
VERTEX
10
92.5726
20
144.0140
0
VERTEX
10
94.5035
20
143.9546
0
VERTEX
10
96.0494
20
143.0255
0
VERTEX
10
97.1971
20
141.2363
0
VERTEX
10
97.9507
20
138.6248
0
VERTEX
10
98.3313
20
135.2556
0
VERTEX
10
98.3755
20
131.2183
0
VERTEX
10
98.1341
20
126.6241
0
VERTEX
10
97.6691
20
121.6026
0
VERTEX
10
97.0516
20
116.2967
0
VERTEX
10
96.3582
20
110.8588
0
VERTEX
10
95.6683
20
105.4448
0
VERTEX
10
95.0606
20
100.2092
0
VERTEX
10
94.6097
20
95.3002
0
VERTEX
10
94.3832
20
90.8546
0
VERTEX
10
94.4387
20
86.9931
0
VERTEX
10
94.8218
20
83.8167
0
VERTEX
10
95.5634
20
81.4035
0
VERTEX
10
96.6791
20
79.8060
0
VERTEX
10
98.1675
20
79.0500
0
VERTEX
10
100.0108
20
79.1338
0
VERTEX
10
102.1747
20
80.0285
0
VERTEX
10
104.6096
20
81.6795
0
VERTEX
10
107.2521
20
84.0088
0
VERTEX
10
110.0273
20
86.9175
0
VERTEX
10
112.8511
20
90.2903
0
VERTEX
10
115.6333
20
93.9989
0
VERTEX
10
118.2808
20
97.9071
0
VERTEX
10
120.7007
20
101.8756
0
VERTEX
10
122.8039
20
105.7670
0
VERTEX
10
124.5080
20
109.4504
0
VERTEX
10
125.7403
20
112.8061
0
VERTEX
10
126.4410
20
115.7295
0
VERTEX
10
126.5646
20
118.1348
0
VERTEX
10
126.0825
20
119.9578
0
VERTEX
10
124.9836
20
121.1578
0
VERTEX
10
123.2753
20
121.7184
0
VERTEX
10
120.9832
20
121.6486
0
VERTEX
10
118.1506
20
120.9812
0
VERTEX
10
114.8373
20
119.7718
0
VERTEX
10
111.1176
20
118.0964
0
VERTEX
10
107.0782
20
116.0481
0
VERTEX
10
102.8157
20
113.7336
0
VERTEX
10
98.4329
20
111.2691
0
VERTEX
10
94.0364
20
108.7758
0
VERTEX
10
89.7325
20
106.3752
0
VERTEX
10
85.6245
20
104.1846
0
VERTEX
10
81.8090
20
102.3126
0
VERTEX
10
78.3735
20
100.8549
0
VERTEX
10
75.3930
20
99.8913
0
VERTEX
10
72.9285
20
99.4817
0
VERTEX
10
71.0249
20
99.6648
0
VERTEX
10
69.7100
20
100.4558
0
VERTEX
10
68.9937
20
101.8464
0
VERTEX
10
68.8684
20
103.8047
0
VERTEX
10
69.3093
20
106.2762
0
VERTEX
10
70.2757
20
109.1859
0
VERTEX
10
71.7125
20
112.4408
0
VERTEX
10
73.5530
20
115.9334
0
VERTEX
10
75.7205
20
119.5451
0
VERTEX
10
78.1320
20
123.1509
0
VERTEX
10
80.7006
20
126.6235
0
VERTEX
10
83.3389
20
129.8378
0
VERTEX
10
85.9618
20
132.6757
0
VERTEX
10
88.4897
20
135.0299
0
VERTEX
10
90.8509
20
136.8081
0
VERTEX
10
92.9842
20
137.9360
0
VERTEX
10
94.8404
20
138.3601
0
VERTEX
10
96.3842
20
138.0497
0
VERTEX
10
97.5946
20
136.9981
0
VERTEX
10
98.4658
20
135.2225
0
VERTEX
10
99.0066
20
132.7641
0
VERTEX
10
99.2400
20
129.6863
0
VERTEX
10
99.2016
20
126.0728
0
VERTEX
10
98.9380
20
122.0245
0
VERTEX
10
98.5049
20
117.6566
0
VERTEX
10
97.9644
20
113.0942
0
VERTEX
10
97.3827
20
108.4685
0
VERTEX
10
96.8268
20
103.9120
0
VERTEX
10
96.3623
20
99.5545
0
VERTEX
10
96.0502
20
95.5184
0
VERTEX
10
95.9448
20
91.9151
0
VERTEX
10
96.0911
20
88.8409
0
VERTEX
10
96.5230
20
86.3743
0
VERTEX
10
97.2618
20
84.5732
0
VERTEX
10
98.3156
20
83.4736
0
VERTEX
10
99.6779
20
83.0882
0
VERTEX
10
101.3285
20
83.4068
0
VERTEX
10
103.2337
20
84.3964
0
VERTEX
10
105.3472
20
86.0029
0
VERTEX
10
107.6121
20
88.1532
0
VERTEX
10
109.9623
20
90.7582
0
VERTEX
10
112.3253
20
93.7156
0
VERTEX
10
114.6242
20
96.9144
0
VERTEX
10
116.7809
20
100.2381
0
VERTEX
10
118.7185
20
103.5694
0
VERTEX
10
120.3645
20
106.7942
0
VERTEX
10
121.6528
20
109.8053
0
VERTEX
10
122.5268
20
112.5064
0
VERTEX
10
122.9409
20
114.8155
0
VERTEX
10
122.8625
20
116.6670
0
VERTEX
10
122.2734
20
118.0142
0
VERTEX
10
121.1705
20
118.8308
0
VERTEX
10
119.5659
20
119.1110
0
VERTEX
10
117.4868
20
118.8702
0
VERTEX
10
114.9750
20
118.1431
0
VERTEX
10
112.0852
20
116.9833
0
VERTEX
10
108.8836
20
115.4599
0
VERTEX
10
105.4460
20
113.6555
0
VERTEX
10
101.8550
20
111.6629
0
VERTEX
10
98.1977
20
109.5810
0
VERTEX
10
94.5630
20
107.5116
0
VERTEX
10
91.0386
20
105.5550
0
VERTEX
10
87.7084
20
103.8068
0
VERTEX
10
84.6499
20
102.3537
0
VERTEX
10
81.9317
20
101.2707
0
VERTEX
10
79.6118
20
100.6182
0
VERTEX
10
77.7357
20
100.4394
0
VERTEX
10
76.3349
20
100.7591
0
VERTEX
10
75.4269
20
101.5827
0
VERTEX
10
75.0140
20
102.8957
0
VERTEX
10
75.0842
20
104.6644
0
VERTEX
10
75.6118
20
106.8370
0
VERTEX
10
76.5582
20
109.3455
0
VERTEX
10
77.8740
20
112.1080
0
VERTEX
10
79.5006
20
115.0319
0
VERTEX
10
81.3724
20
118.0167
0
VERTEX
10
83.4193
20
120.9582
0
VERTEX
10
85.5691
20
123.7516
0
VERTEX
10
87.7505
20
126.2957
0
VERTEX
10
89.8946
20
128.4963
0
VERTEX
10
91.9383
20
130.2695
0
VERTEX
10
93.8257
20
131.5449
0
VERTEX
10
95.5100
20
132.2679
0
VERTEX
10
96.9550
20
132.4018
0
VERTEX
10
98.1362
20
131.9289
0
VERTEX
10
99.0409
20
130.8516
0
VERTEX
10
99.6690
20
129.1917
0
VERTEX
10
100.0321
20
126.9904
0
VERTEX
10
100.1529
20
124.3063
0
VERTEX
10
100.0641
20
121.2139
0
VERTEX
10
99.8066
20
117.8008
0
VERTEX
10
99.4280
20
114.1646
0
VERTEX
10
98.9804
20
110.4100
0
VERTEX
10
98.5179
20
106.6450
0
VERTEX
10
98.0951
20
102.9773
0
VERTEX
10
97.7638
20
99.5107
0
VERTEX
10
97.5718
20
96.3418
0
VERTEX
10
97.5604
20
93.5568
0
VERTEX
10
97.7627
20
91.2285
0
VERTEX
10
98.2024
20
89.4143
0
VERTEX
10
98.8927
20
88.1544
0
VERTEX
10
99.8357
20
87.4705
0
VERTEX
10
101.0218
20
87.3654
0
VERTEX
10
102.4304
20
87.8233
0
VERTEX
10
104.0305
20
88.8104
0
VERTEX
10
105.7812
20
90.2765
0
VERTEX
10
107.6338
20
92.1569
0
VERTEX
10
109.5329
20
94.3748
0
VERTEX
10
111.4186
20
96.8442
0
VERTEX
10
113.2288
20
99.4732
0
VERTEX
10
114.9008
20
102.1671
0
VERTEX
10
116.3743
20
104.8316
0
VERTEX
10
117.5931
20
107.3766
0
VERTEX
10
118.5072
20
109.7189
0
VERTEX
10
119.0747
20
111.7850
0
VERTEX
10
119.2633
20
113.5139
0
VERTEX
10
119.0517
20
114.8588
0
VERTEX
10
118.4302
20
115.7885
0
VERTEX
10
117.4012
20
116.2882
0
VERTEX
10
115.9795
20
116.3602
0
VERTEX
10
114.1918
20
116.0230
0
VERTEX
10
112.0757
20
115.3105
0
VERTEX
10
109.6787
20
114.2707
0
VERTEX
10
107.0571
20
112.9634
0
VERTEX
10
104.2735
20
111.4583
0
VERTEX
10
101.3953
20
109.8314
0
VERTEX
10
98.4928
20
108.1631
0
VERTEX
10
95.6363
20
106.5343
0
VERTEX
10
92.8943
20
105.0237
0
VERTEX
10
90.3317
20
103.7048
0
VERTEX
10
88.0071
20
102.6433
0
VERTEX
10
85.9716
20
101.8941
0
VERTEX
10
84.2671
20
101.5001
0
VERTEX
10
82.9250
20
101.4898
0
VERTEX
10
81.9658
20
101.8768
0
VERTEX
10
81.3982
20
102.6590
0
VERTEX
10
81.2194
20
103.8190
0
VERTEX
10
81.4153
20
105.3243
0
VERTEX
10
81.9612
20
107.1288
0
VERTEX
10
82.8231
20
109.1742
0
VERTEX
10
83.9588
20
111.3926
0
VERTEX
10
85.3197
20
113.7082
0
VERTEX
10
86.8525
20
116.0407
0
VERTEX
10
88.5012
20
118.3078
0
VERTEX
10
90.2091
20
120.4281
0
VERTEX
10
91.9207
20
122.3243
0
VERTEX
10
93.5838
20
123.9257
0
VERTEX
10
95.1508
20
125.1709
0
VERTEX
10
96.5808
20
126.0097
0
VERTEX
10
97.8403
20
126.4052
0
VERTEX
10
98.9047
20
126.3347
0
VERTEX
10
99.7583
20
125.7911
0
VERTEX
10
100.3953
20
124.7824
0
VERTEX
10
100.8191
20
123.3322
0
VERTEX
10
101.0422
20
121.4782
0
VERTEX
10
101.0853
20
119.2713
0
VERTEX
10
100.9765
20
116.7740
0
VERTEX
10
100.7497
20
114.0576
0
VERTEX
10
100.4430
20
111.2005
0
VERTEX
10
100.0976
20
108.2851
0
VERTEX
10
99.7556
20
105.3952
0
VERTEX
10
99.4582
20
102.6131
0
VERTEX
10
99.2442
20
100.0168
0
VERTEX
10
99.1486
20
97.6778
0
VERTEX
10
99.2006
20
95.6583
0
VERTEX
10
99.4228
20
94.0096
0
VERTEX
10
99.8302
20
92.7702
0
VERTEX
10
100.4296
20
91.9651
0
VERTEX
10
101.2188
20
91.6048
0
VERTEX
10
102.1873
20
91.6852
0
VERTEX
10
103.3159
20
92.1883
0
VERTEX
10
104.5780
20
93.0825
0
VERTEX
10
105.9399
20
94.3245
0
VERTEX
10
107.3625
20
95.8607
0
VERTEX
10
108.8022
20
97.6289
0
VERTEX
10
110.2128
20
99.5615
0
VERTEX
10
111.5470
20
101.5869
0
VERTEX
10
112.7582
20
103.6329
0
VERTEX
10
113.8019
20
105.6289
0
VERTEX
10
114.6378
20
107.5082
0
VERTEX
10
115.2307
20
109.2105
0
VERTEX
10
115.5522
20
110.6840
0
VERTEX
10
115.5816
20
111.8867
0
VERTEX
10
115.3067
20
112.7882
0
VERTEX
10
114.7243
20
113.3700
0
VERTEX
10
113.8405
20
113.6265
0
VERTEX
10
112.6704
20
113.5646
0
VERTEX
10
111.2377
20
113.2032
0
VERTEX
10
109.5741
20
112.5724
0
VERTEX
10
107.7182
20
111.7123
0
VERTEX
10
105.7143
20
110.6710
0
VERTEX
10
103.6112
20
109.5030
0
VERTEX
10
101.4601
20
108.2668
0
VERTEX
10
99.3136
20
107.0229
0
VERTEX
10
97.2237
20
105.8312
0
VERTEX
10
95.2402
20
104.7490
0
VERTEX
10
93.4095
20
103.8286
0
VERTEX
10
91.7725
20
103.1157
0
VERTEX
10
90.3643
20
102.6473
0
VERTEX
10
89.2122
20
102.4507
0
VERTEX
10
88.3360
20
102.5424
0
VERTEX
10
87.7468
20
102.9274
0
VERTEX
10
87.4471
20
103.5993
0
VERTEX
10
87.4309
20
104.5404
0
VERTEX
10
87.6842
20
105.7223
0
VERTEX
10
88.1855
20
107.1072
0
VERTEX
10
88.9068
20
108.6489
0
VERTEX
10
89.8149
20
110.2950
0
VERTEX
10
90.8722
20
111.9884
0
VERTEX
10
92.0385
20
113.6695
0
VERTEX
10
93.2724
20
115.2785
0
VERTEX
10
94.5327
20
116.7573
0
VERTEX
10
95.7795
20
118.0514
0
VERTEX
10
96.9761
20
119.1126
0
VERTEX
10
98.0899
20
119.8998
0
VERTEX
10
99.0933
20
120.3810
0
VERTEX
10
99.9647
20
120.5341
0
VERTEX
10
100.6890
20
120.3480
0
VERTEX
10
101.2580
20
119.8225
0
VERTEX
10
101.6703
20
118.9688
0
VERTEX
10
101.9313
20
117.8087
0
VERTEX
10
102.0524
20
116.3739
0
VERTEX
10
102.0511
20
114.7050
0
VERTEX
10
101.9493
20
112.8500
0
VERTEX
10
101.7726
20
110.8626
0
VERTEX
10
101.5495
20
108.8005
0
VERTEX
10
101.3095
20
106.7233
0
VERTEX
10
101.0825
20
104.6902
0
VERTEX
10
100.8972
20
102.7589
0
VERTEX
10
100.7800
20
100.9827
0
VERTEX
10
100.7538
20
99.4094
0
VERTEX
10
100.8374
20
98.0795
0
VERTEX
10
101.0444
20
97.0250
0
VERTEX
10
101.3827
20
96.2687
0
VERTEX
10
101.8542
20
95.8232
0
VERTEX
10
102.4550
20
95.6908
0
VERTEX
10
103.1748
20
95.8640
0
VERTEX
10
103.9980
20
96.3252
0
VERTEX
10
104.9036
20
97.0481
0
VERTEX
10
105.8665
20
97.9987
0
VERTEX
10
106.8580
20
99.1362
0
VERTEX
10
107.8471
20
100.4153
0
VERTEX
10
108.8016
20
101.7870
0
VERTEX
10
109.6889
20
103.2011
0
VERTEX
10
110.4778
20
104.6077
0
VERTEX
10
111.1390
20
105.9589
0
VERTEX
10
111.6466
20
107.2104
0
VERTEX
10
111.9789
20
108.3233
0
VERTEX
10
112.1191
20
109.2649
0
VERTEX
10
112.0562
20
110.0101
0
VERTEX
10
111.7851
20
110.5419
0
VERTEX
10
111.3069
20
110.8518
0
VERTEX
10
110.6291
20
110.9403
0
VERTEX
10
109.7650
20
110.8160
0
VERTEX
10
108.7338
20
110.4957
0
VERTEX
10
107.5596
20
110.0033
0
VERTEX
10
106.2706
20
109.3687
0
VERTEX
10
104.8983
20
108.6268
0
VERTEX
10
103.4768
20
107.8159
0
VERTEX
10
102.0411
20
106.9763
0
VERTEX
10
100.6263
20
106.1485
0
VERTEX
10
99.2668
20
105.3721
0
VERTEX
10
97.9945
20
104.6838
0
VERTEX
10
96.8387
20
104.1166
0
VERTEX
10
95.8243
20
103.6980
0
VERTEX
10
94.9721
20
103.4494
0
VERTEX
10
94.2974
20
103.3853
0
VERTEX
10
93.8100
20
103.5129
0
VERTEX
10
93.5141
20
103.8315
0
VERTEX
10
93.4082
20
104.3330
0
VERTEX
10
93.4853
20
105.0023
0
VERTEX
10
93.7332
20
105.8173
0
VERTEX
10
94.1353
20
106.7505
0
VERTEX
10
94.6711
20
107.7696
0
VERTEX
10
95.3172
20
108.8389
0
VERTEX
10
96.0479
20
109.9204
0
VERTEX
10
96.8363
20
110.9754
0
VERTEX
10
97.6553
20
111.9660
0
VERTEX
10
98.4785
20
112.8560
0
VERTEX
10
99.2811
20
113.6128
0
VERTEX
10
100.0407
20
114.2079
0
VERTEX
10
100.7378
20
114.6184
0
VERTEX
10
101.3567
20
114.8277
0
VERTEX
10
101.8858
20
114.8257
0
VERTEX
10
102.3176
20
114.6095
0
VERTEX
10
102.6493
20
114.1833
0
VERTEX
10
102.8822
20
113.5581
0
VERTEX
10
103.0218
20
112.7514
0
VERTEX
10
103.0773
20
111.7866
0
VERTEX
10
103.0612
20
110.6920
0
VERTEX
10
102.9885
20
109.4998
0
VERTEX
10
102.8760
20
108.2450
0
VERTEX
10
102.7419
20
106.9643
0
VERTEX
10
102.6046
20
105.6945
0
VERTEX
10
102.4821
20
104.4718
0
VERTEX
10
102.3913
20
103.3300
0
VERTEX
10
102.3472
20
102.2997
0
VERTEX
10
102.3624
20
101.4074
0
VERTEX
10
102.4465
20
100.6746
0
VERTEX
10
102.6057
20
100.1172
0
VERTEX
10
102.8430
20
99.7450
0
VERTEX
10
103.1573
20
99.5615
0
VERTEX
10
103.5441
20
99.5643
0
VERTEX
10
103.9955
20
99.7447
0
VERTEX
10
104.5004
20
100.0887
0
VERTEX
10
105.0450
20
100.5774
0
VERTEX
10
105.6134
20
101.1878
0
VERTEX
10
106.1879
20
101.8937
0
VERTEX
10
106.7502
20
102.6669
0
VERTEX
10
107.2816
20
103.4777
0
VERTEX
10
107.7639
20
104.2966
0
VERTEX
10
108.1800
20
105.0952
0
VERTEX
10
108.5147
20
105.8468
0
VERTEX
10
108.7548
20
106.5278
0
VERTEX
10
108.8904
20
107.1178
0
VERTEX
10
108.9142
20
107.6011
0
VERTEX
10
108.8228
20
107.9663
0
VERTEX
10
108.6160
20
108.2070
0
VERTEX
10
108.2972
20
108.3219
0
VERTEX
10
107.8733
20
108.3145
0
VERTEX
10
107.3544
20
108.1927
0
VERTEX
10
106.7533
20
107.9687
0
VERTEX
10
106.0853
20
107.6583
0
VERTEX
10
105.3676
20
107.2799
0
VERTEX
10
104.6185
20
106.8543
0
VERTEX
10
103.8572
20
106.4031
0
VERTEX
10
103.1029
20
105.9485
0
VERTEX
10
102.3742
20
105.5121
0
VERTEX
10
101.6887
20
105.1140
0
VERTEX
10
101.0622
20
104.7726
0
VERTEX
10
100.5085
20
104.5031
0
VERTEX
10
100.0388
20
104.3176
0
VERTEX
10
99.6615
20
104.2247
0
VERTEX
10
99.3821
20
104.2288
0
VERTEX
10
99.2030
20
104.3304
0
VERTEX
10
99.1235
20
104.5262
0
VERTEX
10
99.1402
20
104.8090
0
VERTEX
10
99.2469
20
105.1681
0
VERTEX
10
99.4350
20
105.5901
0
VERTEX
10
99.6940
20
106.0591
0
VERTEX
10
100.0117
20
106.5575
0
VERTEX
10
100.3752
20
107.0667
0
VERTEX
10
100.7706
20
107.5676
0
VERTEX
10
101.1842
20
108.0419
0
VERTEX
10
101.6026
20
108.4719
0
VERTEX
10
102.0134
20
108.8419
0
VERTEX
10
102.4051
20
109.1385
0
VERTEX
10
102.7682
20
109.3509
0
VERTEX
10
103.0947
20
109.4714
0
VERTEX
10
103.3788
20
109.4955
0
VERTEX
10
103.6167
20
109.4223
0
VERTEX
10
103.8070
20
109.2541
0
VERTEX
10
103.9501
20
108.9963
0
VERTEX
10
104.0484
20
108.6576
0
VERTEX
10
104.1060
20
108.2489
0
VERTEX
10
104.1284
20
107.7834
0
VERTEX
10
104.1225
20
107.2757
0
VERTEX
10
104.0956
20
106.7418
0
VERTEX
10
104.0557
20
106.1977
0
VERTEX
10
104.0108
20
105.6596
0
VERTEX
10
103.9685
20
105.1429
0
VERTEX
10
103.9358
20
104.6615
0
VERTEX
10
103.9191
20
104.2281
0
VERTEX
10
103.9233
20
103.8530
0
VERTEX
10
103.9521
20
103.5442
0
VERTEX
10
104.0078
20
103.3072
0
VERTEX
10
104.0913
20
103.1448
0
VERTEX
10
104.2017
20
103.0572
0
VERTEX
10
104.3371
20
103.0419
0
VERTEX
10
104.4940
20
103.0944
0
VERTEX
10
104.6680
20
103.2079
0
VERTEX
10
104.8537
20
103.3738
0
VERTEX
10
105.0452
20
103.5825
0
VERTEX
10
105.2360
20
103.8232
0
VERTEX
10
105.4199
20
104.0848
0
VERTEX
10
105.5905
20
104.3562
0
VERTEX
10
105.7423
20
104.6266
0
VERTEX
10
105.8701
20
104.8863
0
VERTEX
10
105.9698
20
105.1264
0
VERTEX
10
106.0384
20
105.3395
0
VERTEX
10
106.0740
20
105.5201
0
VERTEX
10
106.0759
20
105.6640
0
VERTEX
10
106.0447
20
105.7691
0
VERTEX
10
105.9822
20
105.8351
0
VERTEX
10
105.8913
20
105.8631
0
VERTEX
10
105.7758
20
105.8560
0
VERTEX
10
105.6403
20
105.8179
0
VERTEX
10
105.4900
20
105.7537
0
VERTEX
10
105.3306
20
105.6693
0
VERTEX
10
105.1677
20
105.5709
0
VERTEX
10
105.0071
20
105.4647
0
VERTEX
10
104.8541
20
105.3568
0
VERTEX
10
104.7135
20
105.2528
0
VERTEX
10
104.5895
20
105.1576
0
VERTEX
10
104.4854
20
105.0749
0
VERTEX
10
104.4037
20
105.0077
0
VERTEX
10
104.3457
20
104.9576
0
VERTEX
10
104.3121
20
104.9250
0
VERTEX
10
104.3022
20
104.9093
0
VERTEX
10
104.3146
20
104.9089
0
VERTEX
10
104.3473
20
104.9210
0
VERTEX
10
104.3974
20
104.9424
0
VERTEX
10
104.4614
20
104.9693
0
VERTEX
10
104.5358
20
104.9976
0
VERTEX
10
104.6168
20
105.0233
0
VERTEX
10
104.7007
20
105.0425
0
VERTEX
10
104.7838
20
105.0520
0
VERTEX
10
104.8631
20
105.0491
0
VERTEX
10
104.9358
20
105.0321
0
VERTEX
10
105.0000
20
105.0000
0
VERTEX
10
105.0542
20
104.9531
0
VERTEX
10
105.0978
20
104.8928
0
VERTEX
10
105.1308
20
104.8211
0
VERTEX
10
105.1539
20
104.7413
0
VERTEX
10
105.1683
20
104.6574
0
VERTEX
10
105.1757
20
104.5739
0
VERTEX
10
105.1783
20
104.4956
0
VERTEX
10
105.1784
20
104.4275
0
VERTEX
10
105.1781
20
104.3743
0
VERTEX
10
105.1798
20
104.3407
0
VERTEX
10
105.1853
20
104.3301
0
VERTEX
10
105.1961
20
104.3456
0
VERTEX
10
105.2134
20
104.3888
0
VERTEX
10
105.2374
20
104.4604
0
VERTEX
10
105.2678
20
104.5596
0
VERTEX
10
105.3037
20
104.6843
0
VERTEX
10
105.3434
20
104.8313
0
VERTEX
10
105.3847
20
104.9959
0
VERTEX
10
105.4247
20
105.1725
0
VERTEX
10
105.4604
20
105.3547
0
VERTEX
10
105.4882
20
105.5353
0
VERTEX
10
105.5048
20
105.7071
0
VERTEX
10
105.5068
20
105.8627
0
VERTEX
10
105.4912
20
105.9950
0
VERTEX
10
105.4556
20
106.0976
0
VERTEX
10
105.3980
20
106.1651
0
VERTEX
10
105.3176
20
106.1931
0
VERTEX
10
105.2144
20
106.1790
0
VERTEX
10
105.0896
20
106.1214
0
VERTEX
10
104.9454
20
106.0209
0
VERTEX
10
104.7850
20
105.8796
0
VERTEX
10
104.6130
20
105.7016
0
VERTEX
10
104.4346
20
105.4923
0
VERTEX
10
104.2562
20
105.2588
0
VERTEX
10
104.0844
20
105.0091
0
VERTEX
10
103.9266
20
104.7522
0
VERTEX
10
103.7901
20
104.4975
0
VERTEX
10
103.6821
20
104.2547
0
VERTEX
10
103.6096
20
104.0330
0
VERTEX
10
103.5786
20
103.8411
0
VERTEX
10
103.5944
20
103.6865
0
VERTEX
10
103.6610
20
103.5753
0
VERTEX
10
103.7810
20
103.5120
0
VERTEX
10
103.9555
20
103.4990
0
VERTEX
10
104.1836
20
103.5365
0
VERTEX
10
104.4632
20
103.6226
0
VERTEX
10
104.7901
20
103.7533
0
VERTEX
10
105.1584
20
103.9222
0
VERTEX
10
105.5610
20
104.1212
0
VERTEX
10
105.9892
20
104.3404
0
VERTEX
10
106.4334
20
104.5687
0
VERTEX
10
106.8832
20
104.7940
0
VERTEX
10
107.3276
20
105.0040
0
VERTEX
10
107.7558
20
105.1862
0
VERTEX
10
108.1571
20
105.3288
0
VERTEX
10
108.5215
20
105.4213
0
VERTEX
10
108.8401
20
105.4545
0
VERTEX
10
109.1051
20
105.4213
0
VERTEX
10
109.3106
20
105.3170
0
VERTEX
10
109.4523
20
105.1397
0
VERTEX
10
109.5281
20
104.8901
0
VERTEX
10
109.5378
20
104.5722
0
VERTEX
10
109.4833
20
104.1926
0
VERTEX
10
109.3686
20
103.7608
0
VERTEX
10
109.1997
20
103.2890
0
VERTEX
10
108.9840
20
102.7915
0
VERTEX
10
108.7307
20
102.2841
0
VERTEX
10
108.4497
20
101.7841
0
VERTEX
10
108.1517
20
101.3093
0
VERTEX
10
107.8479
20
100.8774
0
VERTEX
10
107.5492
20
100.5056
0
VERTEX
10
107.2658
20
100.2095
0
VERTEX
10
107.0073
20
100.0029
0
VERTEX
10
106.7816
20
99.8970
0
VERTEX
10
106.5953
20
99.9002
0
VERTEX
10
106.4527
20
100.0172
0
VERTEX
10
106.3564
20
100.2492
0
VERTEX
10
106.3065
20
100.5935
0
VERTEX
10
106.3009
20
101.0436
0
VERTEX
10
106.3355
20
101.5893
0
VERTEX
10
106.4039
20
102.2169
0
VERTEX
10
106.4982
20
102.9096
0
VERTEX
10
106.6089
20
103.6482
0
VERTEX
10
106.7254
20
104.4114
0
VERTEX
10
106.8365
20
105.1767
0
VERTEX
10
106.9309
20
105.9212
0
VERTEX
10
106.9974
20
106.6222
0
VERTEX
10
107.0257
20
107.2583
0
VERTEX
10
107.0069
20
107.8096
0
VERTEX
10
106.9336
20
108.2592
0
VERTEX
10
106.8007
20
108.5930
0
VERTEX
10
106.6053
20
108.8009
0
VERTEX
10
106.3471
20
108.8768
0
VERTEX
10
106.0287
20
108.8191
0
VERTEX
10
105.6556
20
108.6305
0
VERTEX
10
105.2355
20
108.3182
0
VERTEX
10
104.7792
20
107.8937
0
VERTEX
10
104.2994
20
107.3721
0
VERTEX
10
103.8106
20
106.7721
0
VERTEX
10
103.3291
20
106.1149
0
VERTEX
10
102.8716
20
105.4234
0
VERTEX
10
102.4553
20
104.7220
0
VERTEX
10
102.0973
20
104.0351
0
VERTEX
10
101.8134
20
103.3862
0
VERTEX
10
101.6182
20
102.7977
0
VERTEX
10
101.5242
20
102.2891
0
VERTEX
10
101.5411
20
101.8771
0
VERTEX
10
101.6759
20
101.5745
0
VERTEX
10
101.9322
20
101.3897
0
VERTEX
10
102.3098
20
101.3266
0
VERTEX
10
102.8053
20
101.3842
0
VERTEX
10
103.4114
20
101.5566
0
VERTEX
10
104.1172
20
101.8333
0
VERTEX
10
104.9089
20
102.1995
0
VERTEX
10
105.7695
20
102.6365
0
VERTEX
10
106.6800
20
103.1225
0
VERTEX
10
107.6194
20
103.6336
0
VERTEX
10
108.5656
20
104.1441
0
VERTEX
10
109.4960
20
104.6281
0
VERTEX
10
110.3884
20
105.0601
0
VERTEX
10
111.2214
20
105.4164
0
VERTEX
10
111.9754
20
105.6753
0
VERTEX
10
112.6332
20
105.8190
0
VERTEX
10
113.1801
20
105.8334
0
VERTEX
10
113.6050
20
105.7095
0
VERTEX
10
113.9006
20
105.4432
0
VERTEX
10
114.0632
20
105.0361
0
VERTEX
10
114.0933
20
104.4955
0
VERTEX
10
113.9955
20
103.8337
0
VERTEX
10
113.7779
20
103.0687
0
VERTEX
10
113.4524
20
102.2226
0
VERTEX
10
113.0337
20
101.3216
0
VERTEX
10
112.5391
20
100.3949
0
VERTEX
10
111.9880
20
99.4738
0
VERTEX
10
111.4006
20
98.5905
0
VERTEX
10
110.7977
20
97.7769
0
VERTEX
10
110.1999
20
97.0639
0
VERTEX
10
109.6266
20
96.4797
0
VERTEX
10
109.0955
20
96.0489
0
VERTEX
10
108.6218
20
95.7919
0
VERTEX
10
108.2178
20
95.7238
0
VERTEX
10
107.8925
20
95.8535
0
VERTEX
10
107.6511
20
96.1840
0
VERTEX
10
107.4950
20
96.7115
0
VERTEX
10
107.4215
20
97.4255
0
VERTEX
10
107.4243
20
98.3095
0
VERTEX
10
107.4937
20
99.3411
0
VERTEX
10
107.6165
20
100.4924
0
VERTEX
10
107.7774
20
101.7317
0
VERTEX
10
107.9589
20
103.0237
0
VERTEX
10
108.1423
20
104.3310
0
VERTEX
10
108.3086
20
105.6154
0
VERTEX
10
108.4389
20
106.8391
0
VERTEX
10
108.5158
20
107.9660
0
VERTEX
10
108.5234
20
108.9627
0
VERTEX
10
108.4489
20
109.8003
0
VERTEX
10
108.2823
20
110.4545
0
VERTEX
10
108.0177
20
110.9074
0
VERTEX
10
107.6532
20
111.1474
0
VERTEX
10
107.1911
20
111.1698
0
VERTEX
10
106.6383
20
110.9773
0
VERTEX
10
106.0059
20
110.5796
0
VERTEX
10
105.3090
20
109.9930
0
VERTEX
10
104.5665
20
109.2402
0
VERTEX
10
103.8001
20
108.3492
0
VERTEX
10
103.0341
20
107.3522
0
VERTEX
10
102.2940
20
106.2851
0
VERTEX
10
101.6063
20
105.1854
0
VERTEX
10
100.9972
20
104.0913
0
VERTEX
10
100.4917
20
103.0405
0
VERTEX
10
100.1127
20
102.0683
0
VERTEX
10
99.8801
20
101.2068
0
VERTEX
10
99.8103
20
100.4836
0
VERTEX
10
99.9153
20
99.9207
0
VERTEX
10
100.2019
20
99.5337
0
VERTEX
10
100.6722
20
99.3314
0
VERTEX
10
101.3223
20
99.3151
0
VERTEX
10
102.1432
20
99.4790
0
VERTEX
10
103.1205
20
99.8102
0
VERTEX
10
104.2349
20
100.2889
0
VERTEX
10
105.4629
20
100.8895
0
VERTEX
10
106.7770
20
101.5815
0
VERTEX
10
108.1469
20
102.3304
0
VERTEX
10
109.5407
20
103.0991
0
VERTEX
10
110.9250
20
103.8495
0
VERTEX
10
112.2668
20
104.5436
0
VERTEX
10
113.5343
20
105.1451
0
VERTEX
10
114.6975
20
105.6210
0
VERTEX
10
115.7298
20
105.9426
0
VERTEX
10
116.6084
20
106.0869
0
VERTEX
10
117.3152
20
106.0373
0
VERTEX
10
117.8371
20
105.7847
0
VERTEX
10
118.1669
20
105.3276
0
VERTEX
10
118.3029
20
104.6727
0
VERTEX
10
118.2494
20
103.8343
0
VERTEX
10
118.0160
20
102.8344
0
VERTEX
10
117.6178
20
101.7018
0
VERTEX
10
117.0744
20
100.4713
0
VERTEX
10
116.4091
20
99.1822
0
VERTEX
10
115.6486
20
97.8775
0
VERTEX
10
114.8212
20
96.6022
0
VERTEX
10
113.9568
20
95.4015
0
VERTEX
10
113.0847
20
94.3195
0
VERTEX
10
112.2335
20
93.3975
0
VERTEX
10
111.4296
20
92.6724
0
VERTEX
10
110.6963
20
92.1754
0
VERTEX
10
110.0532
20
91.9311
0
VERTEX
10
109.5153
20
91.9560
0
VERTEX
10
109.0925
20
92.2579
0
VERTEX
10
108.7897
20
92.8361
0
VERTEX
10
108.6059
20
93.6804
0
VERTEX
10
108.5351
20
94.7719
0
VERTEX
10
108.5661
20
96.0835
0
VERTEX
10
108.6833
20
97.5804
0
VERTEX
10
108.8671
20
99.2215
0
VERTEX
10
109.0947
20
100.9606
0
VERTEX
10
109.3413
20
102.7479
0
VERTEX
10
109.5809
20
104.5316
0
VERTEX
10
109.7877
20
106.2598
0
VERTEX
10
109.9366
20
107.8820
0
VERTEX
10
110.0049
20
109.3511
0
VERTEX
10
109.9727
20
110.6248
0
VERTEX
10
109.8245
20
111.6669
0
VERTEX
10
109.5492
20
112.4489
0
VERTEX
10
109.1411
20
112.9508
0
VERTEX
10
108.6003
20
113.1616
0
VERTEX
10
107.9326
20
113.0801
0
VERTEX
10
107.1498
20
112.7144
0
VERTEX
10
106.2692
20
112.0819
0
VERTEX
10
105.3133
20
111.2089
0
VERTEX
10
104.3088
20
110.1291
0
VERTEX
10
103.2861
20
108.8829
0
VERTEX
10
102.2783
20
107.5157
0
VERTEX
10
101.3199
20
106.0762
0
VERTEX
10
100.4455
20
104.6152
0
VERTEX
10
99.6890
20
103.1830
0
VERTEX
10
99.0822
20
101.8283
0
VERTEX
10
98.6532
20
100.5960
0
VERTEX
10
98.4261
20
99.5259
0
VERTEX
10
98.4197
20
98.6509
0
VERTEX
10
98.6463
20
97.9964
0
VERTEX
10
99.1121
20
97.5788
0
VERTEX
10
99.8159
20
97.4053
0
VERTEX
10
100.7496
20
97.4735
0
VERTEX
10
101.8979
20
97.7716
0
VERTEX
10
103.2391
20
98.2786
0
VERTEX
10
104.7452
20
98.9654
0
VERTEX
10
106.3833
20
99.7958
0
VERTEX
10
108.1158
20
100.7277
0
VERTEX
10
109.9024
20
101.7149
0
VERTEX
10
111.7005
20
102.7085
0
VERTEX
10
113.4673
20
103.6592
0
VERTEX
10
115.1606
20
104.5189
0
VERTEX
10
116.7404
20
105.2425
0
VERTEX
10
118.1699
20
105.7897
0
VERTEX
10
119.4171
20
106.1267
0
VERTEX
10
120.4553
20
106.2275
0
VERTEX
10
121.2641
20
106.0750
0
VERTEX
10
121.8304
20
105.6616
0
VERTEX
10
122.1480
20
104.9900
0
VERTEX
10
122.2184
20
104.0727
0
VERTEX
10
122.0502
20
102.9325
0
VERTEX
10
121.6591
20
101.6009
0
VERTEX
10
121.0670
20
100.1180
0
VERTEX
10
120.3012
20
98.5304
0
VERTEX
10
119.3936
20
96.8902
0
VERTEX
10
118.3792
20
95.2530
0
VERTEX
10
117.2954
20
93.6759
0
VERTEX
10
116.1798
20
92.2155
0
VERTEX
10
115.0696
20
90.9261
0
VERTEX
10
114.0001
20
89.8575
0
VERTEX
10
113.0032
20
89.0533
0
VERTEX
10
112.1067
20
88.5490
0
VERTEX
10
111.3329
20
88.3713
0
VERTEX
10
110.6982
20
88.5362
0
VERTEX
10
110.2127
20
89.0491
0
VERTEX
10
109.8793
20
89.9037
0
VERTEX
10
109.6943
20
91.0828
0
VERTEX
10
109.6475
20
92.5581
0
VERTEX
10
109.7225
20
94.2915
0
VERTEX
10
109.8974
20
96.2363
0
VERTEX
10
110.1462
20
98.3381
0
VERTEX
10
110.4393
20
100.5373
0
VERTEX
10
110.7448
20
102.7708
0
VERTEX
10
111.0304
20
104.9739
0
VERTEX
10
111.2639
20
107.0825
0
VERTEX
10
111.4153
20
109.0358
0
VERTEX
10
111.4575
20
110.7773
0
VERTEX
10
111.3680
20
112.2579
0
VERTEX
10
111.1295
20
113.4367
0
VERTEX
10
110.7308
20
114.2825
0
VERTEX
10
110.1676
20
114.7754
0
VERTEX
10
109.4429
20
114.9067
0
VERTEX
10
108.5667
20
114.6796
0
VERTEX
10
107.5563
20
114.1092
0
VERTEX
10
106.4353
20
113.2214
0
VERTEX
10
105.2337
20
112.0524
0
VERTEX
10
103.9863
20
110.6472
0
VERTEX
10
102.7317
20
109.0583
0
VERTEX
10
101.5111
20
107.3433
0
VERTEX
10
100.3672
20
105.5632
0
VERTEX
10
99.3421
20
103.7802
0
VERTEX
10
98.4762
20
102.0554
0
VERTEX
10
97.8066
20
100.4468
0
VERTEX
10
97.3661
20
99.0070
0
VERTEX
10
97.1812
20
97.7814
0
VERTEX
10
97.2718
20
96.8067
0
VERTEX
10
97.6500
20
96.1096
0
VERTEX
10
98.3196
20
95.7058
0
VERTEX
10
99.2757
20
95.5994
0
VERTEX
10
100.5048
20
95.7830
0
VERTEX
10
101.9852
20
96.2377
0
VERTEX
10
103.6872
20
96.9342
0
VERTEX
10
105.5743
20
97.8337
0
VERTEX
10
107.6041
20
98.8893
0
VERTEX
10
109.7295
20
100.0478
0
VERTEX
10
111.9003
20
101.2520
0
VERTEX
10
114.0647
20
102.4423
0
VERTEX
10
116.1710
20
103.5594
0
VERTEX
10
118.1689
20
104.5464
0
VERTEX
10
120.0115
20
105.3511
0
VERTEX
10
121.6566
20
105.9277
0
VERTEX
10
123.0678
20
106.2391
0
VERTEX
10
124.2161
20
106.2578
0
VERTEX
10
125.0802
20
105.9678
0
VERTEX
10
125.6476
20
105.3645
0
VERTEX
10
125.9147
20
104.4558
0
VERTEX
10
125.8866
20
103.2616
0
VERTEX
10
125.5773
20
101.8132
0
VERTEX
10
125.0087
20
100.1525
0
VERTEX
10
124.2100
20
98.3307
0
VERTEX
10
123.2164
20
96.4063
0
VERTEX
10
122.0679
20
94.4434
0
VERTEX
10
120.8079
20
92.5094
0
VERTEX
10
119.4816
20
90.6724
0
VERTEX
10
118.1342
20
88.9992
0
VERTEX
10
116.8097
20
87.5526
0
VERTEX
10
115.5490
20
86.3894
0
VERTEX
10
114.3887
20
85.5580
0
VERTEX
10
113.3596
20
85.0968
0
VERTEX
10
112.4859
20
85.0326
0
VERTEX
10
111.7844
20
85.3797
0
VERTEX
10
111.2640
20
86.1392
0
VERTEX
10
110.9252
20
87.2985
0
VERTEX
10
110.7606
20
88.8321
0
VERTEX
10
110.7553
20
90.7017
0
VERTEX
10
110.8871
20
92.8580
0
VERTEX
10
111.1280
20
95.2419
0
VERTEX
10
111.4451
20
97.7864
0
VERTEX
10
111.8023
20
100.4190
0
VERTEX
10
112.1611
20
103.0638
0
VERTEX
10
112.4830
20
105.6443
0
VERTEX
10
112.7307
20
108.0860
0
VERTEX
10
112.8695
20
110.3185
0
VERTEX
10
112.8691
20
112.2783
0
VERTEX
10
112.7050
20
113.9106
0
VERTEX
10
112.3593
20
115.1716
0
VERTEX
10
111.8215
20
116.0293
0
VERTEX
10
111.0898
20
116.4650
0
VERTEX
10
110.1705
20
116.4740
0
VERTEX
10
109.0787
20
116.0652
0
VERTEX
10
107.8376
20
115.2614
0
VERTEX
10
106.4779
20
114.0977
0
VERTEX
10
105.0371
20
112.6209
0
VERTEX
10
103.5579
20
110.8875
0
VERTEX
10
102.0872
20
108.9616
0
VERTEX
10
100.6743
20
106.9128
0
VERTEX
10
99.3692
20
104.8136
0
VERTEX
10
98.2209
20
102.7368
0
VERTEX
10
97.2757
20
100.7532
0
VERTEX
10
96.5755
20
98.9285
0
VERTEX
10
96.1560
20
97.3217
0
VERTEX
10
96.0457
20
95.9825
0
VERTEX
10
96.2646
20
94.9498
0
VERTEX
10
96.8234
20
94.2500
0
VERTEX
10
97.7226
20
93.8967
0
VERTEX
10
98.9528
20
93.8898
0
VERTEX
10
100.4946
20
94.2156
0
VERTEX
10
102.3189
20
94.8476
0
VERTEX
10
104.3879
20
95.7473
0
VERTEX
10
106.6560
20
96.8658
0
VERTEX
10
109.0715
20
98.1453
0
VERTEX
10
111.5777
20
99.5220
0
VERTEX
10
114.1149
20
100.9277
0
VERTEX
10
116.6225
20
102.2930
0
VERTEX
10
119.0403
20
103.5494
0
VERTEX
10
121.3109
20
104.6325
0
VERTEX
10
123.3814
20
105.4838
0
VERTEX
10
125.2048
20
106.0536
0
VERTEX
10
126.7418
20
106.3026
0
VERTEX
10
127.9617
20
106.2037
0
VERTEX
10
128.8434
20
105.7428
0
VERTEX
10
129.3761
20
104.9200
0
VERTEX
10
129.5595
20
103.7495
0
VERTEX
10
129.4035
20
102.2592
0
VERTEX
10
128.9278
20
100.4901
0
VERTEX
10
128.1613
20
98.4950
0
VERTEX
10
127.1408
20
96.3363
0
VERTEX
10
125.9095
20
94.0847
0
VERTEX
10
124.5157
20
91.8160
0
VERTEX
10
123.0110
20
89.6088
0
VERTEX
10
121.4482
20
87.5418
0
VERTEX
10
119.8797
20
85.6910
0
VERTEX
10
118.3556
20
84.1268
0
VERTEX
10
116.9218
20
82.9115
0
VERTEX
10
115.6187
20
82.0972
0
VERTEX
10
114.4794
20
81.7235
0
VERTEX
10
113.5291
20
81.8164
0
VERTEX
10
112.7840
20
82.3869
0
VERTEX
10
112.2510
20
83.4304
0
VERTEX
10
111.9274
20
84.9270
0
VERTEX
10
111.8015
20
86.8418
0
VERTEX
10
111.8528
20
89.1258
0
VERTEX
10
112.0530
20
91.7177
0
VERTEX
10
112.3675
20
94.5459
0
VERTEX
10
112.7567
20
97.5303
0
VERTEX
10
113.1773
20
100.5857
0
VERTEX
10
113.5849
20
103.6241
0
VERTEX
10
113.9348
20
106.5577
0
VERTEX
10
114.1848
20
109.3019
0
VERTEX
10
114.2964
20
111.7783
0
VERTEX
10
114.2366
20
113.9171
0
VERTEX
10
113.9796
20
115.6595
0
VERTEX
10
113.5076
20
116.9596
0
VERTEX
10
112.8118
20
117.7861
0
VERTEX
10
111.8935
20
118.1232
0
VERTEX
10
110.7634
20
117.9709
0
VERTEX
10
109.4423
20
117.3453
0
VERTEX
10
107.9599
20
116.2777
0
VERTEX
10
106.3547
20
114.8136
0
VERTEX
10
104.6720
20
113.0109
0
VERTEX
10
102.9629
20
110.9377
0
VERTEX
10
101.2826
20
108.6703
0
VERTEX
10
99.6885
20
106.2902
0
VERTEX
10
98.2378
20
103.8810
0
VERTEX
10
96.9862
20
101.5258
0
VERTEX
10
95.9854
20
99.3041
0
VERTEX
10
95.2812
20
97.2890
0
VERTEX
10
94.9120
20
95.5444
0
VERTEX
10
94.9073
20
94.1233
0
VERTEX
10
95.2863
20
93.0655
0
VERTEX
10
96.0574
20
92.3961
0
VERTEX
10
97.2171
20
92.1253
0
VERTEX
10
98.7505
20
92.2475
0
VERTEX
10
100.6313
20
92.7418
0
VERTEX
10
102.8225
20
93.5729
0
VERTEX
10
105.2773
20
94.6923
0
VERTEX
10
107.9407
20
96.0404
0
VERTEX
10
110.7510
20
97.5484
0
VERTEX
10
113.6418
20
99.1412
0
VERTEX
10
116.5439
20
100.7400
0
VERTEX
10
119.3876
20
102.2657
0
VERTEX
10
122.1049
20
103.6411
0
VERTEX
10
124.6314
20
104.7947
0
VERTEX
10
126.9085
20
105.6632
0
VERTEX
10
128.8855
20
106.1935
0
VERTEX
10
130.5204
20
106.3454
0
VERTEX
10
131.7819
20
106.0931
0
VERTEX
10
132.6500
20
105.4261
0
VERTEX
10
133.1165
20
104.3502
0
VERTEX
10
133.1853
20
102.8870
0
VERTEX
10
132.8717
20
101.0738
0
VERTEX
10
132.2023
20
98.9621
0
VERTEX
10
131.2134
20
96.6163
0
VERTEX
10
129.9501
20
94.1112
0
VERTEX
10
128.4642
20
91.5295
0
VERTEX
10
126.8126
20
88.9593
0
VERTEX
10
125.0552
20
86.4905
0
VERTEX
10
123.2526
20
84.2121
0
VERTEX
10
121.4641
20
82.2087
0
VERTEX
10
119.7458
20
80.5576
0
VERTEX
10
118.1481
20
79.3260
0
VERTEX
10
116.7145
20
78.5686
0
VERTEX
10
115.4801
20
78.3252
0
VERTEX
10
114.4702
20
78.6195
0
VERTEX
10
113.6996
20
79.4579
0
VERTEX
10
113.1725
20
80.8292
0
VERTEX
10
112.8821
20
82.7045
0
VERTEX
10
112.8114
20
85.0384
0
VERTEX
10
112.9337
20
87.7702
0
VERTEX
10
113.2141
20
90.8256
0
VERTEX
10
113.6108
20
94.1195
0
VERTEX
10
114.0767
20
97.5585
0
VERTEX
10
114.5616
20
101.0441
0
VERTEX
10
115.0144
20
104.4759
0
VERTEX
10
115.3847
20
107.7550
0
VERTEX
10
115.6254
20
110.7874
0
VERTEX
10
115.6944
20
113.4868
0
VERTEX
10
115.5568
20
115.7779
0
VERTEX
10
115.1857
20
117.5987
0
VERTEX
10
114.5644
20
118.9027
0
VERTEX
10
113.6866
20
119.6602
0
VERTEX
10
112.5573
20
119.8592
0
VERTEX
10
111.1927
20
119.5064
0
VERTEX
10
109.6201
20
118.6258
0
VERTEX
10
107.8769
20
117.2588
0
VERTEX
10
106.0096
20
115.4620
0
VERTEX
10
104.0725
20
113.3054
0
VERTEX
10
102.1257
20
110.8700
0
VERTEX
10
100.2331
20
108.2447
0
VERTEX
10
98.4603
20
105.5230
0
VERTEX
10
96.8724
20
102.8003
0
VERTEX
10
95.5314
20
100.1696
0
VERTEX
10
94.4941
20
97.7190
0
VERTEX
10
93.8102
20
95.5283
0
VERTEX
10
93.5202
20
93.6661
0
VERTEX
10
93.6538
20
92.1873
0
VERTEX
10
94.2287
20
91.1318
0
VERTEX
10
95.2501
20
90.5223
0
VERTEX
10
96.7095
20
90.3643
0
VERTEX
10
98.5854
20
90.6454
0
VERTEX
10
100.8438
20
91.3364
0
VERTEX
10
103.4384
20
92.3920
0
VERTEX
10
106.3127
20
93.7527
0
VERTEX
10
109.4013
20
95.3471
0
VERTEX
10
112.6318
20
97.0946
0
VERTEX
10
115.9274
20
98.9083
0
VERTEX
10
119.2088
20
100.6984
0
VERTEX
10
122.3970
20
102.3758
0
VERTEX
10
125.4159
20
103.8550
0
VERTEX
10
128.1942
20
105.0578
0
VERTEX
10
130.6681
20
105.9161
0
VERTEX
10
132.7829
20
106.3746
0
VERTEX
10
134.4952
20
106.3934
0
VERTEX
10
135.7736
20
105.9488
0
VERTEX
10
136.5999
20
105.0353
0
VERTEX
10
136.9694
20
103.6655
0
VERTEX
10
136.8912
20
101.8701
0
VERTEX
10
136.3872
20
99.6970
0
VERTEX
10
135.4915
20
97.2097
0
VERTEX
10
134.2493
20
94.4853
0
VERTEX
10
132.7145
20
91.6119
0
VERTEX
10
130.9485
20
88.6855
0
VERTEX
10
129.0174
20
85.8068
0
VERTEX
10
126.9899
20
83.0776
0
VERTEX
10
124.9348
20
80.5972
0
VERTEX
10
122.9186
20
78.4590
0
VERTEX
10
121.0029
20
76.7469
0
VERTEX
10
119.2430
20
75.5322
0
VERTEX
10
117.6851
20
74.8714
0
VERTEX
10
116.3654
20
74.8034
0
VERTEX
10
115.3087
20
75.3485
0
VERTEX
10
114.5279
20
76.5071
0
VERTEX
10
114.0233
20
78.2597
0
VERTEX
10
113.7832
20
80.5673
0
VERTEX
10
113.7844
20
83.3722
0
VERTEX
10
113.9932
20
86.6004
0
VERTEX
10
114.3670
20
90.1634
0
VERTEX
10
114.8557
20
93.9614
0
VERTEX
10
115.4046
20
97.8865
0
VERTEX
10
115.9558
20
101.8261
0
VERTEX
10
116.4510
20
105.6668
0
VERTEX
10
116.8341
20
109.2983
0
VERTEX
10
117.0529
20
112.6169
0
VERTEX
10
117.0621
20
115.5288
0
VERTEX
10
116.8247
20
117.9538
0
VERTEX
10
116.3141
20
119.8273
0
VERTEX
10
115.5148
20
121.1030
0
VERTEX
10
114.4241
20
121.7541
0
VERTEX
10
113.0518
20
121.7740
0
VERTEX
10
111.4206
20
121.1769
0
VERTEX
10
109.5652
20
119.9968
0
VERTEX
10
107.5320
20
118.2863
0
VERTEX
10
105.3768
20
116.1148
0
VERTEX
10
103.1637
20
113.5659
0
VERTEX
10
100.9626
20
110.7343
0
VERTEX
10
98.8473
20
107.7227
0
VERTEX
10
96.8921
20
104.6378
0
VERTEX
10
95.1702
20
101.5868
0
VERTEX
10
93.7503
20
98.6734
0
VERTEX
10
92.6945
20
95.9943
0
VERTEX
10
92.0560
20
93.6355
0
VERTEX
10
91.8768
20
91.6699
0
VERTEX
10
92.1864
20
90.1538
0
VERTEX
10
93.0001
20
89.1259
0
VERTEX
10
94.3188
20
88.6055
0
VERTEX
10
96.1278
20
88.5919
0
VERTEX
10
98.3980
20
89.0649
0
VERTEX
10
101.0859
20
89.9850
0
VERTEX
10
104.1351
20
91.2957
0
VERTEX
10
107.4777
20
92.9249
0
VERTEX
10
111.0367
20
94.7883
0
VERTEX
10
114.7279
20
96.7922
0
VERTEX
10
118.4629
20
98.8370
0
VERTEX
10
122.1516
20
100.8214
0
VERTEX
10
125.7051
20
102.6455
0
VERTEX
10
129.0386
20
104.2155
0
VERTEX
10
132.0738
20
105.4466
0
VERTEX
10
134.7416
20
106.2665
0
VERTEX
10
136.9841
20
106.6185
0
VERTEX
10
138.7564
20
106.4633
0
VERTEX
10
140.0278
20
105.7814
0
VERTEX
10
140.7829
20
104.5731
0
VERTEX
10
141.0218
20
102.8599
0
VERTEX
10
140.7597
20
100.6829
0
VERTEX
10
140.0263
20
98.1024
0
VERTEX
10
138.8649
20
95.1955
0
VERTEX
10
137.3302
20
92.0536
0
VERTEX
10
135.4868
20
88.7797
0
VERTEX
10
133.4063
20
85.4843
0
VERTEX
10
131.1652
20
82.2818
0
VERTEX
10
128.8418
20
79.2867
0
VERTEX
10
126.5136
20
76.6092
0
VERTEX
10
124.2547
20
74.3513
0
VERTEX
10
122.1328
20
72.6035
0
VERTEX
10
120.2074
20
71.4408
0
VERTEX
10
118.5274
20
70.9204
0
VERTEX
10
117.1295
20
71.0796
0
VERTEX
10
116.0376
20
71.9336
0
VERTEX
10
115.2613
20
73.4753
0
VERTEX
10
114.7964
20
75.6752
0
VERTEX
10
114.6250
20
78.4821
0
VERTEX
10
114.7167
20
81.8243
0
VERTEX
10
115.0293
20
85.6127
0
VERTEX
10
115.5115
20
89.7425
0
VERTEX
10
116.1043
20
94.0977
0
VERTEX
10
116.7438
20
98.5543
0
VERTEX
10
117.3638
20
102.9844
0
VERTEX
10
117.8986
20
107.2608
0
VERTEX
10
118.2854
20
111.2609
0
VERTEX
10
118.4675
20
114.8711
0
VERTEX
10
118.3960
20
117.9903
0
VERTEX
10
118.0326
20
120.5335
0
VERTEX
10
117.3512
20
122.4346
0
VERTEX
10
116.3387
20
123.6483
0
VERTEX
10
114.9967
20
124.1519
0
VERTEX
10
113.3411
20
123.9460
0
VERTEX
10
111.4023
20
123.0539
0
VERTEX
10
109.2243
20
121.5212
0
VERTEX
10
106.8634
20
119.4138
0
VERTEX
10
104.3863
20
116.8156
0
VERTEX
10
101.8683
20
113.8255
0
VERTEX
10
99.3904
20
110.5537
0
VERTEX
10
97.0369
20
107.1180
0
VERTEX
10
94.8922
20
103.6394
0
VERTEX
10
93.0379
20
100.2380
0
VERTEX
10
91.5499
20
97.0285
0
VERTEX
10
90.4956
20
94.1164
0
VERTEX
10
89.9316
20
91.5941
0
VERTEX
10
89.9009
20
89.5378
0
VERTEX
10
90.4319
20
88.0048
0
VERTEX
10
91.5366
20
87.0314
0
VERTEX
10
93.2103
20
86.6320
0
VERTEX
10
95.4309
20
86.7984
0
VERTEX
10
98.1597
20
87.5006
0
VERTEX
10
101.3425
20
88.6874
0
VERTEX
10
104.9107
20
90.2889
0
VERTEX
10
108.7836
20
92.2191
0
VERTEX
10
112.8709
20
94.3788
0
VERTEX
10
117.0751
20
96.6599
0
VERTEX
10
121.2949
20
98.9490
0
VERTEX
10
125.4283
20
101.1319
0
VERTEX
10
129.3756
20
103.0981
0
VERTEX
10
133.0427
20
104.7445
0
VERTEX
10
136.3440
20
105.9801
0
VERTEX
10
139.2052
20
106.7290
0
VERTEX
10
141.5652
20
106.9335
0
VERTEX
10
143.3785
20
106.5568
0
VERTEX
10
144.6160
20
105.5841
0
VERTEX
10
145.2661
20
104.0241
0
VERTEX
10
145.3347
20
101.9083
0
VERTEX
10
144.8448
20
99.2906
0
VERTEX
10
143.8356
20
96.2457
0
VERTEX
10
142.3607
20
92.8663
0
VERTEX
10
140.4864
20
89.2602
0
VERTEX
10
138.2890
20
85.5469
0
VERTEX
10
135.8520
20
81.8530
0
VERTEX
10
133.2634
20
78.3080
0
VERTEX
10
130.6122
20
75.0399
0
VERTEX
10
127.9854
20
72.1703
0
VERTEX
10
125.4649
20
69.8105
0
VERTEX
10
123.1250
20
68.0568
0
VERTEX
10
121.0292
20
66.9876
0
VERTEX
10
119.2288
20
66.6600
0
VERTEX
10
117.7605
20
67.1079
0
VERTEX
10
116.6461
20
68.3400
0
VERTEX
10
115.8912
20
70.3398
0
VERTEX
10
115.4857
20
73.0656
0
VERTEX
10
115.4043
20
76.4517
0
VERTEX
10
115.6077
20
80.4105
0
VERTEX
10
116.0441
20
84.8348
0
VERTEX
10
116.6520
20
89.6020
0
VERTEX
10
117.3621
20
94.5777
0
VERTEX
10
118.1005
20
99.6198
0
VERTEX
10
118.7917
20
104.5839
0
VERTEX
10
119.3617
20
109.3277
0
VERTEX
10
119.7410
20
113.7158
0
VERTEX
10
119.8677
20
117.6242
0
VERTEX
10
119.6900
20
120.9445
0
VERTEX
10
119.1687
20
123.5877
0
VERTEX
10
118.2786
20
125.4866
0
VERTEX
10
117.0105
20
126.5986
0
VERTEX
10
115.3713
20
126.9067
0
VERTEX
10
113.3846
20
126.4201
0
VERTEX
10
111.0901
20
125.1736
0
VERTEX
10
108.5426
20
123.2264
0
VERTEX
10
105.8099
20
120.6599
0
VERTEX
10
102.9716
20
117.5748
0
VERTEX
10
100.1156
20
114.0871
0
VERTEX
10
97.3354
20
110.3245
0
VERTEX
10
94.7272
20
106.4216
0
VERTEX
10
92.3862
20
102.5148
0
VERTEX
10
90.4032
20
98.7382
0
VERTEX
10
88.8618
20
95.2181
0
VERTEX
10
87.8346
20
92.0689
0
VERTEX
10
87.3811
20
89.3891
0
VERTEX
10
87.5449
20
87.2577
0
VERTEX
10
88.3523
20
85.7318
0
VERTEX
10
89.8107
20
84.8443
0
VERTEX
10
91.9082
20
84.6029
0
VERTEX
10
94.6135
20
84.9901
0
VERTEX
10
97.8767
20
85.9638
0
VERTEX
10
101.6307
20
87.4594
0
VERTEX
10
105.7928
20
89.3915
0
VERTEX
10
110.2675
20
91.6579
0
VERTEX
10
114.9493
20
94.1430
0
VERTEX
10
119.7256
20
96.7226
0
VERTEX
10
124.4810
20
99.2681
0
VERTEX
10
129.1000
20
101.6516
0
VERTEX
10
133.4713
20
103.7511
0
VERTEX
10
137.4910
20
105.4544
0
VERTEX
10
141.0660
20
106.6644
0
VERTEX
10
144.1167
20
107.3021
0
VERTEX
10
146.5796
20
107.3103
0
VERTEX
10
148.4090
20
106.6555
0
VERTEX
10
149.5788
20
105.3300
0
VERTEX
10
150.0823
20
103.3523
0
VERTEX
10
149.9330
20
100.7667
0
VERTEX
10
149.1634
20
97.6420
0
VERTEX
10
147.8237
20
94.0694
0
VERTEX
10
145.9801
20
90.1598
0
VERTEX
10
143.7120
20
86.0396
0
VERTEX
10
141.1092
20
81.8465
0
VERTEX
10
138.2688
20
77.7250
0
VERTEX
10
135.2914
20
73.8211
0
VERTEX
10
132.2778
20
70.2771
0
VERTEX
10
129.3253
20
67.2268
0
VERTEX
10
126.5245
20
64.7902
0
VERTEX
10
123.9557
20
63.0698
0
VERTEX
10
121.6868
20
62.1459
0
VERTEX
10
119.7706
20
62.0745
0
VERTEX
10
118.2432
20
62.8842
0
VERTEX
10
117.1232
20
64.5753
0
VERTEX
10
116.4108
20
67.1197
0
VERTEX
10
116.0886
20
70.4609
0
VERTEX
10
116.1221
20
74.5163
0
VERTEX
10
116.4618
20
79.1793
0
VERTEX
10
117.0446
20
84.3228
0
VERTEX
10
117.7971
20
89.8034
0
VERTEX
10
118.6384
20
95.4662
0
VERTEX
10
119.4834
20
101.1496
0
VERTEX
10
120.2464
20
106.6909
0
VERTEX
10
120.8444
20
111.9316
0
VERTEX
10
121.2009
20
116.7230
0
VERTEX
10
121.2489
20
120.9305
0
VERTEX
10
120.9340
20
124.4389
0
VERTEX
10
120.2165
20
127.1556
0
VERTEX
10
119.0737
20
129.0140
0
VERTEX
10
117.5009
20
129.9755
0
VERTEX
10
115.5124
20
130.0308
0
VERTEX
10
113.1409
20
129.1999
0
VERTEX
10
110.4373
20
127.5313
0
VERTEX
10
107.4690
20
125.1005
0
VERTEX
10
104.3178
20
122.0067
0
VERTEX
10
101.0773
20
118.3696
0
VERTEX
10
97.8500
20
114.3249
0
VERTEX
10
94.7434
20
110.0194
0
VERTEX
10
91.8668
20
105.6061
0
VERTEX
10
89.3272
20
101.2385
0
VERTEX
10
87.2254
20
97.0650
0
VERTEX
10
85.6524
20
93.2240
0
VERTEX
10
84.6861
20
89.8390
0
VERTEX
10
84.3885
20
87.0139
0
VERTEX
10
84.8026
20
84.8298
0
VERTEX
10
85.9515
20
83.3419
0
VERTEX
10
87.8362
20
82.5781
0
VERTEX
10
90.4361
20
82.5376
0
VERTEX
10
93.7084
20
83.1913
0
VERTEX
10
97.5900
20
84.4831
0
VERTEX
10
101.9984
20
86.3321
0
VERTEX
10
106.8348
20
88.6356
0
VERTEX
10
111.9866
20
91.2731
0
VERTEX
10
117.3312
20
94.1106
0
VERTEX
10
122.7392
20
97.0061
0
VERTEX
10
128.0793
20
99.8147
0
VERTEX
10
133.2217
20
102.3941
0
VERTEX
10
138.0426
20
104.6103
0
VERTEX
10
142.4278
20
106.3423
0
VERTEX
10
146.2765
20
107.4873
0
VERTEX
10
149.5045
20
107.9642
0
VERTEX
10
152.0463
20
107.7175
0
VERTEX
10
153.8575
20
106.7195
0
VERTEX
10
154.9160
20
104.9712
0
VERTEX
10
155.2220
20
102.5035
0
VERTEX
10
154.7984
20
99.3757
0
VERTEX
10
153.6890
20
95.6741
0
VERTEX
10
151.9575
20
91.5094
0
VERTEX
10
149.6842
20
87.0127
0
VERTEX
10
146.9638
20
82.3311
0
VERTEX
10
143.9016
20
77.6228
0
VERTEX
10
140.6095
20
73.0516
0
VERTEX
10
137.2024
20
68.7810
0
VERTEX
10
133.7937
20
64.9685
0
VERTEX
10
130.4918
20
61.7601
0
VERTEX
10
127.3958
20
59.2845
0
VERTEX
10
124.5926
20
57.6489
0
VERTEX
10
122.1536
20
56.9350
0
VERTEX
10
120.1325
20
57.1954
0
VERTEX
10
118.5637
20
58.4516
0
VERTEX
10
117.4610
20
60.6930
0
VERTEX
10
116.8179
20
63.8772
0
VERTEX
10
116.6077
20
67.9302
0
VERTEX
10
116.7854
20
72.7496
0
VERTEX
10
117.2888
20
78.2071
0
VERTEX
10
118.0422
20
84.1530
0
VERTEX
10
118.9588
20
90.4209
0
VERTEX
10
119.9444
20
96.8333
0
VERTEX
10
120.9017
20
103.2072
0
VERTEX
10
121.7338
20
109.3605
0
VERTEX
10
122.3485
20
115.1178
0
VERTEX
10
122.6620
20
120.3166
0
VERTEX
10
122.6024
20
124.8124
0
VERTEX
10
122.1133
20
128.4835
0
VERTEX
10
121.1557
20
131.2353
0
VERTEX
10
119.7103
20
133.0032
0
VERTEX
10
117.7789
20
133.7548
0
VERTEX
10
115.3846
20
133.4905
0
VERTEX
10
112.5715
20
132.2438
0
VERTEX
10
109.4037
20
130.0797
0
VERTEX
10
105.9632
20
127.0923
0
VERTEX
10
102.3475
20
123.4012
0
VERTEX
10
98.6667
20
119.1477
0
VERTEX
10
95.0392
20
114.4891
0
VERTEX
10
91.5881
20
109.5933
0
VERTEX
10
88.4368
20
104.6330
0
VERTEX
10
85.7048
20
99.7795
0
VERTEX
10
83.5031
20
95.1965
0
VERTEX
10
81.9303
20
91.0343
0
VERTEX
10
81.0692
20
87.4248
0
VERTEX
10
80.9830
20
84.4766
0
VERTEX
10
81.7132
20
82.2714
0
VERTEX
10
83.2777
20
80.8610
0
VERTEX
10
85.6696
20
80.2659
0
VERTEX
10
88.8571
20
80.4746
0
VERTEX
10
92.7839
20
81.4443
0
VERTEX
10
97.3709
20
83.1021
0
VERTEX
10
102.5183
20
85.3488
0
VERTEX
10
108.1086
20
88.0617
0
VERTEX
10
114.0100
20
91.1002
0
VERTEX
10
120.0807
20
94.3101
0
VERTEX
10
126.1730
20
97.5306
0
VERTEX
10
132.1385
20
100.5993
0
VERTEX
10
137.8319
20
103.3591
0
VERTEX
10
143.1165
20
105.6642
0
VERTEX
10
147.8677
20
107.3851
0
VERTEX
10
151.9775
20
108.4144
0
VERTEX
10
155.3576
20
108.6707
0
VERTEX
10
157.9418
20
108.1021
0
VERTEX
10
159.6885
20
106.6884
0
VERTEX
10
160.5812
20
104.4421
0
VERTEX
10
160.6291
20
101.4090
0
VERTEX
10
159.8666
20
97.6662
0
VERTEX
10
158.3512
20
93.3204
0
VERTEX
10
156.1618
20
88.5038
0
VERTEX
10
153.3956
20
83.3703
0
VERTEX
10
150.1643
20
78.0898
0
VERTEX
10
146.5902
20
72.8427
0
VERTEX
10
142.8018
20
67.8130
0
VERTEX
10
138.9291
20
63.1827
0
VERTEX
10
135.0992
20
59.1246
0
VERTEX
10
131.4317
20
55.7964
0
VERTEX
10
128.0345
20
53.3348
0
VERTEX
10
125.0003
20
51.8506
0
VERTEX
10
122.4034
20
51.4245
0
VERTEX
10
120.2972
20
52.1038
0
VERTEX
10
118.7127
20
53.9004
0
VERTEX
10
117.6578
20
56.7902
0
VERTEX
10
117.1170
20
60.7132
0
VERTEX
10
117.0528
20
65.5753
0
VERTEX
10
117.4070
20
71.2512
0
VERTEX
10
118.1038
20
77.5884
0
VERTEX
10
119.0524
20
84.4119
0
VERTEX
10
120.1512
20
91.5303
0
VERTEX
10
121.2918
20
98.7417
0
VERTEX
10
122.3633
20
105.8405
0
VERTEX
10
123.2574
20
112.6245
0
VERTEX
10
123.8720
20
118.9011
0
VERTEX
10
124.1164
20
124.4944
0
VERTEX
10
123.9147
20
129.2506
0
VERTEX
10
123.2089
20
133.0431
0
VERTEX
10
121.9623
20
135.7770
0
VERTEX
10
120.1608
20
137.3917
0
VERTEX
10
117.8143
20
137.8634
0
VERTEX
10
114.9569
20
137.2051
0
VERTEX
10
111.6459
20
135.4664
0
VERTEX
10
107.9609
20
132.7314
0
VERTEX
10
104.0008
20
129.1155
0
VERTEX
10
99.8809
20
124.7615
0
VERTEX
10
95.7291
20
119.8340
0
VERTEX
10
91.6815
20
114.5138
0
VERTEX
10
87.8779
20
108.9914
0
VERTEX
10
84.4568
20
103.4604
0
VERTEX
10
81.5503
20
98.1100
0
VERTEX
10
79.2796
20
93.1192
0
VERTEX
10
77.7507
20
88.6497
0
VERTEX
10
77.0499
20
84.8407
0
VERTEX
10
77.2406
20
81.8041
0
VERTEX
10
78.3611
20
79.6201
0
VERTEX
10
80.4221
20
78.3351
0
VERTEX
10
83.4066
20
77.9601
0
VERTEX
10
87.2691
20
78.4702
0
VERTEX
10
91.9375
20
79.8059
0
VERTEX
10
97.3141
20
81.8757
0
VERTEX
10
103.2795
20
84.5593
0
VERTEX
10
109.6951
20
87.7123
0
VERTEX
10
116.4081
20
91.1720
0
VERTEX
10
123.2558
20
94.7631
0
VERTEX
10
130.0708
20
98.3045
0
VERTEX
10
136.6864
20
101.6165
0
VERTEX
10
142.9418
20
104.5273
0
VERTEX
10
148.6869
20
106.8796
0
VERTEX
10
153.7874
20
108.5369
0
VERTEX
10
158.1287
20
109.3889
0
VERTEX
10
161.6198
20
109.3555
0
VERTEX
10
164.1953
20
108.3909
0
VERTEX
10
165.8181
20
106.4850
0
VERTEX
10
166.4798
20
103.6647
0
VERTEX
10
166.2007
20
99.9932
0
VERTEX
10
165.0288
20
95.5683
0
VERTEX
10
163.0378
20
90.5194
0
VERTEX
10
160.3243
20
85.0030
0
VERTEX
10
157.0039
20
79.1975
0
VERTEX
10
153.2074
20
73.2972
0
VERTEX
10
149.0757
20
67.5056
0
VERTEX
10
144.7549
20
62.0280
0
VERTEX
10
140.3912
20
57.0647
0
VERTEX
10
136.1253
20
52.8031
0
VERTEX
10
132.0882
20
49.4119
0
VERTEX
10
128.3960
20
47.0342
0
VERTEX
10
125.1464
20
45.7823
0
VERTEX
10
122.4152
20
45.7337
0
VERTEX
10
120.2543
20
46.9278
0
VERTEX
10
118.6895
20
49.3639
0
VERTEX
10
117.7204
20
53.0011
0
VERTEX
10
117.3210
20
57.7593
0
VERTEX
10
117.4405
20
63.5211
0
VERTEX
10
118.0061
20
70.1357
0
VERTEX
10
118.9259
20
77.4239
0
VERTEX
10
120.0928
20
85.1835
0
VERTEX
10
121.3890
20
93.1962
0
VERTEX
10
122.6907
20
101.2348
0
VERTEX
10
123.8731
20
109.0705
0
VERTEX
10
124.8158
20
116.4808
0
VERTEX
10
125.4076
20
123.2567
0
VERTEX
10
125.5511
20
129.2098
0
VERTEX
10
125.1673
20
134.1784
0
VERTEX
10
124.1984
20
138.0332
0
VERTEX
10
122.6112
20
140.6810
0
VERTEX
10
120.3988
20
142.0682
0
VERTEX
10
117.5813
20
142.1822
0
VERTEX
10
114.2060
20
141.0513
0
VERTEX
10
110.3458
20
138.7441
0
VERTEX
10
106.0977
20
135.3665
0
VERTEX
10
101.5796
20
131.0577
0
VERTEX
10
96.9263
20
125.9854
0
VERTEX
10
92.2850
20
120.3398
0
VERTEX
10
87.8109
20
114.3264
0
VERTEX
10
83.6609
20
108.1589
0
VERTEX
10
79.9889
20
102.0518
0
VERTEX
10
76.9398
20
96.2125
0
VERTEX
10
74.6446
20
90.8341
0
VERTEX
10
73.2150
20
86.0885
0
VERTEX
10
72.7399
20
82.1208
0
VERTEX
10
73.2813
20
79.0437
0
VERTEX
10
74.8717
20
76.9339
0
VERTEX
10
77.5130
20
75.8298
0
VERTEX
10
81.1749
20
75.7300
0
VERTEX
10
85.7964
20
76.5937
0
VERTEX
10
91.2866
20
78.3425
0
VERTEX
10
97.5272
20
80.8635
0
VERTEX
10
104.3765
20
84.0137
0
VERTEX
10
111.6733
20
87.6253
0
VERTEX
10
119.2419
20
91.5122
0
VERTEX
10
126.8975
20
95.4772
0
VERTEX
10
134.4523
20
99.3192
0
VERTEX
10
141.7209
20
102.8411
0
VERTEX
10
148.5268
20
105.8573
0
VERTEX
10
154.7075
20
108.2007
0
VERTEX
10
160.1195
20
109.7295
0
VERTEX
10
164.6435
20
110.3325
0
VERTEX
10
168.1870
20
109.9338
0
VERTEX
10
170.6879
20
108.4961
0
VERTEX
10
172.1156
20
106.0224
0
VERTEX
10
172.4722
20
102.5565
0
VERTEX
10
171.7914
20
98.1823
0
VERTEX
10
170.1376
20
93.0205
0
VERTEX
10
167.6026
20
87.2255
0
VERTEX
10
164.3027
20
80.9798
0
VERTEX
10
160.3741
20
74.4879
0
VERTEX
10
155.9681
20
67.9695
0
VERTEX
10
151.2451
20
61.6515
0
VERTEX
10
146.3697
20
55.7602
0
VERTEX
10
141.5042
20
50.5133
0
VERTEX
10
136.8031
20
46.1119
0
VERTEX
10
132.4080
20
42.7337
0
VERTEX
10
128.4422
20
40.5258
0
VERTEX
10
125.0071
20
39.5996
0
VERTEX
10
122.1785
20
40.0264
0
VERTEX
10
120.0044
20
41.8347
0
VERTEX
10
118.5036
20
45.0082
0
VERTEX
10
117.6656
20
49.4863
0
VERTEX
10
117.4511
20
55.1655
0
VERTEX
10
117.7944
20
61.9026
0
VERTEX
10
118.6061
20
69.5192
0
VERTEX
10
119.7766
20
77.8073
0
VERTEX
10
121.1812
20
86.5362
0
VERTEX
10
122.6847
20
95.4599
0
VERTEX
10
124.1475
20
104.3256
0
VERTEX
10
125.4307
20
112.8815
0
VERTEX
10
126.4022
20
120.8857
0
VERTEX
10
126.9420
20
128.1143
0
VERTEX
10
126.9475
20
134.3681
0
VERTEX
10
126.3377
20
139.4801
0
VERTEX
10
125.0568
20
143.3206
0
VERTEX
10
123.0773
20
145.8011
0
VERTEX
10
120.4015
20
146.8778
0
VERTEX
10
117.0618
20
146.5522
0
VERTEX
10
113.1208
20
144.8711
0
VERTEX
10
108.6695
20
141.9245
0
VERTEX
10
103.8241
20
137.8425
0
VERTEX
10
98.7231
20
132.7902
0
VERTEX
10
93.5222
20
126.9620
0
VERTEX
10
88.3893
20
120.5741
0
VERTEX
10
83.4988
20
113.8576
0
VERTEX
10
79.0254
20
107.0493
0
VERTEX
10
75.1378
20
100.3842
0
VERTEX
10
71.9932
20
94.0863
0
VERTEX
10
69.7308
20
88.3616
0
VERTEX
10
68.4671
20
83.3901
0
VERTEX
10
68.2914
20
79.3202
0
VERTEX
10
69.2619
20
76.2630
0
VERTEX
10
71.4035
20
74.2889
0
VERTEX
10
74.7061
20
73.4254
0
VERTEX
10
79.1243
20
73.6561
0
VERTEX
10
84.5785
20
74.9217
0
VERTEX
10
90.9569
20
77.1227
0
VERTEX
10
98.1185
20
80.1230
0
VERTEX
10
105.8975
20
83.7551
0
VERTEX
10
114.1086
20
87.8270
0
VERTEX
10
122.5520
20
92.1290
0
VERTEX
10
131.0203
20
96.4417
0
VERTEX
10
139.3050
20
100.5449
0
VERTEX
10
147.2026
20
104.2254
0
VERTEX
10
154.5215
20
107.2854
0
VERTEX
10
161.0880
20
109.5503
0
VERTEX
10
166.7514
20
110.8752
0
VERTEX
10
171.3891
20
111.1510
0
VERTEX
10
174.9098
20
110.3087
0
VERTEX
10
177.2568
20
108.3227
0
VERTEX
10
178.4088
20
105.2120
0
VERTEX
10
178.3807
20
101.0402
0
VERTEX
10
177.2223
20
95.9140
0
VERTEX
10
175.0163
20
89.9795
0
VERTEX
10
171.8752
20
83.4175
0
VERTEX
10
167.9365
20
76.4379
0
VERTEX
10
163.3584
20
69.2720
0
VERTEX
10
158.3134
20
62.1644
0
VERTEX
10
152.9824
20
55.3652
0
VERTEX
10
147.5482
20
49.1204
0
VERTEX
10
142.1891
20
43.6635
0
VERTEX
10
137.0724
20
39.2072
0
VERTEX
10
132.3490
20
35.9353
0
VERTEX
10
128.1480
20
33.9961
0
VERTEX
10
124.5725
20
33.4971
0
VERTEX
10
121.6961
20
34.5002
0
VERTEX
10
119.5610
20
37.0195
0
VERTEX
10
118.1765
20
41.0200
0
VERTEX
10
117.5196
20
46.4185
0
VERTEX
10
117.5361
20
53.0858
0
VERTEX
10
118.1432
20
60.8507
0
VERTEX
10
119.2330
20
69.5054
0
VERTEX
10
120.6775
20
78.8121
0
VERTEX
10
122.3330
20
88.5111
0
VERTEX
10
124.0468
20
98.3290
0
VERTEX
10
125.6631
20
107.9880
0
VERTEX
10
127.0295
20
117.2147
0
VERTEX
10
128.0029
20
125.7500
0
VERTEX
10
128.4560
20
133.3567
0
VERTEX
10
128.2822
20
139.8281
0
VERTEX
10
127.4005
20
144.9947
0
VERTEX
10
125.7593
20
148.7294
0
VERTEX
10
123.3389
20
150.9520
0
VERTEX
10
120.1528
20
151.6312
0
VERTEX
10
116.2483
20
150.7860
0
VERTEX
10
111.7056
20
148.4840
0
VERTEX
10
106.6350
20
144.8392
0
VERTEX
10
101.1740
20
140.0077
0
VERTEX
10
95.4828
20
134.1817
0
VERTEX
10
89.7391
20
127.5828
0
VERTEX
10
84.1316
20
120.4541
0
VERTEX
10
78.8541
20
113.0512
0
VERTEX
10
74.0983
20
105.6332
0
VERTEX
10
70.0473
20
98.4538
0
VERTEX
10
66.8685
20
91.7519
0
VERTEX
10
64.7082
20
85.7436
0
VERTEX
10
63.6853
20
80.6144
0
VERTEX
10
63.8871
20
76.5129
0
VERTEX
10
65.3658
20
73.5457
0
VERTEX
10
68.1358
20
71.7739
0
VERTEX
10
72.1726
20
71.2111
0
VERTEX
10
77.4131
20
71.8233
0
VERTEX
10
83.7570
20
73.5306
0
VERTEX
10
91.0694
20
76.2104
0
VERTEX
10
99.1850
20
79.7020
0
VERTEX
10
107.9128
20
83.8131
0
VERTEX
10
117.0421
20
88.3270
0
VERTEX
10
126.3492
20
93.0108
0
VERTEX
10
135.6042
20
97.6245
0
VERTEX
10
144.5782
20
101.9300
0
VERTEX
10
153.0511
20
105.7002
0
VERTEX
10
160.8177
20
108.7278
0
VERTEX
10
167.6950
20
110.8334
0
VERTEX
10
173.5273
20
111.8722
0
VERTEX
10
178.1913
20
111.7405
0
VERTEX
10
181.5996
20
110.3794
0
VERTEX
10
183.7036
20
107.7779
0
VERTEX
10
184.4939
20
103.9739
0
VERTEX
10
184.0008
20
99.0533
0
VERTEX
10
182.2926
20
93.1475
0
VERTEX
10
179.4723
20
86.4293
0
VERTEX
10
175.6746
20
79.1074
0
VERTEX
10
171.0597
20
71.4188
0
VERTEX
10
165.8084
20
63.6211
0
VERTEX
10
160.1148
20
55.9833
0
VERTEX
10
154.1801
20
48.7767
0
VERTEX
10
148.2046
20
42.2648
0
VERTEX
10
142.3814
20
36.6945
0
VERTEX
10
136.8891
20
32.2865
0
VERTEX
10
131.8863
20
29.2278
0
VERTEX
10
127.5054
20
27.6645
0
VERTEX
10
123.8491
20
27.6962
0
VERTEX
10
120.9863
20
29.3722
0
VERTEX
10
118.9509
20
32.6890
0
VERTEX
10
117.7405
20
37.5901
0
VERTEX
10
117.3174
20
43.9670
0
VERTEX
10
117.6104
20
51.6629
0
VERTEX
10
118.5181
20
60.4772
0
VERTEX
10
119.9131
20
70.1720
0
VERTEX
10
121.6475
20
80.4798
0
VERTEX
10
123.5591
20
91.1125
0
VERTEX
10
125.4774
20
101.7704
0
VERTEX
10
127.2312
20
112.1527
0
VERTEX
10
128.6553
20
121.9670
0
VERTEX
10
129.5974
20
130.9394
0
VERTEX
10
129.9243
20
138.8233
0
VERTEX
10
129.5278
20
145.4077
0
VERTEX
10
128.3290
20
150.5239
0
VERTEX
10
126.2827
20
154.0514
0
VERTEX
10
123.3793
20
155.9212
0
VERTEX
10
119.6461
20
156.1183
0
VERTEX
10
115.1472
20
154.6813
0
VERTEX
10
109.9818
20
151.7013
0
VERTEX
10
104.2816
20
147.3179
0
VERTEX
10
98.2063
20
141.7142
0
VERTEX
10
91.9385
20
135.1101
0
VERTEX
10
85.6777
20
127.7541
0
VERTEX
10
79.6336
20
119.9151
0
VERTEX
10
74.0183
20
111.8718
0
VERTEX
10
69.0396
20
103.9035
0
VERTEX
10
64.8927
20
96.2800
0
VERTEX
10
61.7540
20
89.2520
0
VERTEX
10
59.7738
20
83.0427
0
VERTEX
10
59.0710
20
77.8395
0
VERTEX
10
59.7286
20
73.7879
0
VERTEX
10
61.7897
20
70.9865
0
VERTEX
10
65.2556
20
69.4840
0
VERTEX
10
70.0851
20
69.2774
0
VERTEX
10
76.1951
20
70.3130
0
VERTEX
10
83.4625
20
72.4883
0
VERTEX
10
91.7281
20
75.6565
0
VERTEX
10
100.8010
20
79.6321
0
VERTEX
10
110.4645
20
84.1977
0
VERTEX
10
120.4828
20
89.1132
0
VERTEX
10
130.6086
20
94.1239
0
VERTEX
10
140.5905
20
98.9712
0
VERTEX
10
150.1812
20
103.4018
0
VERTEX
10
159.1453
20
107.1777
0
VERTEX
10
167.2670
20
110.0854
0
VERTEX
10
174.3563
20
111.9441
0
VERTEX
10
180.2554
20
112.6131
0
VERTEX
10
184.8433
20
111.9972
0
VERTEX
10
188.0396
20
110.0509
0
VERTEX
10
189.8063
20
106.7809
0
VERTEX
10
190.1489
20
102.2463
0
VERTEX
10
189.1155
20
96.5571
0
VERTEX
10
186.7945
20
89.8711
0
VERTEX
10
183.3113
20
82.3883
0
VERTEX
10
178.8235
20
74.3447
0
VERTEX
10
173.5148
20
66.0041
0
VERTEX
10
167.5885
20
57.6487
0
VERTEX
10
161.2601
20
49.5697
0
VERTEX
10
154.7496
20
42.0569
0
VERTEX
10
148.2738
20
35.3883
0
VERTEX
10
142.0386
20
29.8201
0
VERTEX
10
136.2317
20
25.5776
0
VERTEX
10
131.0167
20
22.8470
0
VERTEX
10
126.5270
20
21.7681
0
VERTEX
10
122.8619
20
22.4290
0
VERTEX
10
120.0833
20
24.8630
0
VERTEX
10
118.2141
20
29.0460
0
VERTEX
10
117.2378
20
34.8973
0
VERTEX
10
117.1001
20
42.2816
0
VERTEX
10
117.7113
20
51.0133
0
VERTEX
10
118.9502
20
60.8620
0
VERTEX
10
120.6692
20
71.5601
0
VERTEX
10
122.7006
20
82.8116
0
VERTEX
10
124.8635
20
94.3016
0
VERTEX
10
126.9708
20
105.7069
0
VERTEX
10
128.8372
20
116.7066
0
VERTEX
10
130.2863
20
126.9928
0
VERTEX
10
131.1586
20
136.2807
0
VERTEX
10
131.3174
20
144.3182
0
VERTEX
10
130.6549
20
150.8940
0
VERTEX
10
129.0974
20
155.8446
0
VERTEX
10
126.6081
20
159.0594
0
VERTEX
10
123.1899
20
160.4844
0
VERTEX
10
118.8862
20
160.1233
0
VERTEX
10
113.7793
20
158.0371
0
VERTEX
10
107.9894
20
154.3418
0
VERTEX
10
101.6700
20
149.2033
0
VERTEX
10
95.0035
20
142.8320
0
VERTEX
10
88.1950
20
135.4749
0
VERTEX
10
81.4653
20
127.4062
0
VERTEX
10
75.0436
20
118.9181
0
VERTEX
10
69.1591
20
110.3102
0
VERTEX
10
64.0332
20
101.8787
0
VERTEX
10
59.8714
20
93.9059
0
VERTEX
10
56.8559
20
86.6507
0
VERTEX
10
55.1385
20
80.3391
0
VERTEX
10
54.8352
20
75.1567
0
VERTEX
10
56.0215
20
71.2422
0
VERTEX
10
58.7288
20
68.6829
0
VERTEX
10
62.9428
20
67.5120
0
VERTEX
10
68.6032
20
67.7078
0
VERTEX
10
75.6051
20
69.1948
0
VERTEX
10
83.8015
20
71.8470
0
VERTEX
10
93.0079
20
75.4932
0
VERTEX
10
103.0077
20
79.9233
0
VERTEX
10
113.5589
20
84.8965
0
VERTEX
10
124.4015
20
90.1508
0
VERTEX
10
135.2658
20
95.4125
0
VERTEX
10
145.8813
20
100.4074
0
VERTEX
10
155.9844
20
104.8706
0
VERTEX
10
165.3277
20
108.5570
0
VERTEX
10
173.6873
20
111.2509
0
VERTEX
10
180.8698
20
112.7742
0
VERTEX
10
186.7186
20
112.9937
0
VERTEX
10
191.1183
20
111.8266
0
VERTEX
10
193.9982
20
109.2438
0
VERTEX
10
195.3343
20
105.2722
0
VERTEX
10
195.1491
20
99.9941
0
VERTEX
10
193.5104
20
93.5448
0
VERTEX
10
190.5287
20
86.1085
0
VERTEX
10
186.3525
20
77.9124
0
VERTEX
10
181.1627
20
69.2185
0
VERTEX
10
175.1661
20
60.3151
0
VERTEX
10
168.5881
20
51.5068
0
VERTEX
10
161.6639
20
43.1034
0
VERTEX
10
154.6307
20
35.4095
0
VERTEX
10
147.7194
20
28.7133
0
VERTEX
10
141.1460
20
23.2763
0
VERTEX
10
135.1047
20
19.3238
0
VERTEX
10
129.7610
20
17.0366
0
VERTEX
10
125.2464
20
16.5445
0
VERTEX
10
121.6538
20
17.9205
0
VERTEX
10
119.0353
20
21.1783
0
VERTEX
10
117.4004
20
26.2710
0
VERTEX
10
116.7167
20
33.0920
0
VERTEX
10
116.9116
20
41.4783
0
VERTEX
10
117.8756
20
51.2151
0
VERTEX
10
119.4671
20
62.0432
0
VERTEX
10
121.5186
20
73.6669
0
VERTEX
10
123.8430
20
85.7638
0
VERTEX
10
126.2418
20
97.9956
0
VERTEX
10
128.5128
20
110.0191
0
VERTEX
10
130.4584
20
121.4975
0
VERTEX
10
131.8938
20
132.1118
0
VERTEX
10
132.6542
20
141.5710
0
VERTEX
10
132.6025
20
149.6221
0
VERTEX
10
131.6341
20
156.0579
0
VERTEX
10
129.6826
20
160.7242
0
VERTEX
10
126.7226
20
163.5242
0
VERTEX
10
122.7716
20
164.4218
0
VERTEX
10
117.8903
20
163.4419
0
VERTEX
10
112.1813
20
160.6695
0
VERTEX
10
105.7860
20
156.2460
0
VERTEX
10
98.8802
20
150.3641
0
VERTEX
10
91.6687
20
143.2603
0
VERTEX
10
84.3780
20
135.2066
0
VERTEX
10
77.2490
20
126.5007
0
VERTEX
10
70.5284
20
117.4552
0
VERTEX
10
64.4600
20
108.3863
0
VERTEX
10
59.2762
20
99.6033
0
VERTEX
10
55.1896
20
91.3967
0
VERTEX
10
52.3851
20
84.0289
0
VERTEX
10
51.0129
20
77.7246
0
VERTEX
10
51.1829
20
72.6633
0
VERTEX
10
52.9601
20
68.9733
0
VERTEX
10
56.3614
20
66.7274
0
VERTEX
10
61.3549
20
65.9406
0
VERTEX
10
67.8594
20
66.5706
0
VERTEX
10
75.7469
20
68.5193
0
VERTEX
10
84.8459
20
71.6370
0
VERTEX
10
94.9467
20
75.7288
0
VERTEX
10
105.8076
20
80.5614
0
VERTEX
10
117.1624
20
85.8731
0
VERTEX
10
128.7291
20
91.3827
0
VERTEX
10
140.2182
20
96.8015
0
VERTEX
10
151.3425
20
101.8433
0
VERTEX
10
161.8260
20
106.2361
0
VERTEX
10
171.4123
20
109.7321
0
VERTEX
10
179.8733
20
112.1178
0
VERTEX
10
187.0159
20
113.2221
0
VERTEX
10
192.6883
20
112.9230
0
VERTEX
10
196.7840
20
111.1533
0
VERTEX
10
199.2453
20
107.9033
0
VERTEX
10
200.0644
20
103.2219
0
VERTEX
10
199.2831
20
97.2156
0
VERTEX
10
196.9907
20
90.0453
0
VERTEX
10
193.3202
20
81.9211
0
VERTEX
10
188.4434
20
73.0955
0
VERTEX
10
182.5644
20
63.8545
0
VERTEX
10
175.9120
20
54.5077
0
VERTEX
10
168.7316
20
45.3781
0
VERTEX
10
161.2762
20
36.7900
0
VERTEX
10
153.7977
20
29.0580
0
VERTEX
10
146.5377
20
22.4757
0
VERTEX
10
139.7194
20
17.3049
0
VERTEX
10
133.5400
20
13.7662
0
VERTEX
10
128.1637
20
12.0308
0
VERTEX
10
123.7166
20
12.2140
0
VERTEX
10
120.2827
20
14.3706
0
VERTEX
10
117.9013
20
18.4924
0
VERTEX
10
116.5666
20
24.5075
0
VERTEX
10
116.2283
20
32.2828
0
VERTEX
10
116.7945
20
41.6274
0
VERTEX
10
118.1356
20
52.2988
0
VERTEX
10
120.0899
20
64.0106
0
VERTEX
10
122.4702
20
76.4419
0
VERTEX
10
125.0717
20
89.2477
0
VERTEX
10
127.6799
20
102.0703
0
VERTEX
10
130.0799
20
114.5512
0
VERTEX
10
132.0644
20
126.3429
0
VERTEX
10
133.4428
20
137.1203
0
VERTEX
10
134.0485
20
146.5915
0
VERTEX
10
133.7462
20
154.5074
0
VERTEX
10
132.4379
20
160.6698
0
VERTEX
10
130.0669
20
164.9376
0
VERTEX
10
126.6215
20
167.2313
0
VERTEX
10
122.1355
20
167.5350
0
VERTEX
10
116.6886
20
165.8968
0
VERTEX
10
110.4038
20
162.4263
0
VERTEX
10
103.4442
20
157.2903
0
VERTEX
10
96.0075
20
150.7066
0
VERTEX
10
88.3194
20
142.9362
0
VERTEX
10
80.6265
20
134.2732
0
VERTEX
10
73.1870
20
125.0350
0
VERTEX
10
66.2626
20
115.5503
0
VERTEX
10
60.1087
20
106.1478
0
VERTEX
10
54.9653
20
97.1445
0
VERTEX
10
51.0485
20
88.8343
0
VERTEX
10
48.5424
20
81.4782
0
VERTEX
10
47.5921
20
75.2953
0
VERTEX
10
48.2983
20
70.4547
0
VERTEX
10
50.7126
20
67.0707
0
VERTEX
10
54.8355
20
65.1987
0
VERTEX
10
60.6151
20
64.8340
0
VERTEX
10
67.9483
20
65.9122
0
VERTEX
10
76.6837
20
68.3126
0
VERTEX
10
86.6254
20
71.8628
0
VERTEX
10
97.5393
20
76.3456
0
VERTEX
10
109.1605
20
81.5075
0
VERTEX
10
121.2010
20
87.0687
0
VERTEX
10
133.3591
20
92.7334
0
VERTEX
10
145.3294
20
98.2017
0
VERTEX
10
156.8116
20
103.1805
0
VERTEX
10
167.5207
20
107.3953
0
VERTEX
10
177.1962
20
110.6008
0
VERTEX
10
185.6096
20
112.5899
0
VERTEX
10
192.5720
20
113.2025
0
VERTEX
10
197.9400
20
112.3320
0
VERTEX
10
201.6195
20
109.9294
0
VERTEX
10
203.5684
20
106.0062
0
VERTEX
10
203.7976
20
100.6346
0
VERTEX
10
202.3695
20
93.9456
0
VERTEX
10
199.3955
20
86.1248
0
VERTEX
10
195.0316
20
77.4066
0
VERTEX
10
189.4721
20
68.0659
0
VERTEX
10
182.9430
20
58.4091
0
VERTEX
10
175.6931
20
48.7632
0
VERTEX
10
167.9853
20
39.4648
0
VERTEX
10
160.0875
20
30.8475
0
VERTEX
10
152.2625
20
23.2307
0
VERTEX
10
144.7595
20
16.9080
0
VERTEX
10
137.8050
20
12.1361
0
VERTEX
10
131.5954
20
9.1263
0
VERTEX
10
126.2902
20
8.0358
0
VERTEX
10
122.0070
20
8.9621
0
VERTEX
10
118.8176
20
11.9386
0
VERTEX
10
116.7467
20
16.9333
0
VERTEX
10
115.7711
20
23.8490
0
VERTEX
10
115.8216
20
32.5259
0
VERTEX
10
116.7867
20
42.7465
0
VERTEX
10
118.5166
20
54.2428
0
VERTEX
10
120.8304
20
66.7045
0
VERTEX
10
123.5229
20
79.7893
0
VERTEX
10
126.3735
20
93.1343
0
VERTEX
10
129.1545
20
106.3677
0
VERTEX
10
131.6408
20
119.1212
0
VERTEX
10
133.6187
20
131.0421
0
VERTEX
10
134.8949
20
141.8052
0
VERTEX
10
135.3043
20
151.1229
0
VERTEX
10
134.7167
20
158.7552
0
VERTEX
10
133.0431
20
164.5171
0
VERTEX
10
130.2393
20
168.2843
0
VERTEX
10
126.3088
20
169.9974
0
VERTEX
10
121.3034
20
169.6627
0
VERTEX
10
115.3223
20
167.3521
0
VERTEX
10
108.5092
20
163.1996
0
VERTEX
10
101.0481
20
157.3961
0
VERTEX
10
93.1570
20
150.1824
0
VERTEX
10
85.0810
20
141.8406
0
VERTEX
10
77.0837
20
132.6831
0
VERTEX
10
69.4382
20
123.0424
0
VERTEX
10
62.4174
20
113.2584
0
VERTEX
10
56.2845
20
103.6668
0
VERTEX
10
51.2834
20
94.5869
0
VERTEX
10
47.6299
20
86.3109
0
VERTEX
10
45.5036
20
79.0936
0
VERTEX
10
45.0411
20
73.1434
0
VERTEX
10
46.3307
20
68.6157
0
VERTEX
10
49.4085
20
65.6075
0
VERTEX
10
54.2561
20
64.1549
0
VERTEX
10
60.8010
20
64.2318
0
VERTEX
10
68.9177
20
65.7522
0
VERTEX
10
78.4314
20
68.5732
0
VERTEX
10
89.1231
20
72.5015
0
VERTEX
10
100.7365
20
77.3006
0
VERTEX
10
112.9855
20
82.7003
0
VERTEX
10
125.5637
20
88.4067
0
VERTEX
10
138.1538
20
94.1143
0
VERTEX
10
150.4378
20
99.5169
0
VERTEX
10
162.1072
20
104.3199
0
VERTEX
10
172.8728
20
108.2515
0
VERTEX
10
182.4738
20
111.0733
0
VERTEX
10
190.6858
20
112.5896
0
VERTEX
10
197.3284
20
112.6552
0
VERTEX
10
202.2698
20
111.1814
0
VERTEX
10
205.4314
20
108.1400
0
VERTEX
10
206.7892
20
103.5650
0
VERTEX
10
206.3741
20
97.5520
0
VERTEX
10
204.2701
20
90.2556
0
VERTEX
10
200.6110
20
81.8843
0
VERTEX
10
195.5746
20
72.6937
0
VERTEX
10
189.3767
20
62.9779
0
VERTEX
10
182.2626
20
53.0590
0
VERTEX
10
174.4983
20
43.2764
0
VERTEX
10
166.3612
20
33.9747
0
VERTEX
10
158.1300
20
25.4911
0
VERTEX
10
150.0749
20
18.1442
0
VERTEX
10
142.4484
20
12.2219
0
VERTEX
10
135.4763
20
7.9710
0
VERTEX
10
129.3506
20
5.5886
0
VERTEX
10
124.2222
20
5.2142
0
VERTEX
10
120.1973
20
6.9242
0
VERTEX
10
117.3332
20
10.7292
0
VERTEX
10
115.6378
20
16.5723
0
VERTEX
10
115.0693
20
24.3308
0
VERTEX
10
115.5395
20
33.8198
0
VERTEX
10
116.9169
20
44.7977
0
VERTEX
10
119.0331
20
56.9740
0
VERTEX
10
121.6894
20
70.0189
0
VERTEX
10
124.6648
20
83.5738
0
VERTEX
10
127.7255
20
97.2633
0
VERTEX
10
130.6337
20
110.7074
0
VERTEX
10
133.1576
20
123.5341
0
VERTEX
10
135.0807
20
135.3918
0
VERTEX
10
136.2103
20
145.9605
0
VERTEX
10
136.3860
20
154.9626
0
VERTEX
10
135.4861
20
162.1719
0
VERTEX
10
133.4328
20
167.4205
0
VERTEX
10
130.1966
20
170.6040
0
VERTEX
10
125.7978
20
171.6850
0
VERTEX
10
120.3067
20
170.6932
0
VERTEX
10
113.8422
20
167.7237
0
VERTEX
10
106.5679
20
162.9339
0
VERTEX
10
98.6873
20
156.5363
0
VERTEX
10
90.4367
20
148.7917
0
VERTEX
10
82.0777
20
139.9989
0
VERTEX
10
73.8878
20
130.4840
0
VERTEX
10
66.1511
20
120.5892
0
VERTEX
10
59.1478
20
110.6599
0
VERTEX
10
53.1450
20
101.0331
0
VERTEX
10
48.3861
20
92.0252
0
VERTEX
10
45.0828
20
83.9210
0
VERTEX
10
43.4066
20
76.9642
0
VERTEX
10
43.4822
20
71.3489
0
VERTEX
10
45.3831
20
67.2129
0
VERTEX
10
49.1275
20
64.6341
0
VERTEX
10
54.6774
20
63.6274
0
VERTEX
10
61.9387
20
64.1455
0
VERTEX
10
70.7641
20
66.0811
0
VERTEX
10
80.9567
20
69.2713
0
VERTEX
10
92.2765
20
73.5046
0
VERTEX
10
104.4472
20
78.5287
0
VERTEX
10
117.1656
20
84.0609
0
VERTEX
10
130.1104
20
89.7986
0
VERTEX
10
142.9530
20
95.4313
0
VERTEX
10
155.3681
20
100.6522
0
VERTEX
10
167.0432
20
105.1706
0
VERTEX
10
177.6898
20
108.7225
0
VERTEX
10
187.0514
20
111.0811
0
VERTEX
10
194.9122
20
112.0661
0
VERTEX
10
201.1038
20
111.5505
0
VERTEX
10
205.5095
20
109.4660
0
VERTEX
10
208.0685
20
105.8065
0
VERTEX
10
208.7765
20
100.6286
0
VERTEX
10
207.6856
20
94.0508
0
VERTEX
10
204.9015
20
86.2493
0
VERTEX
10
200.5792
20
77.4527
0
VERTEX
10
194.9172
20
67.9340
0
VERTEX
10
188.1500
20
58.0017
0
VERTEX
10
180.5396
20
47.9887
0
VERTEX
10
172.3656
20
38.2409
0
VERTEX
10
163.9159
20
29.1051
0
VERTEX
10
155.4758
20
20.9163
0
VERTEX
10
147.3187
20
13.9863
0
VERTEX
10
139.6960
20
8.5920
0
VERTEX
10
132.8288
20
4.9656
0
VERTEX
10
126.9006
20
3.2858
0
VERTEX
10
122.0510
20
3.6712
0
VERTEX
10
118.3717
20
6.1754
0
VERTEX
10
115.9036
20
10.7845
0
VERTEX
10
114.6362
20
17.4172
0
VERTEX
10
114.5090
20
25.9266
0
VERTEX
10
115.4145
20
36.1049
0
VERTEX
10
117.2028
20
47.6898
0
VERTEX
10
119.6880
20
60.3729
0
VERTEX
10
122.6560
20
73.8098
0
VERTEX
10
125.8732
20
87.6313
0
VERTEX
10
129.0956
20
101.4556
0
VERTEX
10
132.0790
20
114.9008
0
VERTEX
10
134.5887
20
127.5976
0
VERTEX
10
136.4086
20
139.2013
0
VERTEX
10
137.3507
20
149.4031
0
VERTEX
10
137.2622
20
157.9403
0
VERTEX
10
136.0323
20
164.6045
0
VERTEX
10
133.5975
20
169.2481
0
VERTEX
10
129.9440
20
171.7892
0
VERTEX
10
125.1099
20
172.2131
0
VERTEX
10
119.1841
20
170.5728
0
VERTEX
10
112.3045
20
166.9859
0
VERTEX
10
104.6532
20
161.6303
0
VERTEX
10
96.4510
20
154.7374
0
VERTEX
10
87.9497
20
146.5833
0
VERTEX
10
79.4239
20
137.4789
0
VERTEX
10
71.1613
20
127.7587
0
VERTEX
10
63.4527
20
117.7686
0
VERTEX
10
56.5816
20
107.8539
0
VERTEX
10
50.8144
20
98.3470
0
VERTEX
10
46.3901
20
89.5557
0
VERTEX
10
43.5123
20
81.7527
0
VERTEX
10
42.3408
20
75.1663
0
VERTEX
10
42.9860
20
69.9724
0
VERTEX
10
45.5040
20
66.2892
0
VERTEX
10
49.8941
20
64.1733
0
VERTEX
10
56.0979
20
63.6185
0
VERTEX
10
64.0003
20
64.5567
0
VERTEX
10
73.4331
20
66.8611
0
VERTEX
10
84.1796
20
70.3515
0
VERTEX
10
95.9812
20
74.8015
0
VERTEX
10
108.5457
20
79.9478
0
VERTEX
10
121.5563
20
85.4998
0
VERTEX
10
134.6818
20
91.1515
0
VERTEX
10
147.5871
20
96.5930
0
VERTEX
10
159.9441
20
101.5226
0
VERTEX
10
171.4420
20
105.6583
0
VERTEX
10
181.7972
20
108.7488
0
VERTEX
10
190.7624
20
110.5834
0
VERTEX
10
198.1343
20
111.0005
0
VERTEX
10
203.7596
20
109.8936
0
VERTEX
10
207.5397
20
107.2166
0
VERTEX
10
209.4333
20
102.9857
0
VERTEX
10
209.4570
20
97.2798
0
VERTEX
10
207.6840
20
90.2380
0
VERTEX
10
204.2409
20
82.0557
0
VERTEX
10
199.3026
20
72.9776
0
VERTEX
10
193.0858
20
63.2898
0
VERTEX
10
185.8407
20
53.3099
0
VERTEX
10
177.8421
20
43.3758
0
VERTEX
10
169.3795
20
33.8341
0
VERTEX
10
160.7466
20
25.0276
0
VERTEX
10
152.2313
20
17.2835
0
VERTEX
10
144.1052
20
10.9012
0
VERTEX
10
136.6145
20
6.1417
0
VERTEX
10
129.9718
20
3.2183
0
VERTEX
10
124.3487
20
2.2882
0
VERTEX
10
119.8703
20
3.4467
0
VERTEX
10
116.6117
20
6.7233
0
VERTEX
10
114.5959
20
12.0800
0
VERTEX
10
113.7937
20
19.4120
0
VERTEX
10
114.1257
20
28.5505
0
VERTEX
10
115.4661
20
39.2682
0
VERTEX
10
117.6481
20
51.2863
0
VERTEX
10
120.4710
20
64.2835
0
VERTEX
10
123.7082
20
77.9066
0
VERTEX
10
127.1163
20
91.7818
0
VERTEX
10
130.4455
20
105.5275
0
VERTEX
10
133.4485
20
118.7661
0
VERTEX
10
135.8914
20
131.1371
0
VERTEX
10
137.5628
20
142.3086
0
VERTEX
10
138.2821
20
151.9881
0
VERTEX
10
137.9074
20
159.9318
0
VERTEX
10
136.3415
20
165.9527
0
VERTEX
10
133.5362
20
169.9262
0
VERTEX
10
129.4948
20
171.7935
0
VERTEX
10
124.2734
20
171.5632
0
VERTEX
10
117.9791
20
169.3103
0
VERTEX
10
110.7671
20
165.1727
0
VERTEX
10
102.8359
20
159.3460
0
VERTEX
10
94.4209
20
152.0760
0
VERTEX
10
85.7860
20
143.6496
0
VERTEX
10
77.2150
20
134.3844
0
VERTEX
10
69.0016
20
124.6173
0
VERTEX
10
61.4388
20
114.6926
0
VERTEX
10
54.8092
20
104.9493
0
VERTEX
10
49.3739
20
95.7097
0
VERTEX
10
45.3638
20
87.2681
0
VERTEX
10
42.9706
20
79.8805
0
VERTEX
10
42.3399
20
73.7561
0
VERTEX
10
43.5650
20
69.0502
0
VERTEX
10
46.6835
20
65.8594
0
VERTEX
10
51.6749
20
64.2186
0
VERTEX
10
58.4606
20
64.1010
0
VERTEX
10
66.9058
20
65.4191
0
VERTEX
10
76.8232
20
68.0292
0
VERTEX
10
87.9790
20
71.7372
0
VERTEX
10
100.0997
20
76.3062
0
VERTEX
10
112.8811
20
81.4662
0
VERTEX
10
125.9974
20
86.9244
0
VERTEX
10
139.1124
20
92.3766
0
VERTEX
10
151.8896
20
97.5191
0
VERTEX
10
164.0032
20
102.0601
0
VERTEX
10
175.1488
20
105.7315
0
VERTEX
10
185.0527
20
108.2989
0
VERTEX
10
193.4805
20
109.5710
0
VERTEX
10
200.2450
20
109.4075
0
VERTEX
10
205.2109
20
107.7243
0
VERTEX
10
208.2996
20
104.4977
0
VERTEX
10
209.4904
20
99.7659
0
VERTEX
10
208.8210
20
93.6282
0
VERTEX
10
206.3852
20
86.2422
0
VERTEX
10
202.3288
20
77.8184
0
VERTEX
10
196.8444
20
68.6134
0
VERTEX
10
190.1636
20
58.9214
0
VERTEX
10
182.5490
20
49.0634
0
VERTEX
10
174.2842
20
39.3766
0
VERTEX
10
165.6638
20
30.2024
0
VERTEX
10
156.9833
20
21.8740
0
VERTEX
10
148.5280
20
14.7049
0
VERTEX
10
140.5638
20
8.9776
0
VERTEX
10
133.3278
20
4.9330
0
VERTEX
10
127.0200
20
2.7619
0
VERTEX
10
121.7973
20
2.5979
0
VERTEX
10
117.7681
20
4.5117
0
VERTEX
10
114.9894
20
8.5085
0
VERTEX
10
113.4653
20
14.5273
0
VERTEX
10
113.1479
20
22.4417
0
VERTEX
10
113.9398
20
32.0645
0
VERTEX
10
115.6987
20
43.1527
0
VERTEX
10
118.2431
20
55.4161
0
VERTEX
10
121.3601
20
68.5260
0
VERTEX
10
124.8141
20
82.1262
0
VERTEX
10
128.3559
20
95.8448
0
VERTEX
10
131.7329
20
109.3063
0
VERTEX
10
134.6993
20
122.1436
0
VERTEX
10
137.0257
20
134.0108
0
VERTEX
10
138.5084
20
144.5937
0
VERTEX
10
138.9777
20
153.6202
0
VERTEX
10
138.3051
20
160.8693
0
VERTEX
10
136.4084
20
166.1778
0
VERTEX
10
133.2562
20
169.4449
0
VERTEX
10
128.8694
20
170.6358
0
VERTEX
10
123.3213
20
169.7811
0
VERTEX
10
116.7360
20
166.9759
0
VERTEX
10
109.2842
20
162.3755
0
VERTEX
10
101.1782
20
156.1893
0
VERTEX
10
92.6645
20
148.6729
0
VERTEX
10
84.0155
20
140.1190
0
VERTEX
10
75.5199
20
130.8464
0
VERTEX
10
67.4730
20
121.1887
0
VERTEX
10
60.1661
20
111.4827
0
VERTEX
10
53.8759
20
102.0558
0
VERTEX
10
48.8548
20
93.2155
0
VERTEX
10
45.3217
20
85.2379
0
VERTEX
10
43.4536
20
78.3589
0
VERTEX
10
43.3791
20
72.7656
0
VERTEX
10
45.1733
20
68.5911
0
VERTEX
10
48.8541
20
65.9097
0
VERTEX
10
54.3815
20
64.7351
0
VERTEX
10
61.6576
20
65.0208
0
VERTEX
10
70.5295
20
66.6626
0
VERTEX
10
80.7939
20
69.5030
0
VERTEX
10
92.2028
20
73.3378
0
VERTEX
10
104.4720
20
77.9244
0
VERTEX
10
117.2895
20
82.9910
0
VERTEX
10
130.3256
20
88.2476
0
VERTEX
10
143.2438
20
93.3972
0
VERTEX
10
155.7112
20
98.1470
0
VERTEX
10
167.4095
20
102.2203
0
VERTEX
10
178.0448
20
105.3666
0
VERTEX
10
187.3576
20
107.3720
0
VERTEX
10
195.1301
20
108.0673
0
VERTEX
10
201.1937
20
107.3348
0
VERTEX
10
205.4335
20
105.1137
0
VERTEX
10
207.7917
20
101.4022
0
VERTEX
10
208.2690
20
96.2592
0
VERTEX
10
206.9233
20
89.8018
0
VERTEX
10
203.8676
20
82.2026
0
VERTEX
10
199.2650
20
73.6834
0
VERTEX
10
193.3226
20
64.5080
0
VERTEX
10
186.2837
20
54.9730
0
VERTEX
10
178.4189
20
45.3978
0
VERTEX
10
170.0165
20
36.1130
0
VERTEX
10
161.3720
20
27.4491
0
VERTEX
10
152.7776
20
19.7247
0
VERTEX
10
144.5124
20
13.2350
0
VERTEX
10
136.8321
20
8.2412
0
VERTEX
10
129.9609
20
4.9610
0
VERTEX
10
124.0837
20
3.5606
0
VERTEX
10
119.3401
20
4.1483
0
VERTEX
10
115.8201
20
6.7704
0
VERTEX
10
113.5616
20
11.4087
0
VERTEX
10
112.5499
20
17.9807
0
VERTEX
10
112.7191
20
26.3418
0
VERTEX
10
113.9553
20
36.2897
0
VERTEX
10
116.1017
20
47.5709
0
VERTEX
10
118.9649
20
59.8885
0
VERTEX
10
122.3232
20
72.9122
0
VERTEX
10
125.9353
20
86.2889
0
VERTEX
10
129.5499
20
99.6542
0
VERTEX
10
132.9159
20
112.6446
0
VERTEX
10
135.7922
20
124.9092
0
VERTEX
10
137.9576
20
136.1211
0
VERTEX
10
139.2191
20
145.9881
0
VERTEX
10
139.4204
20
154.2622
0
VERTEX
10
138.4483
20
160.7472
0
VERTEX
10
136.2372
20
165.3049
0
VERTEX
10
132.7728
20
167.8593
0
VERTEX
10
128.0931
20
168.3981
0
VERTEX
10
122.2880
20
166.9725
0
VERTEX
10
115.4964
20
163.6951
0
VERTEX
10
107.9024
20
158.7348
0
VERTEX
10
99.7286
20
152.3105
0
VERTEX
10
91.2294
20
144.6831
0
VERTEX
10
82.6814
20
136.1455
0
VERTEX
10
74.3744
20
127.0126
0
VERTEX
10
66.6010
20
117.6094
0
VERTEX
10
59.6464
20
108.2599
0
VERTEX
10
53.7778
20
99.2755
0
VERTEX
10
49.2353
20
90.9443
0
VERTEX
10
46.2226
20
83.5210
0
VERTEX
10
44.8997
20
77.2184
0
VERTEX
10
45.3766
20
72.2004
0
VERTEX
10
47.7090
20
68.5767
0
VERTEX
10
51.8955
20
66.3996
0
VERTEX
10
57.8771
20
65.6626
0
VERTEX
10
65.5383
20
66.3021
0
VERTEX
10
74.7105
20
68.1997
0
VERTEX
10
85.1772
20
71.1879
0
VERTEX
10
96.6805
20
75.0567
0
VERTEX
10
108.9290
20
79.5621
0
VERTEX
10
121.6079
20
84.4356
0
VERTEX
10
134.3882
20
89.3949
0
VERTEX
10
146.9379
20
94.1545
0
VERTEX
10
158.9323
20
98.4375
0
VERTEX
10
170.0649
20
101.9856
0
VERTEX
10
180.0567
20
104.5695
0
VERTEX
10
188.6653
20
105.9981
0
VERTEX
10
195.6926
20
106.1258
0
VERTEX
10
200.9906
20
104.8585
0
VERTEX
10
204.4660
20
102.1579
0
VERTEX
10
206.0824
20
98.0432
0
VERTEX
10
205.8610
20
92.5914
0
VERTEX
10
203.8791
20
85.9348
0
VERTEX
10
200.2667
20
78.2570
0
VERTEX
10
195.2013
20
69.7867
0
VERTEX
10
188.9014
20
60.7899
0
VERTEX
10
181.6182
20
51.5608
0
VERTEX
10
173.6263
20
42.4115
0
VERTEX
10
165.2144
20
33.6613
0
VERTEX
10
156.6743
20
25.6250
0
VERTEX
10
148.2912
20
18.6020
0
VERTEX
10
140.3337
20
12.8653
0
VERTEX
10
133.0440
20
8.6520
0
VERTEX
10
126.6306
20
6.1544
0
VERTEX
10
121.2605
20
5.5128
0
VERTEX
10
117.0545
20
6.8103
0
VERTEX
10
114.0833
20
10.0690
0
VERTEX
10
112.3656
20
15.2493
0
VERTEX
10
111.8684
20
22.2501
0
VERTEX
10
112.5093
20
30.9118
0
VERTEX
10
114.1596
20
41.0216
0
VERTEX
10
116.6507
20
52.3198
0
VERTEX
10
119.7803
20
64.5085
0
VERTEX
10
123.3212
20
77.2610
0
VERTEX
10
127.0301
20
90.2326
0
VERTEX
10
130.6572
20
103.0721
0
VERTEX
10
133.9563
20
115.4328
0
VERTEX
10
136.6947
20
126.9842
0
VERTEX
10
138.6619
20
137.4227
0
VERTEX
10
139.6786
20
146.4812
0
VERTEX
10
139.6038
20
153.9376
0
VERTEX
10
138.3407
20
159.6221
0
VERTEX
10
135.8411
20
163.4220
0
VERTEX
10
132.1075
20
165.2847
0
VERTEX
10
127.1943
20
165.2194
0
VERTEX
10
121.2062
20
163.2954
0
VERTEX
10
114.2952
20
159.6391
0
VERTEX
10
106.6554
20
154.4295
0
VERTEX
10
98.5170
20
147.8905
0
VERTEX
10
90.1382
20
140.2834
0
VERTEX
10
81.7962
20
131.8968
0
VERTEX
10
73.7778
20
123.0363
0
VERTEX
10
66.3691
20
114.0139
0
VERTEX
10
59.8454
20
105.1364
0
VERTEX
10
54.4613
20
96.6953
0
VERTEX
10
50.4413
20
88.9562
0
VERTEX
10
47.9720
20
82.1499
0
VERTEX
10
47.1944
20
76.4648
0
VERTEX
10
48.1992
20
72.0406
0
VERTEX
10
51.0225
20
68.9638
0
VERTEX
10
55.6441
20
67.2659
0
VERTEX
10
61.9874
20
66.9223
0
VERTEX
10
69.9214
20
67.8545
0
VERTEX
10
79.2649
20
69.9336
0
VERTEX
10
89.7913
20
72.9857
0
VERTEX
10
101.2363
20
76.7993
0
VERTEX
10
113.3063
20
81.1334
0
VERTEX
10
125.6873
20
85.7272
0
VERTEX
10
138.0557
20
90.3101
0
VERTEX
10
150.0883
20
94.6127
0
VERTEX
10
161.4728
20
98.3768
0
VERTEX
10
171.9180
20
101.3659
0
VERTEX
10
181.1631
20
103.3740
0
VERTEX
10
188.9855
20
104.2341
0
VERTEX
10
195.2087
20
103.8247
0
VERTEX
10
199.7065
20
102.0753
0
VERTEX
10
202.4074
20
98.9687
0
VERTEX
10
203.2963
20
94.5431
0
VERTEX
10
202.4138
20
88.8909
0
VERTEX
10
199.8546
20
82.1561
0
VERTEX
10
195.7633
20
74.5292
0
VERTEX
10
190.3288
20
66.2416
0
VERTEX
10
183.7775
20
57.5568
0
VERTEX
10
176.3646
20
48.7619
0
VERTEX
10
168.3649
20
40.1573
0
VERTEX
10
160.0634
20
32.0463
0
VERTEX
10
151.7444
20
24.7242
0
VERTEX
10
143.6825
20
18.4677
0
VERTEX
10
136.1322
20
13.5253
0
VERTEX
10
129.3199
20
10.1079
0
VERTEX
10
123.4356
20
8.3813
0
VERTEX
10
118.6272
20
8.4597
0
VERTEX
10
114.9958
20
10.4018
0
VERTEX
10
112.5922
20
14.2074
0
VERTEX
10
111.4168
20
19.8176
0
VERTEX
10
111.4194
20
27.1159
0
VERTEX
10
112.5026
20
35.9319
0
VERTEX
10
114.5255
20
46.0462
0
VERTEX
10
117.3103
20
57.1980
0
VERTEX
10
120.6490
20
69.0928
0
VERTEX
10
124.3122
20
81.4127
0
VERTEX
10
128.0578
20
93.8263
0
VERTEX
10
131.6411
20
105.9996
0
VERTEX
10
134.8238
20
117.6071
0
VERTEX
10
137.3842
20
128.3420
0
VERTEX
10
139.1253
20
137.9265
0
VERTEX
10
139.8832
20
146.1205
0
VERTEX
10
139.5334
20
152.7292
0
VERTEX
10
137.9964
20
157.6090
0
VERTEX
10
135.2409
20
160.6720
0
VERTEX
10
131.2862
20
161.8880
0
VERTEX
10
126.2015
20
161.2850
0
VERTEX
10
120.1043
20
158.9471
0
VERTEX
10
113.1571
20
155.0118
0
VERTEX
10
105.5613
20
149.6635
0
VERTEX
10
97.5514
20
143.1273
0
VERTEX
10
89.3859
20
135.6602
0
VERTEX
10
81.3392
20
127.5421
0
VERTEX
10
73.6915
20
119.0656
0
VERTEX
10
66.7189
20
110.5253
0
VERTEX
10
60.6840
20
102.2080
0
VERTEX
10
55.8258
20
94.3820
0
VERTEX
10
52.3515
20
87.2887
0
VERTEX
10
50.4285
20
81.1337
0
VERTEX
10
50.1786
20
76.0802
0
VERTEX
10
51.6724
20
72.2441
0
VERTEX
10
54.9272
20
69.6899
0
VERTEX
10
59.9050
20
68.4298
0
VERTEX
10
66.5137
20
68.4236
0
VERTEX
10
74.6092
20
69.5812
0
VERTEX
10
84.0004
20
71.7663
0
VERTEX
10
94.4543
20
74.8026
0
VERTEX
10
105.7039
20
78.4809
0
VERTEX
10
117.4569
20
82.5670
0
VERTEX
10
129.4045
20
86.8115
0
VERTEX
10
141.2321
20
90.9595
0
VERTEX
10
152.6290
20
94.7601
0
VERTEX
10
163.2986
20
97.9767
0
VERTEX
10
172.9680
20
100.3963
0
VERTEX
10
181.3966
20
101.8373
0
VERTEX
10
188.3837
20
102.1574
0
VERTEX
10
193.7750
20
101.2589
0
VERTEX
10
197.4669
20
99.0932
0
VERTEX
10
199.4094
20
95.6629
0
VERTEX
10
199.6072
20
91.0224
0
VERTEX
10
198.1190
20
85.2765
0
VERTEX
10
195.0544
20
78.5770
0
VERTEX
10
190.5702
20
71.1180
0
VERTEX
10
184.8634
20
63.1290
0
VERTEX
10
178.1649
20
54.8671
0
VERTEX
10
170.7303
20
46.6082
0
VERTEX
10
162.8312
20
38.6373
0
VERTEX
10
154.7452
20
31.2383
0
VERTEX
10
146.7461
20
24.6841
0
VERTEX
10
139.0945
20
19.2267
0
VERTEX
10
132.0289
20
15.0882
0
VERTEX
10
125.7572
20
12.4528
0
VERTEX
10
120.4500
20
11.4597
0
VERTEX
10
116.2352
20
12.1980
0
VERTEX
10
113.1936
20
14.7033
0
VERTEX
10
111.3573
20
18.9555
0
VERTEX
10
110.7087
20
24.8796
0
VERTEX
10
111.1822
20
32.3469
0
VERTEX
10
112.6676
20
41.1799
0
VERTEX
10
115.0144
20
51.1572
0
VERTEX
10
118.0381
20
62.0206
0
VERTEX
10
121.5281
20
73.4838
0
VERTEX
10
125.2557
20
85.2415
0
VERTEX
10
128.9832
20
96.9794
0
VERTEX
10
132.4735
20
108.3842
0
VERTEX
10
135.4990
20
119.1542
0
VERTEX
10
137.8510
20
129.0088
0
VERTEX
10
139.3478
20
137.6973
0
VERTEX
10
139.8420
20
145.0073
0
VERTEX
10
139.2263
20
150.7713
0
VERTEX
10
137.4386
20
154.8712
0
VERTEX
10
134.4641
20
157.2423
0
VERTEX
10
130.3373
20
157.8744
0
VERTEX
10
125.1407
20
156.8118
0
VERTEX
10
119.0029
20
154.1505
0
VERTEX
10
112.0939
20
150.0347
0
VERTEX
10
104.6200
20
144.6512
0
VERTEX
10
96.8165
20
138.2220
0
VERTEX
10
88.9397
20
130.9963
0
VERTEX
10
81.2576
20
123.2417
0
VERTEX
10
74.0411
20
115.2343
0
VERTEX
10
67.5539
20
107.2489
0
VERTEX
10
62.0432
20
99.5495
0
VERTEX
10
57.7310
20
92.3803
0
VERTEX
10
54.8054
20
85.9570
0
VERTEX
10
53.4144
20
80.4597
0
VERTEX
10
53.6598
20
76.0272
0
VERTEX
10
55.5931
20
72.7523
0
VERTEX
10
59.2135
20
70.6796
0
VERTEX
10
64.4671
20
69.8042
0
VERTEX
10
71.2481
20
70.0730
0
VERTEX
10
79.4023
20
71.3873
0
VERTEX
10
88.7311
20
73.6069
0
VERTEX
10
98.9987
20
76.5565
0
VERTEX
10
109.9386
20
80.0324
0
VERTEX
10
121.2631
20
83.8107
0
VERTEX
10
132.6720
20
87.6564
0
VERTEX
10
143.8627
20
91.3322
0
VERTEX
10
154.5397
20
94.6084
0
VERTEX
10
164.4246
20
97.2713
0
VERTEX
10
173.2647
20
99.1320
0
VERTEX
10
180.8411
20
100.0336
0
VERTEX
10
186.9757
20
99.8579
0
VERTEX
10
191.5368
20
98.5298
0
VERTEX
10
194.4426
20
96.0209
0
VERTEX
10
195.6638
20
92.3511
0
VERTEX
10
195.2237
20
87.5883
0
VERTEX
10
193.1966
20
81.8464
0
VERTEX
10
189.7051
20
75.2818
0
VERTEX
10
184.9148
20
68.0883
0
VERTEX
10
179.0284
20
60.4902
0
VERTEX
10
172.2780
20
52.7347
0
VERTEX
10
164.9166
20
45.0834
0
VERTEX
10
157.2093
20
37.8031
0
VERTEX
10
149.4237
20
31.1561
0
VERTEX
10
141.8205
20
25.3912
0
VERTEX
10
134.6446
20
20.7345
0
VERTEX
10
128.1162
20
17.3814
0
VERTEX
10
122.4239
20
15.4896
0
VERTEX
10
117.7183
20
15.1727
0
VERTEX
10
114.1069
20
16.4964
0
VERTEX
10
111.6512
20
19.4752
0
VERTEX
10
110.3649
20
24.0721
0
VERTEX
10
110.2143
20
30.1985
0
VERTEX
10
111.1203
20
37.7177
0
VERTEX
10
112.9618
20
46.4484
0
VERTEX
10
115.5809
20
56.1707
0
VERTEX
10
118.7896
20
66.6329
0
VERTEX
10
122.3769
20
77.5603
0
VERTEX
10
126.1174
20
88.6633
0
VERTEX
10
129.7803
20
99.6472
0
VERTEX
10
133.1381
20
110.2218
0
VERTEX
10
135.9759
20
120.1107
0
VERTEX
10
138.0994
20
129.0603
0
VERTEX
10
139.3433
20
136.8477
0
VERTEX
10
139.5769
20
143.2878
0
VERTEX
10
138.7105
20
148.2390
0
VERTEX
10
136.6984
20
151.6074
0
VERTEX
10
133.5418
20
153.3493
0
VERTEX
10
129.2888
20
153.4721
0
VERTEX
10
124.0336
20
152.0330
0
VERTEX
10
117.9132
20
149.1370
0
VERTEX
10
111.1034
20
144.9318
0
VERTEX
10
103.8125
20
139.6029
0
VERTEX
10
96.2743
20
133.3663
0
VERTEX
10
88.7399
20
126.4603
0
VERTEX
10
81.4692
20
119.1375
0
VERTEX
10
74.7214
20
111.6554
0
VERTEX
10
68.7457
20
104.2672
0
VERTEX
10
63.7729
20
97.2132
0
VERTEX
10
60.0064
20
90.7125
0
VERTEX
10
57.6154
20
84.9555
0
VERTEX
10
56.7280
20
80.0976
0
VERTEX
10
57.4266
20
76.2542
0
VERTEX
10
59.7446
20
73.4971
0
VERTEX
10
63.6645
20
71.8528
0
VERTEX
10
69.1183
20
71.3021
0
VERTEX
10
75.9890
20
71.7818
0
VERTEX
10
84.1141
20
73.1875
0
VERTEX
10
93.2911
20
75.3783
0
VERTEX
10
103.2833
20
78.1824
0
VERTEX
10
113.8279
20
81.4047
0
VERTEX
10
124.6443
20
84.8338
0
VERTEX
10
135.4434
20
88.2511
0
VERTEX
10
145.9367
20
91.4388
0
VERTEX
10
155.8460
20
94.1888
0
VERTEX
10
164.9123
20
96.3111
0
VERTEX
10
172.9040
20
97.6406
0
VERTEX
10
179.6244
20
98.0446
0
VERTEX
10
184.9181
20
97.4275
0
VERTEX
10
188.6753
20
95.7349
0
VERTEX
10
190.8354
20
92.9567
0
VERTEX
10
191.3879
20
89.1272
0
VERTEX
10
190.3729
20
84.3248
0
VERTEX
10
187.8785
20
78.6699
0
VERTEX
10
184.0375
20
72.3202
0
VERTEX
10
179.0222
20
65.4661
0
VERTEX
10
173.0380
20
58.3241
0
VERTEX
10
166.3157
20
51.1289
0
VERTEX
10
159.1033
20
44.1256
0
VERTEX
10
151.6573
20
37.5611
0
VERTEX
10
144.2333
20
31.6750
0
VERTEX
10
137.0770
20
26.6913
0
VERTEX
10
130.4163
20
22.8104
0
VERTEX
10
124.4527
20
20.2016
0
VERTEX
10
119.3551
20
18.9969
0
VERTEX
10
115.2537
20
19.2864
0
VERTEX
10
112.2366
20
21.1141
0
VERTEX
10
110.3467
20
24.4766
0
VERTEX
10
109.5808
20
29.3222
0
VERTEX
10
109.8908
20
35.5526
0
VERTEX
10
111.1857
20
43.0254
0
VERTEX
10
113.3358
20
51.5591
0
VERTEX
10
116.1782
20
60.9381
0
VERTEX
10
119.5231
20
70.9204
0
VERTEX
10
123.1614
20
81.2449
0
VERTEX
10
126.8730
20
91.6398
0
VERTEX
10
130.4356
20
101.8317
0
VERTEX
10
133.6329
20
111.5545
0
VERTEX
10
136.2635
20
120.5575
0
VERTEX
10
138.1486
20
128.6139
0
VERTEX
10
139.1391
20
135.5278
0
VERTEX
10
139.1214
20
141.1401
0
VERTEX
10
138.0224
20
145.3336
0
VERTEX
10
135.8125
20
148.0362
0
VERTEX
10
132.5070
20
149.2227
0
VERTEX
10
128.1664
20
148.9153
0
VERTEX
10
122.8948
20
147.1815
0
VERTEX
10
116.8358
20
144.1318
0
VERTEX
10
110.1688
20
139.9149
0
VERTEX
10
103.1020
20
134.7123
0
VERTEX
10
95.8660
20
128.7313
0
VERTEX
10
88.7050
20
122.1975
0
VERTEX
10
81.8687
20
115.3468
0
VERTEX
10
75.6036
20
108.4167
0
VERTEX
10
70.1436
20
101.6385
0
VERTEX
10
65.7022
20
95.2285
0
VERTEX
10
62.4644
20
89.3814
0
VERTEX
10
60.5802
20
84.2632
0
VERTEX
10
60.1587
20
80.0058
0
VERTEX
10
61.2639
20
76.7032
0
VERTEX
10
63.9123
20
74.4084
0
VERTEX
10
68.0715
20
73.1324
0
VERTEX
10
73.6611
20
72.8442
0
VERTEX
10
80.5550
20
73.4732
0
VERTEX
10
88.5848
20
74.9121
0
VERTEX
10
97.5457
20
77.0213
0
VERTEX
10
107.2029
20
79.6355
0
VERTEX
10
117.2988
20
82.5695
0
VERTEX
10
127.5621
20
85.6263
0
VERTEX
10
137.7159
20
88.6045
0
VERTEX
10
147.4874
20
91.3063
0
VERTEX
10
156.6163
20
93.5458
0
VERTEX
10
164.8635
20
95.1556
0
VERTEX
10
172.0187
20
95.9939
0
VERTEX
10
177.9071
20
95.9504
0
VERTEX
10
182.3950
20
94.9503
0
VERTEX
10
185.3936
20
92.9580
0
VERTEX
10
186.8617
20
89.9789
0
VERTEX
10
186.8065
20
86.0592
0
VERTEX
10
185.2826
20
81.2855
0
VERTEX
10
182.3899
20
75.7814
0
VERTEX
10
178.2693
20
69.7037
0
VERTEX
10
173.0976
20
63.2372
0
VERTEX
10
167.0809
20
56.5884
0
VERTEX
10
160.4469
20
49.9780
0
VERTEX
10
153.4368
20
43.6337
0
VERTEX
10
146.2971
20
37.7815
0
VERTEX
10
139.2701
20
32.6383
0
VERTEX
10
132.5862
20
28.4038
0
VERTEX
10
126.4556
20
25.2533
0
VERTEX
10
121.0610
20
23.3316
0
VERTEX
10
116.5520
20
22.7471
0
VERTEX
10
113.0394
20
23.5681
0
VERTEX
10
110.5926
20
25.8199
0
VERTEX
10
109.2373
20
29.4834
0
VERTEX
10
108.9549
20
34.4953
0
VERTEX
10
109.6845
20
40.7500
0
VERTEX
10
111.3250
20
48.1027
0
VERTEX
10
113.7401
20
56.3737
0
VERTEX
10
116.7633
20
65.3543
0
VERTEX
10
120.2047
20
74.8137
0
VERTEX
10
123.8586
20
84.5057
0
VERTEX
10
127.5115
20
94.1777
0
VERTEX
10
130.9504
20
103.5779
0
VERTEX
10
133.9711
20
112.4639
0
VERTEX
10
136.3859
20
120.6104
0
VERTEX
10
138.0314
20
127.8162
0
VERTEX
10
138.7746
20
133.9107
0
VERTEX
10
138.5183
20
138.7590
0
VERTEX
10
137.2051
20
142.2659
0
VERTEX
10
134.8201
20
144.3788
0
VERTEX
10
131.3919
20
145.0882
0
VERTEX
10
126.9917
20
144.4281
0
VERTEX
10
121.7315
20
142.4740
0
VERTEX
10
115.7606
20
139.3393
0
VERTEX
10
109.2601
20
135.1715
0
VERTEX
10
102.4370
20
130.1458
0
VERTEX
10
95.5171
20
124.4595
0
VERTEX
10
88.7369
20
118.3243
0
VERTEX
10
82.3353
20
111.9586
0
VERTEX
10
76.5454
20
105.5800
0
VERTEX
10
71.5857
20
99.3980
0
VERTEX
10
67.6528
20
93.6058
0
VERTEX
10
64.9136
20
88.3750
0
VERTEX
10
63.4997
20
83.8486
0
VERTEX
10
63.5022
20
80.1375
0
VERTEX
10
64.9683
20
77.3162
0
VERTEX
10
67.8989
20
75.4215
0
VERTEX
10
72.2484
20
74.4511
0
VERTEX
10
77.9258
20
74.3651
0
VERTEX
10
84.7973
20
75.0876
0
VERTEX
10
92.6904
20
76.5105
0
VERTEX
10
101.3999
20
78.4978
0
VERTEX
10
110.6937
20
80.8917
0
VERTEX
10
120.3209
20
83.5184
0
VERTEX
10
130.0202
20
86.1957
0
VERTEX
10
139.5277
20
88.7397
0
VERTEX
10
148.5864
20
90.9727
0
VERTEX
10
156.9538
20
92.7295
0
VERTEX
10
164.4104
20
93.8647
0
VERTEX
10
170.7665
20
94.2581
0
VERTEX
10
175.8681
20
93.8197
0
VERTEX
10
179.6019
20
92.4936
0
VERTEX
10
181.8987
20
90.2605
0
VERTEX
10
182.7352
20
87.1388
0
VERTEX
10
182.1342
20
83.1845
0
VERTEX
10
180.1633
20
78.4895
0
VERTEX
10
176.9322
20
73.1789
0
VERTEX
10
172.5885
20
67.4066
0
VERTEX
10
167.3118
20
61.3504
0
VERTEX
10
161.3074
20
55.2056
0
VERTEX
10
154.7990
20
49.1783
0
VERTEX
10
148.0201
20
43.4782
0
VERTEX
10
141.2065
20
38.3112
0
VERTEX
10
134.5872
20
33.8721
0
VERTEX
10
128.3771
20
30.3373
0
VERTEX
10
122.7693
20
27.8591
0
VERTEX
10
117.9284
20
26.5591
0
VERTEX
10
113.9853
20
26.5248
0
VERTEX
10
111.0328
20
27.8051
0
VERTEX
10
109.1229
20
30.4090
0
VERTEX
10
108.2652
20
34.3043
0
VERTEX
10
108.4277
20
39.4187
0
VERTEX
10
109.5377
20
45.6417
0
VERTEX
10
111.4859
20
52.8277
0
VERTEX
10
114.1303
20
60.8011
0
VERTEX
10
117.3020
20
69.3612
0
VERTEX
10
120.8123
20
78.2891
0
VERTEX
10
124.4595
20
87.3546
0
VERTEX
10
128.0371
20
96.3235
0
VERTEX
10
131.3417
20
104.9653
0
VERTEX
10
134.1810
20
113.0605
0
VERTEX
10
136.3808
20
120.4074
0
VERTEX
10
137.7926
20
126.8289
0
VERTEX
10
138.2985
20
132.1773
0
VERTEX
10
137.8168
20
136.3396
0
VERTEX
10
136.3048
20
139.2402
0
VERTEX
10
133.7611
20
140.8428
0
VERTEX
10
130.2259
20
141.1516
0
VERTEX
10
125.7803
20
140.2099
0
VERTEX
10
120.5433
20
138.0985
0
VERTEX
10
114.6681
20
134.9322
0
VERTEX
10
108.3371
20
130.8552
0
VERTEX
10
101.7552
20
126.0357
0
VERTEX
10
95.1432
20
120.6600
0
VERTEX
10
88.7294
20
114.9255
0
VERTEX
10
82.7423
20
109.0335
0
VERTEX
10
77.4017
20
103.1824
0
VERTEX
10
72.9114
20
97.5608
0
VERTEX
10
69.4518
20
92.3406
0
VERTEX
10
67.1729
20
87.6718
0
VERTEX
10
66.1893
20
83.6770
0
VERTEX
10
66.5754
20
80.4479
0
VERTEX
10
68.3627
20
78.0423
0
VERTEX
10
71.5382
20
76.4830
0
VERTEX
10
76.0445
20
75.7571
0
VERTEX
10
81.7813
20
75.8175
0
VERTEX
10
88.6086
20
76.5852
0
VERTEX
10
96.3506
20
77.9529
0
VERTEX
10
104.8023
20
79.7894
0
VERTEX
10
113.7353
20
81.9452
0
VERTEX
10
122.9054
20
84.2585
0
VERTEX
10
132.0613
20
86.5617
0
VERTEX
10
140.9519
20
88.6881
0
VERTEX
10
149.3352
20
90.4785
0
VERTEX
10
156.9858
20
91.7877
0
VERTEX
10
163.7027
20
92.4903
0
VERTEX
10
169.3152
20
92.4858
0
VERTEX
10
173.6889
20
91.7025
0
VERTEX
10
176.7293
20
90.1009
0
VERTEX
10
178.3851
20
87.6758
0
VERTEX
10
178.6493
20
84.4565
0
VERTEX
10
177.5585
20
80.5065
0
VERTEX
10
175.1922
20
75.9214
0
VERTEX
10
171.6685
20
70.8262
0
VERTEX
10
167.1403
20
65.3708
0
VERTEX
10
161.7895
20
59.7249
0
VERTEX
10
155.8199
20
54.0726
0
VERTEX
10
149.4508
20
48.6052
0
VERTEX
10
142.9081
20
43.5154
0
VERTEX
10
136.4169
20
38.9897
0
VERTEX
10
130.1938
20
35.2023
0
VERTEX
10
124.4388
20
32.3082
0
VERTEX
10
119.3288
20
30.4385
0
VERTEX
10
115.0116
20
29.6944
0
VERTEX
10
111.6007
20
30.1442
0
VERTEX
10
109.1721
20
31.8203
0
VERTEX
10
107.7619
20
34.7176
0
VERTEX
10
107.3653
20
38.7933
0
VERTEX
10
107.9374
20
43.9680
0
VERTEX
10
109.3956
20
50.1279
0
VERTEX
10
111.6228
20
57.1284
0
VERTEX
10
114.4723
20
64.7985
0
VERTEX
10
117.7735
20
72.9463
0
VERTEX
10
121.3388
20
81.3649
0
VERTEX
10
124.9708
20
89.8395
0
VERTEX
10
128.4696
20
98.1537
0
VERTEX
10
131.6412
20
106.0968
0
VERTEX
10
134.3042
20
113.4703
0
VERTEX
10
136.2973
20
120.0944
0
VERTEX
10
137.4855
20
125.8133
0
VERTEX
10
137.7654
20
130.5004
0
VERTEX
10
137.0692
20
134.0615
0
VERTEX
10
135.3679
20
136.4379
0
VERTEX
10
132.6725
20
137.6077
0
VERTEX
10
129.0340
20
137.5859
0
VERTEX
10
124.5421
20
136.4232
0
VERTEX
10
119.3223
20
134.2041
0
VERTEX
10
113.5314
20
131.0430
0
VERTEX
10
107.3528
20
127.0802
0
VERTEX
10
100.9894
20
122.4764
0
VERTEX
10
94.6571
20
117.4067
0
VERTEX
10
88.5769
20
112.0547
0
VERTEX
10
82.9672
20
106.6057
0
VERTEX
10
78.0361
20
101.2399
0
VERTEX
10
73.9736
20
96.1269
0
VERTEX
10
70.9453
20
91.4191
0
VERTEX
10
69.0857
20
87.2473
0
VERTEX
10
68.4937
20
83.7159
0
VERTEX
10
69.2286
20
80.8999
0
VERTEX
10
71.3077
20
78.8428
0
VERTEX
10
74.7053
20
77.5554
0
VERTEX
10
79.3532
20
77.0165
0
VERTEX
10
85.1426
20
77.1736
0
VERTEX
10
91.9279
20
77.9461
0
VERTEX
10
99.5306
20
79.2285
0
VERTEX
10
107.7457
20
80.8950
0
VERTEX
10
116.3481
20
82.8048
0
VERTEX
10
125.1002
20
84.8076
0
VERTEX
10
133.7594
20
86.7500
0
VERTEX
10
142.0866
20
88.4812
0
VERTEX
10
149.8533
20
89.8595
0
VERTEX
10
156.8499
20
90.7577
0
VERTEX
10
162.8921
20
91.0686
0
VERTEX
10
167.8268
20
90.7091
0
VERTEX
10
171.5371
20
89.6238
0
VERTEX
10
173.9458
20
87.7875
0
VERTEX
10
175.0181
20
85.2070
0
VERTEX
10
174.7614
20
81.9205
0
VERTEX
10
173.2256
20
77.9974
0
VERTEX
10
170.5004
20
73.5358
0
VERTEX
10
166.7119
20
68.6596
0
VERTEX
10
162.0180
20
63.5139
0
VERTEX
10
156.6023
20
58.2607
0
VERTEX
10
150.6679
20
53.0727
0
VERTEX
10
144.4297
20
48.1277
0
VERTEX
10
138.1067
20
43.6021
0
VERTEX
10
131.9148
20
39.6648
0
VERTEX
10
126.0587
20
36.4709
0
VERTEX
10
120.7251
20
34.1566
0
VERTEX
10
116.0761
20
32.8335
0
VERTEX
10
112.2441
20
32.5849
0
VERTEX
10
109.3269
20
33.4625
0
VERTEX
10
107.3850
20
35.4842
0
VERTEX
10
106.4396
20
38.6329
0
VERTEX
10
106.4727
20
42.8571
0
VERTEX
10
107.4277
20
48.0717
0
VERTEX
10
109.2124
20
54.1610
0
VERTEX
10
111.7025
20
60.9819
0
VERTEX
10
114.7467
20
68.3685
0
VERTEX
10
118.1726
20
76.1374
0
VERTEX
10
121.7934
20
84.0932
0
VERTEX
10
125.4150
20
92.0352
0
VERTEX
10
128.8437
20
99.7633
0
VERTEX
10
131.8934
20
107.0849
0
VERTEX
10
134.3927
20
113.8206
0
VERTEX
10
136.1919
20
119.8097
0
VERTEX
10
137.1684
20
124.9156
0
VERTEX
10
137.2317
20
129.0297
0
VERTEX
10
136.3271
20
132.0744
0
VERTEX
10
134.4380
20
134.0056
0
VERTEX
10
131.5870
20
134.8132
0
VERTEX
10
127.8352
20
134.5212
0
VERTEX
10
123.2808
20
133.1862
0
VERTEX
10
118.0554
20
130.8949
0
VERTEX
10
112.3198
20
127.7607
0
VERTEX
10
106.2587
20
123.9195
0
VERTEX
10
100.0737
20
119.5244
0
VERTEX
10
93.9769
20
114.7403
0
VERTEX
10
88.1832
20
109.7378
0
VERTEX
10
82.9024
20
104.6872
0
VERTEX
10
78.3321
20
99.7527
0
VERTEX
10
74.6504
20
95.0867
0
VERTEX
10
72.0096
20
90.8243
0
VERTEX
10
70.5303
20
87.0794
0
VERTEX
10
70.2973
20
83.9404
0
VERTEX
10
71.3561
20
81.4682
0
VERTEX
10
73.7108
20
79.6939
0
VERTEX
10
77.3238
20
78.6188
0
VERTEX
10
82.1169
20
78.2144
0
VERTEX
10
87.9733
20
78.4246
0
VERTEX
10
94.7413
20
79.1680
0
VERTEX
10
102.2395
20
80.3417
0
VERTEX
10
110.2624
20
81.8256
0
VERTEX
10
118.5871
20
83.4871
0
VERTEX
10
126.9811
20
85.1869
0
VERTEX
10
135.2095
20
86.7846
0
VERTEX
10
143.0428
20
88.1443
0
VERTEX
10
150.2650
20
89.1398
0
VERTEX
10
156.6799
20
89.6604
0
VERTEX
10
162.1180
20
89.6149
0
VERTEX
10
166.4421
20
88.9357
0
VERTEX
10
169.5512
20
87.5817
0
VERTEX
10
171.3839
20
85.5402
0
VERTEX
10
171.9201
20
82.8279
0
VERTEX
10
171.1812
20
79.4909
0
VERTEX
10
169.2293
20
75.6031
0
VERTEX
10
166.1639
20
71.2644
0
VERTEX
10
162.1192
20
66.5969
0
VERTEX
10
157.2580
20
61.7412
0
VERTEX
10
151.7667
20
56.8517
0
VERTEX
10
145.8479
20
52.0907
0
VERTEX
10
139.7136
20
47.6234
0
VERTEX
10
133.5773
20
43.6117
0
VERTEX
10
127.6469
20
40.2083
0
VERTEX
10
122.1170
20
37.5516
0
VERTEX
10
117.1627
20
35.7606
0
VERTEX
10
112.9329
20
34.9300
0
VERTEX
10
109.5459
20
35.1273
0
VERTEX
10
107.0853
20
36.3897
0
VERTEX
10
105.5972
20
38.7222
0
VERTEX
10
105.0893
20
42.0979
0
VERTEX
10
105.5308
20
46.4575
0
VERTEX
10
106.8539
20
51.7115
0
VERTEX
10
108.9569
20
57.7427
0
VERTEX
10
111.7082
20
64.4099
0
VERTEX
10
114.9513
20
71.5518
0
VERTEX
10
118.5113
20
78.9930
0
VERTEX
10
122.2011
20
86.5483
0
VERTEX
10
125.8289
20
94.0299
0
VERTEX
10
129.2057
20
101.2522
0
VERTEX
10
132.1519
20
108.0384
0
VERTEX
10
134.5048
20
114.2257
0
VERTEX
10
136.1246
20
119.6706
0
VERTEX
10
136.8999
20
124.2530
0
VERTEX
10
136.7518
20
127.8798
0
VERTEX
10
135.6378
20
130.4879
0
VERTEX
10
133.5529
20
132.0453
0
VERTEX
10
130.5308
20
132.5520
0
VERTEX
10
126.6428
20
132.0396
0
VERTEX
10
121.9952
20
130.5689
0
VERTEX
10
116.7266
20
128.2286
0
VERTEX
10
111.0025
20
125.1304
0
VERTEX
10
105.0097
20
121.4061
0
VERTEX
10
98.9502
20
117.2016
0
VERTEX
10
93.0338
20
112.6722
0
VERTEX
10
87.4706
20
107.9771
0
VERTEX
10
82.4639
20
103.2733
0
VERTEX
10
78.2026
20
98.7106
0
VERTEX
10
74.8546
20
94.4263
0
VERTEX
10
72.5607
20
90.5404
0
VERTEX
10
71.4292
20
87.1521
0
VERTEX
10
71.5319
20
84.3363
0
VERTEX
10
72.9016
20
82.1413
0
VERTEX
10
75.5301
20
80.5881
0
VERTEX
10
79.3685
20
79.6697
0
VERTEX
10
84.3282
20
79.3523
0
VERTEX
10
90.2842
20
79.5768
0
VERTEX
10
97.0784
20
80.2618
0
VERTEX
10
104.5251
20
81.3072
0
VERTEX
10
112.4171
20
82.5982
0
VERTEX
10
120.5323
20
84.0104
0
VERTEX
10
128.6412
20
85.4144
0
VERTEX
10
136.5148
20
86.6818
0
VERTEX
10
143.9314
20
87.6898
0
VERTEX
10
150.6849
20
88.3267
0
VERTEX
10
156.5908
20
88.4960
0
VERTEX
10
161.4928
20
88.1212
0
VERTEX
10
165.2673
20
87.1481
0
VERTEX
10
167.8281
20
85.5483
0
VERTEX
10
169.1281
20
83.3198
0
VERTEX
10
169.1613
20
80.4885
0
VERTEX
10
167.9625
20
77.1067
0
VERTEX
10
165.6054
20
73.2524
0
VERTEX
10
162.2002
20
69.0266
0
VERTEX
10
157.8891
20
64.5498
0
VERTEX
10
152.8411
20
59.9584
0
VERTEX
10
147.2462
20
55.3995
0
VERTEX
10
141.3083
20
51.0265
0
VERTEX
10
135.2378
20
46.9930
0
VERTEX
10
129.2445
20
43.4477
0
VERTEX
10
123.5301
20
40.5294
0
VERTEX
10
118.2810
20
38.3614
0
VERTEX
10
113.6622
20
37.0473
0
VERTEX
10
109.8111
20
36.6671
0
VERTEX
10
106.8335
20
37.2741
0
VERTEX
10
104.7997
20
38.8927
0
VERTEX
10
103.7426
20
41.5170
0
VERTEX
10
103.6566
20
45.1109
0
VERTEX
10
104.4984
20
49.6085
0
VERTEX
10
106.1889
20
54.9166
0
VERTEX
10
108.6167
20
60.9165
0
VERTEX
10
111.6418
20
67.4686
0
VERTEX
10
115.1017
20
74.4160
0
VERTEX
10
118.8176
20
81.5899
0
VERTEX
10
122.6008
20
88.8143
0
VERTEX
10
126.2603
20
95.9124
0
VERTEX
10
129.6097
20
102.7114
0
VERTEX
10
132.4748
20
109.0483
0
VERTEX
10
134.6998
20
114.7749
0
VERTEX
10
136.1533
20
119.7621
0
VERTEX
10
136.7339
20
123.9043
0
VERTEX
10
136.3736
20
127.1219
0
VERTEX
10
135.0409
20
129.3641
0
VERTEX
10
132.7425
20
130.6096
0
VERTEX
10
129.5229
20
130.8667
0
VERTEX
10
125.4637
20
130.1732
0
VERTEX
10
120.6807
20
128.5940
0
VERTEX
10
115.3198
20
126.2185
0
VERTEX
10
109.5525
20
123.1573
0
VERTEX
10
103.5698
20
119.5379
0
VERTEX
10
97.5754
20
115.5000
0
VERTEX
10
91.7786
20
111.1905
0
VERTEX
10
86.3870
20
106.7581
0
VERTEX
10
81.5992
20
102.3484
0
VERTEX
10
77.5974
20
98.0984
0
VERTEX
10
74.5409
20
94.1323
0
VERTEX
10
72.5606
20
90.5570
0
VERTEX
10
71.7537
20
87.4588
0
VERTEX
10
72.1803
20
84.9009
0
VERTEX
10
73.8610
20
82.9212
0
VERTEX
10
76.7756
20
81.5318
0
VERTEX
10
80.8636
20
80.7189
0
VERTEX
10
86.0260
20
80.4443
0
VERTEX
10
92.1284
20
80.6468
0
VERTEX
10
99.0050
20
81.2454
0
VERTEX
10
106.4646
20
82.1427
0
VERTEX
10
114.2963
20
83.2293
0
VERTEX
10
122.2768
20
84.3880
0
VERTEX
10
130.1780
20
85.4989
0
VERTEX
10
137.7740
20
86.4443
0
VERTEX
10
144.8492
20
87.1136
0
VERTEX
10
151.2051
20
87.4077
0
VERTEX
10
156.6672
20
87.2433
0
VERTEX
10
161.0904
20
86.5566
0
VERTEX
10
164.3637
20
85.3059
0
VERTEX
10
166.4141
20
83.4738
0
VERTEX
10
167.2085
20
81.0683
0
VERTEX
10
166.7545
20
78.1228
0
VERTEX
10
165.1001
20
74.6955
0
VERTEX
10
162.3315
20
70.8680
0
VERTEX
10
158.5696
20
66.7422
0
VERTEX
10
153.9663
20
62.4371
0
VERTEX
10
148.6979
20
58.0851
0
VERTEX
10
142.9597
20
53.8273
0
VERTEX
10
136.9584
20
49.8085
0
VERTEX
10
130.9051
20
46.1722
0
VERTEX
10
125.0075
20
43.0555
0
VERTEX
10
119.4630
20
40.5842
0
VERTEX
10
114.4517
20
38.8684
0
VERTEX
10
110.1299
20
37.9981
0
VERTEX
10
106.6250
20
38.0399
0
VERTEX
10
104.0313
20
39.0344
0
VERTEX
10
102.4066
20
40.9945
0
VERTEX
10
101.7708
20
43.9044
0
VERTEX
10
102.1053
20
47.7198
0
VERTEX
10
103.3542
20
52.3688
0
VERTEX
10
105.4263
20
57.7544
0
VERTEX
10
108.1992
20
63.7569
0
VERTEX
10
111.5238
20
70.2375
0
VERTEX
10
115.2300
20
77.0430
0
VERTEX
10
119.1333
20
84.0104
0
VERTEX
10
123.0418
20
90.9716
0
VERTEX
10
126.7633
20
97.7593
0
VERTEX
10
130.1129
20
104.2118
0
VERTEX
10
132.9196
20
110.1780
0
VERTEX
10
135.0330
20
115.5224
0
VERTEX
10
136.3294
20
120.1287
0
VERTEX
10
136.7160
20
123.9037
0
VERTEX
10
136.1350
20
126.7797
0
VERTEX
10
134.5660
20
128.7164
0
VERTEX
10
132.0271
20
129.7016
0
VERTEX
10
128.5744
20
129.7512
0
VERTEX
10
124.3003
20
128.9083
0
VERTEX
10
119.3310
20
127.2408
0
VERTEX
10
113.8217
20
124.8391
0
VERTEX
10
107.9513
20
121.8124
0
VERTEX
10
101.9166
20
118.2845
0
VERTEX
10
95.9252
20
114.3894
0
VERTEX
10
90.1879
20
110.2665
0
VERTEX
10
84.9118
20
106.0554
0
VERTEX
10
80.2926
20
101.8913
0
VERTEX
10
76.5075
20
97.9002
0
VERTEX
10
73.7090
20
94.1946
0
VERTEX
10
72.0192
20
90.8700
0
VERTEX
10
71.5252
20
88.0016
0
VERTEX
10
72.2758
20
85.6421
0
VERTEX
10
74.2797
20
83.8206
0
VERTEX
10
77.5045
20
82.5416
0
VERTEX
10
81.8775
20
81.7858
0
VERTEX
10
87.2882
20
81.5110
0
VERTEX
10
93.5916
20
81.6548
0
VERTEX
10
100.6128
20
82.1369
0
VERTEX
10
108.1530
20
82.8629
0
VERTEX
10
115.9959
20
83.7283
0
VERTEX
10
123.9148
20
84.6230
0
VERTEX
10
131.6804
20
85.4358
0
VERTEX
10
139.0685
20
86.0591
0
VERTEX
10
145.8672
20
86.3933
0
VERTEX
10
151.8840
20
86.3511
0
VERTEX
10
156.9527
20
85.8612
0
VERTEX
10
160.9380
20
84.8717
0
VERTEX
10
163.7409
20
83.3520
0
VERTEX
10
165.3008
20
81.2948
0
VERTEX
10
165.5984
20
78.7171
0
VERTEX
10
164.6551
20
75.6593
0
VERTEX
10
162.5327
20
72.1850
0
VERTEX
10
159.3306
20
68.3789
0
VERTEX
10
155.1821
20
64.3435
0
VERTEX
10
150.2497
20
60.1968
0
VERTEX
10
144.7190
20
56.0674
0
VERTEX
10
138.7923
20
52.0907
0
VERTEX
10
132.6812
20
48.4038
0
VERTEX
10
126.5990
20
45.1408
0
VERTEX
10
120.7536
20
42.4284
0
VERTEX
10
115.3395
20
40.3805
0
VERTEX
10
110.5319
20
39.0950
0
VERTEX
10
106.4799
20
38.6494
0
VERTEX
10
103.3017
20
39.0980
0
VERTEX
10
101.0806
20
40.4700
0
VERTEX
10
99.8625
20
42.7674
0
VERTEX
10
99.6541
20
45.9654
0
VERTEX
10
100.4232
20
50.0120
0
VERTEX
10
102.1005
20
54.8298
0
VERTEX
10
104.5816
20
60.3180
0
VERTEX
10
107.7320
20
66.3557
0
VERTEX
10
111.3917
20
72.8049
0
VERTEX
10
115.3814
20
79.5155
0
VERTEX
10
119.5093
20
86.3292
0
VERTEX
10
123.5782
20
93.0850
0
VERTEX
10
127.3933
20
99.6240
0
VERTEX
10
130.7692
20
105.7942
0
VERTEX
10
133.5369
20
111.4552
0
VERTEX
10
135.5505
20
116.4825
0
VERTEX
10
136.6926
20
120.7714
0
VERTEX
10
136.8787
20
124.2395
0
VERTEX
10
136.0612
20
126.8296
0
VERTEX
10
134.2306
20
128.5109
0
VERTEX
10
131.4170
20
129.2791
0
VERTEX
10
127.6889
20
129.1567
0
VERTEX
10
123.1510
20
128.1912
0
VERTEX
10
117.9412
20
126.4534
0
VERTEX
10
112.2253
20
124.0342
0
VERTEX
10
106.1919
20
121.0413
0
VERTEX
10
100.0453
20
117.5951
0
VERTEX
10
93.9989
20
113.8244
0
VERTEX
10
88.2673
20
109.8615
0
VERTEX
10
83.0585
20
105.8379
0
VERTEX
10
78.5671
20
101.8794
0
VERTEX
10
74.9667
20
98.1019
0
VERTEX
10
72.4041
20
94.6076
0
VERTEX
10
70.9933
20
91.4817
0
VERTEX
10
70.8119
20
88.7895
0
VERTEX
10
71.8976
20
86.5748
0
VERTEX
10
74.2465
20
84.8586
0
VERTEX
10
77.8136
20
83.6391
0
VERTEX
10
82.5129
20
82.8922
0
VERTEX
10
88.2213
20
82.5731
0
VERTEX
10
94.7814
20
82.6183
0
VERTEX
10
102.0075
20
82.9488
0
VERTEX
10
109.6912
20
83.4736
0
VERTEX
10
117.6088
20
84.0932
0
VERTEX
10
125.5283
20
84.7046
0
VERTEX
10
133.2175
20
85.2049
0
VERTEX
10
140.4518
20
85.4963
0
VERTEX
10
147.0213
20
85.4897
0
VERTEX
10
152.7386
20
85.1092
0
VERTEX
10
157.4442
20
84.2946
0
VERTEX
10
161.0126
20
83.0051
0
VERTEX
10
163.3556
20
81.2207
0
VERTEX
10
164.4257
20
78.9435
0
VERTEX
10
164.2173
20
76.1985
0
VERTEX
10
162.7666
20
73.0330
0
VERTEX
10
160.1501
20
69.5151
0
VERTEX
10
156.4816
20
65.7321
0
VERTEX
10
151.9083
20
61.7875
0
VERTEX
10
146.6052
20
57.7975
0
VERTEX
10
140.7689
20
53.8872
0
VERTEX
10
134.6104
20
50.1863
0
VERTEX
10
128.3479
20
46.8245
0
VERTEX
10
122.1989
20
43.9272
0
VERTEX
10
116.3724
20
41.6106
0
VERTEX
10
111.0621
20
39.9777
0
VERTEX
10
106.4388
20
39.1148
0
VERTEX
10
102.6453
20
39.0873
0
VERTEX
10
99.7910
20
39.9384
0
VERTEX
10
97.9484
20
41.6859
0
VERTEX
10
97.1508
20
44.3221
0
VERTEX
10
97.3914
20
47.8134
0
VERTEX
10
98.6235
20
52.1008
0
VERTEX
10
100.7630
20
57.1016
0
VERTEX
10
103.6913
20
62.7116
0
VERTEX
10
107.2599
20
68.8085
0
VERTEX
10
111.2963
20
75.2553
0
VERTEX
10
115.6101
20
81.9043
0
VERTEX
10
120.0005
20
88.6022
0
VERTEX
10
124.2638
20
95.1943
0
VERTEX
10
128.2006
20
101.5293
0
VERTEX
10
131.6240
20
107.4643
0
VERTEX
10
134.3660
20
112.8687
0
VERTEX
10
136.2843
20
117.6282
0
VERTEX
10
137.2674
20
121.6484
0
VERTEX
10
137.2392
20
124.8570
0
VERTEX
10
136.1623
20
127.2063
0
VERTEX
10
134.0389
20
128.6737
0
VERTEX
10
130.9121
20
129.2622
0
VERTEX
10
126.8637
20
128.9999
0
VERTEX
10
122.0123
20
127.9382
0
VERTEX
10
116.5089
20
126.1500
0
VERTEX
10
110.5321
20
123.7262
0
VERTEX
10
104.2814
20
120.7728
0
VERTEX
10
97.9710
20
117.4067
0
VERTEX
10
91.8214
20
113.7513
0
VERTEX
10
86.0525
20
109.9324
0
VERTEX
10
80.8751
20
106.0733
0
VERTEX
10
76.4836
20
102.2911
0
VERTEX
10
73.0490
20
98.6922
0
VERTEX
10
70.7127
20
95.3694
0
VERTEX
10
69.5814
20
92.3982
0
VERTEX
10
69.7226
20
89.8351
0
VERTEX
10
71.1624
20
87.7158
0
VERTEX
10
73.8842
20
86.0544
0
VERTEX
10
77.8287
20
84.8438
0
VERTEX
10
82.8959
20
84.0561
0
VERTEX
10
88.9480
20
83.6445
0
VERTEX
10
95.8140
20
83.5456
0
VERTEX
10
103.2954
20
83.6824
0
VERTEX
10
111.1727
20
83.9677
0
VERTEX
10
119.2129
20
84.3079
0
VERTEX
10
127.1771
20
84.6070
0
VERTEX
10
134.8286
20
84.7711
0
VERTEX
10
141.9412
20
84.7121
0
VERTEX
10
148.3063
20
84.3515
0
VERTEX
10
153.7404
20
83.6243
0
VERTEX
10
158.0908
20
82.4815
0
VERTEX
10
161.2411
20
80.8929
0
VERTEX
10
163.1149
20
78.8483
0
VERTEX
10
163.6778
20
76.3589
0
VERTEX
10
162.9390
20
73.4573
0
VERTEX
10
160.9505
20
70.1965
0
VERTEX
10
157.8049
20
66.6490
0
VERTEX
10
153.6320
20
62.9040
0
VERTEX
10
148.5944
20
59.0649
0
VERTEX
10
142.8812
20
55.2460
0
VERTEX
10
136.7015
20
51.5683
0
VERTEX
10
130.2769
20
48.1555
0
VERTEX
10
123.8335
20
45.1296
0
VERTEX
10
117.5941
20
42.6070
0
VERTEX
10
111.7702
20
40.6935
0
VERTEX
10
106.5547
20
39.4812
0
VERTEX
10
102.1150
20
39.0447
0
VERTEX
10
98.5876
20
39.4382
0
VERTEX
10
96.0727
20
40.6933
0
VERTEX
10
94.6317
20
42.8176
0
VERTEX
10
94.2846
20
45.7937
0
VERTEX
10
95.0097
20
49.5799
0
VERTEX
10
96.7449
20
54.1106
0
VERTEX
10
99.3896
20
59.2984
0
VERTEX
10
102.8093
20
65.0362
0
VERTEX
10
106.8403
20
71.2009
0
VERTEX
10
111.2956
20
77.6565
0
VERTEX
10
115.9725
20
84.2585
0
VERTEX
10
120.6596
20
90.8585
0
VERTEX
10
125.1452
20
97.3080
0
VERTEX
10
129.2248
20
103.4637
0
VERTEX
10
132.7087
20
109.1912
0
VERTEX
10
135.4295
20
114.3696
0
VERTEX
10
137.2484
20
118.8944
0
VERTEX
10
138.0600
20
122.6807
0
VERTEX
10
137.7970
20
125.6660
0
VERTEX
10
136.4327
20
127.8109
0
VERTEX
10
133.9823
20
129.1006
0
VERTEX
10
130.5027
20
129.5443
0
VERTEX
10
126.0908
20
129.1748
0
VERTEX
10
120.8802
20
128.0466
0
VERTEX
10
115.0370
20
126.2336
0
VERTEX
10
108.7537
20
123.8262
0
VERTEX
10
102.2428
20
120.9280
0
VERTEX
10
95.7293
20
117.6514
0
VERTEX
10
89.4426
20
114.1144
0
VERTEX
10
83.6087
20
110.4355
0
VERTEX
10
78.4419
20
106.7300
0
VERTEX
10
74.1372
20
103.1062
0
VERTEX
10
70.8633
20
99.6613
0
VERTEX
10
68.7562
20
96.4787
0
VERTEX
10
67.9147
20
93.6251
0
VERTEX
10
68.3960
20
91.1488
0
VERTEX
10
70.2137
20
89.0782
0
VERTEX
10
73.3372
20
87.4216
0
VERTEX
10
77.6919
20
86.1674
0
VERTEX
10
83.1620
20
85.2852
0
VERTEX
10
89.5938
20
84.7274
0
VERTEX
10
96.8013
20
84.4319
0
VERTEX
10
104.5716
20
84.3247
0
VERTEX
10
112.6727
20
84.3236
0
VERTEX
10
120.8610
20
84.3418
0
VERTEX
10
128.8898
20
84.2915
0
VERTEX
10
136.5171
20
84.0882
0
VERTEX
10
143.5144
20
83.6541
0
VERTEX
10
149.6741
20
82.9218
0
VERTEX
10
154.8167
20
81.8373
0
VERTEX
10
158.7966
20
80.3628
0
VERTEX
10
161.5072
20
78.4784
0
VERTEX
10
162.8843
20
76.1837
0
VERTEX
10
162.9082
20
73.4982
0
VERTEX
10
161.6039
20
70.4612
0
VERTEX
10
159.0405
20
67.1308
0
VERTEX
10
155.3281
20
63.5826
0
VERTEX
10
150.6144
20
59.9070
0
VERTEX
10
145.0785
20
56.2062
0
VERTEX
10
138.9251
20
52.5913
0
VERTEX
10
132.3772
20
49.1783
0
VERTEX
10
125.6678
20
46.0839
0
VERTEX
10
119.0320
20
43.4217
0
VERTEX
10
112.6983
20
41.2980
0
VERTEX
10
106.8811
20
39.8080
0
VERTEX
10
101.7726
20
39.0323
0
VERTEX
10
97.5366
20
39.0336
0
VERTEX
10
94.3024
20
39.8547
0
VERTEX
10
92.1607
20
41.5160
0
VERTEX
10
91.1604
20
44.0150
0
VERTEX
10
91.3069
20
47.3254
0
VERTEX
10
92.5626
20
51.3978
0
VERTEX
10
94.8480
20
56.1610
0
VERTEX
10
98.0452
20
61.5236
0
VERTEX
10
102.0018
20
67.3767
0
VERTEX
10
106.5373
20
73.5971
0
VERTEX
10
111.4493
20
80.0511
0
VERTEX
10
116.5213
20
86.5982
0
VERTEX
10
121.5306
20
93.0954
0
VERTEX
10
126.2566
20
99.4016
0
VERTEX
10
130.4891
20
105.3817
0
VERTEX
10
134.0359
20
110.9105
0
VERTEX
10
136.7301
20
115.8765
0
VERTEX
10
138.4367
20
120.1852
0
VERTEX
10
139.0571
20
123.7613
0
VERTEX
10
138.5336
20
126.5509
0
VERTEX
10
136.8515
20
128.5229
0
VERTEX
10
134.0400
20
129.6691
0
VERTEX
10
130.1713
20
130.0041
0
VERTEX
10
125.3586
20
129.5642
0
VERTEX
10
119.7523
20
128.4058
0
VERTEX
10
113.5344
20
126.6026
0
VERTEX
10
106.9131
20
124.2432
0
VERTEX
10
100.1144
20
121.4274
0
VERTEX
10
93.3754
20
118.2625
0
VERTEX
10
86.9350
20
114.8595
0
VERTEX
10
81.0258
20
111.3291
0
VERTEX
10
75.8656
20
107.7779
0
VERTEX
10
71.6500
20
104.3048
0
VERTEX
10
68.5450
20
100.9978
0
VERTEX
10
66.6806
20
97.9311
0
VERTEX
10
66.1468
20
95.1627
0
VERTEX
10
66.9895
20
92.7334
0
VERTEX
10
69.2087
20
90.6652
0
VERTEX
10
72.7583
20
88.9615
0
VERTEX
10
77.5474
20
87.6078
0
VERTEX
10
83.4430
20
86.5722
0
VERTEX
10
90.2744
20
85.8082
0
VERTEX
10
97.8390
20
85.2563
0
VERTEX
10
105.9089
20
84.8474
0
VERTEX
10
114.2387
20
84.5057
0
VERTEX
10
122.5739
20
84.1527
0
VERTEX
10
130.6592
20
83.7102
0
VERTEX
10
138.2477
20
83.1041
0
VERTEX
10
145.1087
20
82.2682
0
VERTEX
10
151.0362
20
81.1465
0
VERTEX
10
155.8553
20
79.6968
0
VERTEX
10
159.4286
20
77.8924
0
VERTEX
10
161.6603
20
75.7236
0
VERTEX
10
162.5000
20
73.1992
0
VERTEX
10
161.9437
20
70.3462
0
VERTEX
10
160.0340
20
67.2099
0
VERTEX
10
156.8585
20
63.8522
0
VERTEX
10
152.5463
20
60.3503
0
VERTEX
10
147.2638
20
56.7940
0
VERTEX
10
141.2082
20
53.2831
0
VERTEX
10
134.6006
20
49.9238
0
VERTEX
10
127.6784
20
46.8253
0
VERTEX
10
120.6866
20
44.0958
0
VERTEX
10
113.8691
20
41.8390
0
VERTEX
10
107.4604
20
40.1501
0
VERTEX
10
101.6770
20
39.1124
0
VERTEX
10
96.7099
20
38.7942
0
VERTEX
10
92.7180
20
39.2464
0
VERTEX
10
89.8227
20
40.4996
0
VERTEX
10
88.1035
20
42.5636
0
VERTEX
10
87.5954
20
45.4260
0
VERTEX
10
88.2879
20
49.0523
0
VERTEX
10
90.1258
20
53.3866
0
VERTEX
10
93.0108
20
58.3529
0
VERTEX
10
96.8059
20
63.8575
0
VERTEX
10
101.3400
20
69.7911
0
VERTEX
10
106.4147
20
76.0321
0
VERTEX
10
111.8112
20
82.4506
0
VERTEX
10
117.2987
20
88.9114
0
VERTEX
10
122.6428
20
95.2787
0
VERTEX
10
127.6142
20
101.4198
0
VERTEX
10
131.9970
20
107.2089
0
VERTEX
10
135.5970
20
112.5308
0
VERTEX
10
138.2487
20
117.2843
0
VERTEX
10
139.8217
20
121.3847
0
VERTEX
10
140.2255
20
124.7662
0
VERTEX
10
139.4133
20
127.3835
0
VERTEX
10
137.3835
20
129.2127
0
VERTEX
10
134.1807
20
130.2514
0
VERTEX
10
129.8939
20
130.5182
0
VERTEX
10
124.6538
20
130.0516
0
VERTEX
10
118.6283
20
128.9081
0
VERTEX
10
112.0168
20
127.1598
0
VERTEX
10
105.0434
20
124.8915
0
VERTEX
10
97.9485
20
122.1975
0
VERTEX
10
90.9812
20
119.1783
0
VERTEX
10
84.3898
20
115.9365
0
VERTEX
10
78.4132
20
112.5738
0
VERTEX
10
73.2724
20
109.1869
0
VERTEX
10
69.1625
20
105.8648
0
VERTEX
10
66.2456
20
102.6856
0
VERTEX
10
64.6451
20
99.7143
0
VERTEX
10
64.4406
20
97.0009
0
VERTEX
10
65.6653
20
94.5788
0
VERTEX
10
68.3044
20
92.4650
0
VERTEX
10
72.2952
20
90.6592
0
VERTEX
10
77.5289
20
89.1454
0
VERTEX
10
83.8546
20
87.8924
0
VERTEX
10
91.0838
20
86.8563
0
VERTEX
10
98.9967
20
85.9826
0
VERTEX
10
107.3501
20
85.2088
0
VERTEX
10
115.8852
20
84.4680
0
VERTEX
10
124.3367
20
83.6916
0
VERTEX
10
132.4417
20
82.8126
0
VERTEX
10
139.9486
20
81.7693
0
VERTEX
10
146.6261
20
80.5076
0
VERTEX
10
152.2707
20
78.9843
0
VERTEX
10
156.7140
20
77.1693
0
VERTEX
10
159.8279
20
75.0468
0
VERTEX
10
161.5294
20
72.6175
0
VERTEX
10
161.7834
20
69.8983
0
VERTEX
10
160.6032
20
66.9229
0
VERTEX
10
158.0504
20
63.7408
0
VERTEX
10
154.2325
20
60.4163
0
VERTEX
10
149.2987
20
57.0262
0
VERTEX
10
143.4349
20
53.6579
0
VERTEX
10
136.8568
20
50.4061
0
VERTEX
10
129.8023
20
47.3701
0
VERTEX
10
122.5231
20
44.6501
0
VERTEX
10
115.2757
20
42.3439
0
VERTEX
10
108.3123
20
40.5432
0
VERTEX
10
101.8721
20
39.3307
0
VERTEX
10
96.1726
20
38.7766
0
VERTEX
10
91.4022
20
38.9361
0
VERTEX
10
87.7133
20
39.8473
0
VERTEX
10
85.2176
20
41.5291
0
VERTEX
10
83.9817
20
43.9806
0
VERTEX
10
84.0250
20
47.1803
0
VERTEX
10
85.3195
20
51.0866
0
VERTEX
10
87.7907
20
55.6386
0
VERTEX
10
91.3204
20
60.7574
0
VERTEX
10
95.7514
20
66.3485
0
VERTEX
10
100.8932
20
72.3045
0
VERTEX
10
106.5288
20
78.5077
0
VERTEX
10
112.4230
20
84.8338
0
VERTEX
10
118.3307
20
91.1555
0
VERTEX
10
124.0064
20
97.3459
0
VERTEX
10
129.2126
20
103.2824
0
VERTEX
10
133.7289
20
108.8500
0
VERTEX
10
137.3603
20
113.9445
0
VERTEX
10
139.9438
20
118.4757
0
VERTEX
10
141.3554
20
122.3692
0
VERTEX
10
141.5140
20
125.5685
0
VERTEX
10
140.3850
20
128.0363
0
VERTEX
10
137.9818
20
129.7551
0
VERTEX
10
134.3654
20
130.7269
0
VERTEX
10
129.6426
20
130.9728
0
VERTEX
10
123.9626
20
130.5315
0
VERTEX
10
117.5115
20
129.4577
0
VERTEX
10
110.5063
20
127.8195
0
VERTEX
10
103.1869
20
125.6959
0
VERTEX
10
95.8081
20
123.1735
0
VERTEX
10
88.6302
20
120.3437
0
VERTEX
10
81.9100
20
117.2993
0
VERTEX
10
75.8917
20
114.1308
0
VERTEX
10
70.7980
20
110.9243
0
VERTEX
10
66.8222
20
107.7576
0
VERTEX
10
64.1211
20
104.6988
0
VERTEX
10
62.8093
20
101.8036
0
VERTEX
10
62.9550
20
99.1139
0
VERTEX
10
64.5771
20
96.6575
0
VERTEX
10
67.6446
20
94.4470
0
VERTEX
10
72.0771
20
92.4803
0
VERTEX
10
77.7475
20
90.7417
0
VERTEX
10
84.4860
20
89.2030
0
VERTEX
10
92.0861
20
87.8253
0
VERTEX
10
100.3113
20
86.5614
0
VERTEX
10
108.9034
20
85.3582
0
VERTEX
10
117.5911
20
84.1596
0
VERTEX
10
126.0995
20
82.9093
0
VERTEX
10
134.1593
20
81.5536
0
VERTEX
10
141.5165
20
80.0445
0
VERTEX
10
147.9405
20
78.3416
0
VERTEX
10
153.2326
20
76.4152
0
VERTEX
10
157.2325
20
74.2472
0
VERTEX
10
159.8240
20
71.8333
0
VERTEX
10
160.9386
20
69.1833
0
VERTEX
10
160.5580
20
66.3216
0
VERTEX
10
158.7147
20
63.2868
0
VERTEX
10
155.4905
20
60.1309
0
VERTEX
10
151.0136
20
56.9181
0
VERTEX
10
145.4538
20
53.7226
0
VERTEX
10
139.0170
20
50.6264
0
VERTEX
10
131.9371
20
47.7169
0
VERTEX
10
124.4681
20
45.0834
0
VERTEX
10
116.8751
20
42.8149
0
VERTEX
10
109.4249
20
40.9961
0
VERTEX
10
102.3763
20
39.7049
0
VERTEX
10
95.9715
20
39.0097
0
VERTEX
10
90.4269
20
38.9663
0
VERTEX
10
85.9261
20
39.6158
0
VERTEX
10
82.6133
20
40.9833
0
VERTEX
10
80.5879
20
43.0761
0
VERTEX
10
79.9019
20
45.8834
0
VERTEX
10
80.5573
20
49.3757
0
VERTEX
10
82.5070
20
53.5058
0
VERTEX
10
85.6560
20
58.2096
0
VERTEX
10
89.8654
20
63.4078
0
VERTEX
10
94.9571
20
69.0078
0
VERTEX
10
100.7210
20
74.9063
0
VERTEX
10
106.9218
20
80.9924
0
VERTEX
10
113.3085
20
87.1502
0
VERTEX
10
119.6228
20
93.2625
0
VERTEX
10
125.6090
20
99.2138
0
VERTEX
10
131.0232
20
104.8936
0
VERTEX
10
135.6422
20
110.1993
0
VERTEX
10
139.2717
20
115.0390
0
VERTEX
10
141.7535
20
119.3339
0
VERTEX
10
142.9715
20
123.0203
0
VERTEX
10
142.8558
20
126.0507
0
VERTEX
10
141.3857
20
128.3950
0
VERTEX
10
138.5907
20
130.0408
0
VERTEX
10
134.5495
20
130.9930
0
VERTEX
10
129.3873
20
131.2729
0
VERTEX
10
123.2722
20
130.9175
0
VERTEX
10
116.4085
20
129.9768
0
VERTEX
10
109.0301
20
128.5125
0
VERTEX
10
101.3924
20
126.5951
0
VERTEX
10
93.7630
20
124.3012
0
VERTEX
10
86.4121
20
121.7107
0
VERTEX
10
79.6036
20
118.9042
0
VERTEX
10
73.5848
20
115.9599
0
VERTEX
10
68.5782
20
112.9514
0
VERTEX
10
64.7732
20
109.9451
0
VERTEX
10
62.3194
20
106.9983
0
VERTEX
10
61.3209
20
104.1576
0
VERTEX
10
61.8326
20
101.4580
0
VERTEX
10
63.8578
20
98.9223
0
VERTEX
10
67.3483
20
96.5605
0
VERTEX
10
72.2051
20
94.3708
0
VERTEX
10
78.2823
20
92.3402
0
VERTEX
10
85.3919
20
90.4458
0
VERTEX
10
93.3097
20
88.6567
0
VERTEX
10
101.7834
20
86.9356
0
VERTEX
10
110.5413
20
85.2415
0
VERTEX
10
119.3014
20
83.5317
0
VERTEX
10
127.7812
20
81.7646
0
VERTEX
10
135.7074
20
79.9016
0
VERTEX
10
142.8257
20
77.9098
0
VERTEX
10
148.9092
20
75.7640
0
VERTEX
10
153.7664
20
73.4480
0
VERTEX
10
157.2476
20
70.9564
0
VERTEX
10
159.2505
20
68.2952
0
VERTEX
10
159.7232
20
65.4826
0
VERTEX
10
158.6662
20
62.5488
0
VERTEX
10
156.1321
20
59.5352
0
VERTEX
10
152.2239
20
56.4942
0
VERTEX
10
147.0907
20
53.4869
0
VERTEX
10
140.9233
20
50.5820
0
VERTEX
10
133.9465
20
47.8532
0
VERTEX
10
126.4115
20
45.3773
0
VERTEX
10
118.5871
20
43.2309
0
VERTEX
10
110.7498
20
41.4888
0
VERTEX
10
103.1745
20
40.2202
0
VERTEX
10
96.1244
20
39.4874
0
VERTEX
10
89.8418
20
39.3424
0
VERTEX
10
84.5397
20
39.8256
0
VERTEX
10
80.3943
20
40.9638
0
VERTEX
10
77.5387
20
42.7688
0
VERTEX
10
76.0584
20
45.2370
0
VERTEX
10
75.9882
20
48.3485
0
VERTEX
10
77.3115
20
52.0679
0
VERTEX
10
79.9604
20
56.3444
0
VERTEX
10
83.8190
20
61.1133
0
VERTEX
10
88.7270
20
66.2973
0
VERTEX
10
94.4859
20
71.8089
0
VERTEX
10
100.8663
20
77.5523
0
VERTEX
10
107.6161
20
83.4259
0
VERTEX
10
114.4694
20
89.3257
0
VERTEX
10
121.1568
20
95.1471
0
VERTEX
10
127.4144
20
100.7885
0
VERTEX
10
132.9941
20
106.1534
0
VERTEX
10
137.6720
20
111.1533
0
VERTEX
10
141.2572
20
115.7095
0
VERTEX
10
143.5982
20
119.7554
0
VERTEX
10
144.5890
20
123.2376
0
VERTEX
10
144.1727
20
126.1171
0
VERTEX
10
142.3441
20
128.3698
0
VERTEX
10
139.1497
20
129.9868
0
VERTEX
10
134.6864
20
130.9736
0
VERTEX
10
129.0983
20
131.3498
0
VERTEX
10
122.5718
20
131.1473
0
VERTEX
10
115.3287
20
130.4093
0
VERTEX
10
107.6189
20
129.1879
0
VERTEX
10
99.7112
20
127.5421
0
VERTEX
10
91.8842
20
125.5360
0
VERTEX
10
84.4160
20
123.2357
0
VERTEX
10
77.5748
20
120.7076
0
VERTEX
10
71.6088
20
118.0159
0
VERTEX
10
66.7377
20
115.2206
0
VERTEX
10
63.1446
20
112.3760
0
VERTEX
10
60.9696
20
109.5287
0
VERTEX
10
60.3043
20
106.7169
0
VERTEX
10
61.1886
20
103.9695
0
VERTEX
10
63.6094
20
101.3058
0
VERTEX
10
67.5001
20
98.7356
0
VERTEX
10
72.7435
20
96.2594
0
VERTEX
10
79.1751
20
93.8697
0
VERTEX
10
86.5892
20
91.5520
0
VERTEX
10
94.7456
20
89.2858
0
VERTEX
10
103.3783
20
87.0470
0
VERTEX
10
112.2040
20
84.8093
0
VERTEX
10
120.9327
20
82.5459
0
VERTEX
10
129.2773
20
80.2320
0
VERTEX
10
136.9635
20
77.8461
0
VERTEX
10
143.7399
20
75.3717
0
VERTEX
10
149.3861
20
72.7989
0
VERTEX
10
153.7208
20
70.1258
0
VERTEX
10
156.6076
20
67.3587
0
VERTEX
10
157.9603
20
64.5134
0
VERTEX
10
157.7456
20
61.6146
0
VERTEX
10
155.9840
20
58.6960
0
VERTEX
10
152.7492
20
55.7998
0
VERTEX
10
148.1654
20
52.9753
0
VERTEX
10
142.4028
20
50.2779
0
VERTEX
10
135.6716
20
47.7672
0
VERTEX
10
128.2144
20
45.5056
0
VERTEX
10
120.2979
20
43.5556
0
VERTEX
10
112.2029
20
41.9786
0
VERTEX
10
104.2151
20
40.8321
0
VERTEX
10
96.6143
20
40.1679
0
VERTEX
10
89.6648
20
40.0302
0
VERTEX
10
83.6064
20
40.4539
0
VERTEX
10
78.6452
20
41.4631
0
VERTEX
10
74.9471
20
43.0699
0
VERTEX
10
72.6316
20
45.2737
0
VERTEX
10
71.7678
20
48.0610
0
VERTEX
10
72.3720
20
51.4047
0
VERTEX
10
74.4071
20
55.2653
0
VERTEX
10
77.7842
20
59.5912
0
VERTEX
10
82.3659
20
64.3201
0
VERTEX
10
87.9711
20
69.3801
0
VERTEX
10
94.3817
20
74.6918
0
VERTEX
10
101.3507
20
80.1703
0
VERTEX
10
108.6105
20
85.7272
0
VERTEX
10
115.8833
20
91.2725
0
VERTEX
10
122.8906
20
96.7175
0
VERTEX
10
129.3633
20
101.9766
0
VERTEX
10
135.0519
20
106.9693
0
VERTEX
10
139.7347
20
111.6224
0
VERTEX
10
143.2266
20
115.8711
0
VERTEX
10
145.3856
20
119.6610
0
VERTEX
10
146.1175
20
122.9488
0
VERTEX
10
145.3804
20
125.7026
0
VERTEX
10
143.1854
20
127.9030
0
VERTEX
10
139.5969
20
129.5422
0
VERTEX
10
134.7302
20
130.6243
0
VERTEX
10
128.7477
20
131.1638
0
VERTEX
10
121.8529
20
131.1852
0
VERTEX
10
114.2837
20
130.7214
0
VERTEX
10
106.3038
20
129.8122
0
VERTEX
10
98.1932
20
128.5024
0
VERTEX
10
90.2388
20
126.8408
0
VERTEX
10
82.7235
20
124.8775
0
VERTEX
10
75.9168
20
122.6629
0
VERTEX
10
70.0648
20
120.2459
0
VERTEX
10
65.3815
20
117.6725
0
VERTEX
10
62.0411
20
114.9842
0
VERTEX
10
60.1717
20
112.2177
0
VERTEX
10
59.8509
20
109.4036
0
VERTEX
10
61.1024
20
106.5662
0
VERTEX
10
63.8953
20
103.7233
0
VERTEX
10
68.1450
20
100.8868
0
VERTEX
10
73.7163
20
98.0623
0
VERTEX
10
80.4273
20
95.2506
0
VERTEX
10
88.0564
20
92.4484
0
VERTEX
10
96.3497
20
89.6489
0
VERTEX
10
105.0298
20
86.8439
0
VERTEX
10
113.8053
20
84.0241
0
VERTEX
10
122.3815
20
81.1814
0
VERTEX
10
130.4700
20
78.3092
0
VERTEX
10
137.7995
20
75.4042
0
VERTEX
10
144.1248
20
72.4674
0
VERTEX
10
149.2353
20
69.5046
0
VERTEX
10
152.9629
20
66.5273
0
VERTEX
10
155.1872
20
63.5527
0
VERTEX
10
155.8403
20
60.6045
0
VERTEX
10
154.9087
20
57.7119
0
VERTEX
10
152.4340
20
54.9099
0
VERTEX
10
148.5110
20
52.2379
0
VERTEX
10
143.2848
20
49.7393
0
VERTEX
10
136.9454
20
47.4601
0
VERTEX
10
129.7208
20
45.4479
0
VERTEX
10
121.8691
20
43.7497
0
VERTEX
10
113.6695
20
42.4115
0
VERTEX
10
105.4120
20
41.4759
0
VERTEX
10
97.3876
20
40.9811
0
VERTEX
10
89.8774
20
40.9592
0
VERTEX
10
83.1437
20
41.4352
0
VERTEX
10
77.4194
20
42.4261
0
VERTEX
10
72.9011
20
43.9394
0
VERTEX
10
69.7412
20
45.9733
0
VERTEX
10
68.0432
20
48.5159
0
VERTEX
10
67.8576
20
51.5451
0
VERTEX
10
69.1806
20
55.0292
0
VERTEX
10
71.9542
20
58.9274
0
VERTEX
10
76.0682
20
63.1903
0
VERTEX
10
81.3642
20
67.7610
0
VERTEX
10
87.6416
20
72.5768
0
VERTEX
10
94.6644
20
77.5701
0
VERTEX
10
102.1702
20
82.6699
0
VERTEX
10
109.8788
20
87.8040
0
VERTEX
10
117.5033
20
92.8998
0
VERTEX
10
124.7595
20
97.8867
0
VERTEX
10
131.3765
20
102.6971
0
VERTEX
10
137.1064
20
107.2679
0
VERTEX
10
141.7329
20
111.5419
0
VERTEX
10
145.0798
20
115.4686
0
VERTEX
10
147.0164
20
119.0053
0
VERTEX
10
147.4629
20
122.1176
0
VERTEX
10
146.3933
20
124.7795
0
VERTEX
10
143.8361
20
126.9738
0
VERTEX
10
139.8735
20
128.6920
0
VERTEX
10
134.6386
20
129.9334
0
VERTEX
10
128.3108
20
130.7050
0
VERTEX
10
121.1092
20
131.0206
0
VERTEX
10
113.2854
20
130.8999
0
VERTEX
10
105.1140
20
130.3673
0
VERTEX
10
96.8831
20
129.4512
0
VERTEX
10
88.8844
20
128.1825
0
VERTEX
10
81.4023
20
126.5937
0
VERTEX
10
74.7040
20
124.7179
0
VERTEX
10
69.0302
20
122.5878
0
VERTEX
10
64.5862
20
120.2349
0
VERTEX
10
61.5348
20
117.6889
0
VERTEX
10
59.9900
20
114.9770
0
VERTEX
10
60.0134
20
112.1237
0
VERTEX
10
61.6119
20
109.1508
0
VERTEX
10
64.7366
20
106.0771
0
VERTEX
10
69.2856
20
102.9188
0
VERTEX
10
75.1065
20
99.6898
0
VERTEX
10
82.0021
20
96.4019
0
VERTEX
10
89.7374
20
93.0659
0
VERTEX
10
98.0477
20
89.6916
0
VERTEX
10
106.6476
20
86.2889
0
VERTEX
10
115.2417
20
82.8682
0
VERTEX
10
123.5343
20
79.4412
0
VERTEX
10
131.2400
20
76.0213
0
VERTEX
10
138.0940
20
72.6241
0
VERTEX
10
143.8612
20
69.2678
0
VERTEX
10
148.3443
20
65.9735
0
VERTEX
10
151.3912
20
62.7650
0
VERTEX
10
152.8999
20
59.6690
0
VERTEX
10
152.8223
20
56.7146
0
VERTEX
10
151.1658
20
53.9330
0
VERTEX
10
147.9930
20
51.3573
0
VERTEX
10
143.4198
20
49.0211
0
VERTEX
10
137.6107
20
46.9585
0
VERTEX
10
130.7733
20
45.2027
0
VERTEX
10
123.1509
20
43.7855
0
VERTEX
10
115.0142
20
42.7363
0
VERTEX
10
106.6511
20
42.0808
0
VERTEX
10
98.3568
20
41.8411
0
VERTEX
10
90.4238
20
42.0338
0
VERTEX
10
83.1306
20
42.6703
0
VERTEX
10
76.7329
20
43.7557
0
VERTEX
10
71.4540
20
45.2886
0
VERTEX
10
67.4767
20
47.2610
0
VERTEX
10
64.9376
20
49.6581
0
VERTEX
10
63.9218
20
52.4583
0
VERTEX
10
64.4597
20
55.6337
0
VERTEX
10
66.5267
20
59.1506
0
VERTEX
10
70.0435
20
62.9697
0
VERTEX
10
74.8792
20
67.0473
0
VERTEX
10
80.8561
20
71.3358
0
VERTEX
10
87.7557
20
75.7847
0
VERTEX
10
95.3270
20
80.3414
0
VERTEX
10
103.2949
20
84.9527
0
VERTEX
10
111.3704
20
89.5649
0
VERTEX
10
119.2609
20
94.1256
0
VERTEX
10
126.6803
20
98.5839
0
VERTEX
10
133.3595
20
102.8917
0
VERTEX
10
139.0559
20
107.0041
0
VERTEX
10
143.5618
20
110.8802
0
VERTEX
10
146.7124
20
114.4832
0
VERTEX
10
148.3909
20
117.7812
0
VERTEX
10
148.5334
20
120.7472
0
VERTEX
10
147.1306
20
123.3589
0
VERTEX
10
144.2285
20
125.5993
0
VERTEX
10
139.9267
20
127.4558
0
VERTEX
10
134.3749
20
128.9207
0
VERTEX
10
127.7675
20
129.9903
0
VERTEX
10
120.3368
20
130.6648
0
VERTEX
10
112.3447
20
130.9479
0
VERTEX
10
104.0735
20
130.8464
0
VERTEX
10
95.8159
20
130.3696
0
VERTEX
10
87.8641
20
129.5292
0
VERTEX
10
80.5004
20
128.3387
0
VERTEX
10
73.9862
20
126.8132
0
VERTEX
10
68.5532
20
124.9691
0
VERTEX
10
64.3951
20
122.8239
0
VERTEX
10
61.6606
20
120.3962
0
VERTEX
10
60.4481
20
117.7054
0
VERTEX
10
60.8022
20
114.7720
0
VERTEX
10
62.7122
20
111.6173
0
VERTEX
10
66.1122
20
108.2636
0
VERTEX
10
70.8837
20
104.7344
0
VERTEX
10
76.8592
20
101.0544
0
VERTEX
10
83.8290
20
97.2494
0
VERTEX
10
91.5476
20
93.3469
0
VERTEX
10
99.7433
20
89.3755
0
VERTEX
10
108.1271
20
85.3654
0
VERTEX
10
116.4032
20
81.3482
0
VERTEX
10
124.2796
20
77.3565
0
VERTEX
10
131.4781
20
73.4240
0
VERTEX
10
137.7445
20
69.5853
0
VERTEX
10
142.8573
20
65.8751
0
VERTEX
10
146.6358
20
62.3285
0
VERTEX
10
148.9463
20
58.9799
0
VERTEX
10
149.7070
20
55.8630
0
VERTEX
10
148.8908
20
53.0098
0
VERTEX
10
146.5263
20
50.4506
0
VERTEX
10
142.6968
20
48.2130
0
VERTEX
10
137.5373
20
46.3219
0
VERTEX
10
131.2299
20
44.7983
0
VERTEX
10
123.9973
20
43.6597
0
VERTEX
10
116.0947
20
42.9192
0
VERTEX
10
107.8010
20
42.5855
0
VERTEX
10
99.4092
20
42.6623
0
VERTEX
10
91.2153
20
43.1490
0
VERTEX
10
83.5085
20
44.0400
0
VERTEX
10
76.5609
20
45.3250
0
VERTEX
10
70.6175
20
46.9894
0
VERTEX
10
65.8879
20
49.0144
0
VERTEX
10
62.5388
20
51.3776
0
VERTEX
10
60.6880
20
54.0529
0
VERTEX
10
60.4005
20
57.0119
0
VERTEX
10
61.6859
20
60.2234
0
VERTEX
10
64.4984
20
63.6546
0
VERTEX
10
68.7382
20
67.2715
0
VERTEX
10
74.2551
20
71.0394
0
VERTEX
10
80.8541
20
74.9231
0
VERTEX
10
88.3017
20
78.8879
0
VERTEX
10
96.3350
20
82.8995
0
VERTEX
10
104.6701
20
86.9244
0
VERTEX
10
113.0132
20
90.9305
0
VERTEX
10
121.0698
20
94.8867
0
VERTEX
10
128.5563
20
98.7635
0
VERTEX
10
135.2090
20
102.5329
0
VERTEX
10
140.7943
20
106.1680
0
VERTEX
10
145.1162
20
109.6438
0
VERTEX
10
148.0237
20
112.9361
0
VERTEX
10
149.4159
20
116.0222
0
VERTEX
10
149.2457
20
118.8803
0
VERTEX
10
147.5210
20
121.4899
0
VERTEX
10
144.3050
20
123.8309
0
VERTEX
10
139.7133
20
125.8845
0
VERTEX
10
133.9103
20
127.6327
0
VERTEX
10
127.1027
20
129.0585
0
VERTEX
10
119.5329
20
130.1459
0
VERTEX
10
111.4697
20
130.8804
0
VERTEX
10
103.1990
20
131.2490
0
VERTEX
10
95.0137
20
131.2408
0
VERTEX
10
87.2031
20
130.8470
0
VERTEX
10
80.0429
20
130.0617
0
VERTEX
10
73.7851
20
128.8819
0
VERTEX
10
68.6493
20
127.3085
0
VERTEX
10
64.8147
20
125.3461
0
VERTEX
10
62.4140
20
123.0038
0
VERTEX
10
61.5287
20
120.2951
0
VERTEX
10
62.1858
20
117.2386
0
VERTEX
10
64.3574
20
113.8578
0
VERTEX
10
67.9616
20
110.1812
0
VERTEX
10
72.8650
20
106.2423
0
VERTEX
10
78.8882
20
102.0790
0
VERTEX
10
85.8116
20
97.7337
0
VERTEX
10
93.3834
20
93.2527
0
VERTEX
10
101.3289
20
88.6851
0
VERTEX
10
109.3597
20
84.0828
0
VERTEX
10
117.1845
20
79.4990
0
VERTEX
10
124.5191
20
74.9877
0
VERTEX
10
131.0970
20
70.6026
0
VERTEX
10
136.6781
20
66.3960
0
VERTEX
10
141.0582
20
62.4182
0
VERTEX
10
144.0757
20
58.7159
0
VERTEX
10
145.6174
20
55.3319
0
VERTEX
10
145.6229
20
52.3039
0
VERTEX
10
144.0863
20
49.6641
0
VERTEX
10
141.0571
20
47.4382
0
VERTEX
10
136.6376
20
45.6457
0
VERTEX
10
130.9804
20
44.2987
0
VERTEX
10
124.2820
20
43.4028
0
VERTEX
10
116.7765
20
42.9567
0
VERTEX
10
108.7272
20
42.9524
0
VERTEX
10
100.4172
20
43.3758
0
VERTEX
10
92.1395
20
44.2075
0
VERTEX
10
84.1866
20
45.4232
0
VERTEX
10
76.8401
20
46.9947
0
VERTEX
10
70.3610
20
48.8906
0
VERTEX
10
64.9800
20
51.0775
0
VERTEX
10
60.8899
20
53.5207
0
VERTEX
10
58.2383
20
56.1853
0
VERTEX
10
57.1225
20
59.0371
0
VERTEX
10
57.5864
20
62.0429
0
VERTEX
10
59.6185
20
65.1718
0
VERTEX
10
63.1523
20
68.3954
0
VERTEX
10
68.0691
20
71.6880
0
VERTEX
10
74.2014
20
75.0272
0
VERTEX
10
81.3398
20
78.3936
0
VERTEX
10
89.2394
20
81.7709
0
VERTEX
10
97.6290
20
85.1454
0
VERTEX
10
106.2204
20
88.5059
0
VERTEX
10
114.7188
20
91.8427
0
VERTEX
10
122.8327
20
95.1474
0
VERTEX
10
130.2846
20
98.4121
0
VERTEX
10
136.8205
20
101.6285
0
VERTEX
10
142.2188
20
104.7875
0
VERTEX
10
146.2981
20
107.8781
0
VERTEX
10
148.9234
20
110.8873
0
VERTEX
10
150.0109
20
113.7993
0
VERTEX
10
149.5308
20
116.5955
0
VERTEX
10
147.5081
20
119.2538
0
VERTEX
10
144.0218
20
121.7491
0
VERTEX
10
139.2020
20
124.0533
0
VERTEX
10
133.2248
20
126.1357
0
VERTEX
10
126.3067
20
127.9634
0
VERTEX
10
118.6960
20
129.5024
0
VERTEX
10
110.6644
20
130.7183
0
VERTEX
10
102.4974
20
131.5772
0
VERTEX
10
94.4839
20
132.0471
0
VERTEX
10
86.9060
20
132.0987
0
VERTEX
10
80.0291
20
131.7068
0
VERTEX
10
74.0922
20
130.8517
0
VERTEX
10
69.2999
20
129.5196
0
VERTEX
10
65.8149
20
127.7041
0
VERTEX
10
63.7522
20
125.4068
0
VERTEX
10
63.1756
20
122.6379
0
VERTEX
10
64.0947
20
119.4167
0
VERTEX
10
66.4654
20
115.7713
0
VERTEX
10
70.1914
20
111.7390
0
VERTEX
10
75.1273
20
107.3657
0
VERTEX
10
81.0845
20
102.7048
0
VERTEX
10
87.8375
20
97.8172
0
VERTEX
10
95.1324
20
92.7691
0
VERTEX
10
102.6956
20
87.6313
0
VERTEX
10
110.2441
20
82.4776
0
VERTEX
10
117.4955
20
77.3830
0
VERTEX
10
124.1778
20
72.4221
0
VERTEX
10
130.0398
20
67.6672
0
VERTEX
10
134.8594
20
63.1869
0
VERTEX
10
138.4522
20
59.0442
0
VERTEX
10
140.6779
20
55.2954
0
VERTEX
10
141.4450
20
51.9885
0
VERTEX
10
140.7150
20
49.1623
0
VERTEX
10
138.5030
20
46.8456
0
VERTEX
10
134.8776
20
45.0566
0
VERTEX
10
129.9587
20
43.8033
0
VERTEX
10
123.9129
20
43.0826
0
VERTEX
10
116.9480
20
42.8818
0
VERTEX
10
109.3057
20
43.1786
0
VERTEX
10
101.2528
20
43.9425
0
VERTEX
10
93.0718
20
45.1356
0
VERTEX
10
85.0514
20
46.7146
0
VERTEX
10
77.4757
20
48.6318
0
VERTEX
10
70.6145
20
50.8370
0
VERTEX
10
64.7136
20
53.2792
0
VERTEX
10
59.9863
20
55.9078
0
VERTEX
10
56.6055
20
58.6747
0
VERTEX
10
54.6979
20
61.5354
0
VERTEX
10
54.3392
20
64.4499
0
VERTEX
10
55.5518
20
67.3842
0
VERTEX
10
58.3034
20
70.3107
0
VERTEX
10
62.5086
20
73.2085
0
VERTEX
10
68.0315
20
76.0636
0
VERTEX
10
74.6906
20
78.8687
0
VERTEX
10
82.2653
20
81.6227
0
VERTEX
10
90.5031
20
84.3299
0
VERTEX
10
99.1291
20
86.9991
0
VERTEX
10
107.8550
20
89.6420
0
VERTEX
10
116.3895
20
92.2725
0
VERTEX
10
124.4483
20
94.9046
0
VERTEX
10
131.7642
20
97.5513
0
VERTEX
10
138.0961
20
100.2233
0
VERTEX
10
143.2377
20
102.9272
0
VERTEX
10
147.0242
20
105.6647
0
VERTEX
10
149.3382
20
108.4312
0
VERTEX
10
150.1139
20
111.2156
0
VERTEX
10
149.3385
20
113.9995
0
VERTEX
10
147.0533
20
116.7569
0
VERTEX
10
143.3515
20
119.4549
0
VERTEX
10
138.3748
20
122.0537
0
VERTEX
10
132.3087
20
124.5077
0
VERTEX
10
125.3750
20
126.7668
0
VERTEX
10
117.8245
20
128.7773
0
VERTEX
10
109.9277
20
130.4840
0
VERTEX
10
101.9653
20
131.8320
0
VERTEX
10
94.2179
20
132.7683
0
VERTEX
10
86.9567
20
133.2437
0
VERTEX
10
80.4330
20
133.2154
0
VERTEX
10
74.8700
20
132.6478
0
VERTEX
10
70.4550
20
131.5151
0
VERTEX
10
67.3322
20
129.8020
0
VERTEX
10
65.5983
20
127.5053
0
VERTEX
10
65.2992
20
124.6342
0
VERTEX
10
66.4280
20
121.2113
0
VERTEX
10
68.9261
20
117.2721
0
VERTEX
10
72.6848
20
112.8649
0
VERTEX
10
77.5500
20
108.0498
0
VERTEX
10
83.3273
20
102.8976
0
VERTEX
10
89.7893
20
97.4883
0
VERTEX
10
96.6842
20
91.9092
0
VERTEX
10
103.7444
20
86.2525
0
VERTEX
10
110.6963
20
80.6136
0
VERTEX
10
117.2707
20
75.0880
0
VERTEX
10
123.2117
20
69.7692
0
VERTEX
10
128.2869
20
64.7463
0
VERTEX
10
132.2950
20
60.1015
0
VERTEX
10
135.0735
20
55.9079
0
VERTEX
10
136.5045
20
52.2280
0
VERTEX
10
136.5192
20
49.1118
0
VERTEX
10
135.1003
20
46.5959
0
VERTEX
10
132.2825
20
44.7026
0
VERTEX
10
128.1520
20
43.4397
0
VERTEX
10
122.8430
20
42.8008
0
VERTEX
10
116.5331
20
42.7654
0
VERTEX
10
109.4375
20
43.3005
0
VERTEX
10
101.8008
20
44.3618
0
VERTEX
10
93.8889
20
45.8953
0
VERTEX
10
85.9793
20
47.8393
0
VERTEX
10
78.3515
20
50.1272
0
VERTEX
10
71.2770
20
52.6889
0
VERTEX
10
65.0098
20
55.4541
0
VERTEX
10
59.7773
20
58.3540
0
VERTEX
10
55.7722
20
61.3238
0
VERTEX
10
53.1459
20
64.3047
0
VERTEX
10
52.0028
20
67.2456
0
VERTEX
10
52.3965
20
70.1047
0
VERTEX
10
54.3284
20
72.8499
0
VERTEX
10
57.7469
20
75.4603
0
VERTEX
10
62.5495
20
77.9255
0
VERTEX
10
68.5861
20
80.2459
0
VERTEX
10
75.6645
20
82.4318
0
VERTEX
10
83.5568
20
84.5022
0
VERTEX
10
92.0073
20
86.4832
0
VERTEX
10
100.7415
20
88.4067
0
VERTEX
10
109.4755
20
90.3080
0
VERTEX
10
117.9259
20
92.2235
0
VERTEX
10
125.8196
20
94.1891
0
VERTEX
10
132.9034
20
96.2373
0
VERTEX
10
138.9521
20
98.3956
0
VERTEX
10
143.7769
20
100.6842
0
VERTEX
10
147.2317
20
103.1147
0
VERTEX
10
149.2174
20
105.6887
0
VERTEX
10
149.6859
20
108.3967
0
VERTEX
10
148.6413
20
111.2179
0
VERTEX
10
146.1391
20
114.1200
0
VERTEX
10
142.2846
20
117.0597
0
VERTEX
10
137.2286
20
119.9840
0
VERTEX
10
131.1618
20
122.8307
0
VERTEX
10
124.3084
20
125.5313
0
VERTEX
10
116.9171
20
128.0121
0
VERTEX
10
109.2533
20
130.1974
0
VERTEX
10
101.5886
20
132.0114
0
VERTEX
10
94.1918
20
133.3813
0
VERTEX
10
87.3192
20
134.2401
0
VERTEX
10
81.2054
20
134.5286
0
VERTEX
10
76.0553
20
134.1984
0
VERTEX
10
72.0368
20
133.2138
0
VERTEX
10
69.2750
20
131.5534
0
VERTEX
10
67.8481
20
129.2119
0
VERTEX
10
67.7846
20
126.2005
0
VERTEX
10
69.0626
20
122.5473
0
VERTEX
10
71.6108
20
118.2975
0
VERTEX
10
75.3115
20
113.5121
0
VERTEX
10
80.0046
20
108.2671
0
VERTEX
10
85.4941
20
102.6512
0
VERTEX
10
91.5548
20
96.7641
0
VERTEX
10
97.9410
20
90.7136
0
VERTEX
10
104.3951
20
84.6128
0
VERTEX
10
110.6574
20
78.5768
0
VERTEX
10
116.4754
20
72.7200
0
VERTEX
10
121.6128
20
67.1523
0
VERTEX
10
125.8585
20
61.9766
0
VERTEX
10
129.0340
20
57.2856
0
VERTEX
10
131.0001
20
53.1592
0
VERTEX
10
131.6621
20
49.6627
0
VERTEX
10
130.9730
20
46.8448
0
VERTEX
10
128.9358
20
44.7367
0
VERTEX
10
125.6032
20
43.3513
0
VERTEX
10
121.0760
20
42.6833
0
VERTEX
10
115.4994
20
42.7097
0
VERTEX
10
109.0586
20
43.3912
0
VERTEX
10
101.9714
20
44.6736
0
VERTEX
10
94.4815
20
46.4900
0
VERTEX
10
86.8491
20
48.7632
0
VERTEX
10
79.3423
20
51.4090
0
VERTEX
10
72.2272
20
54.3384
0
VERTEX
10
65.7590
20
57.4614
0
VERTEX
10
60.1724
20
60.6899
0
VERTEX
10
55.6738
20
63.9404
0
VERTEX
10
52.4333
20
67.1369
0
VERTEX
10
50.5794
20
70.2135
0
VERTEX
10
50.1939
20
73.1161
0
VERTEX
10
51.3088
20
75.8039
0
VERTEX
10
53.9057
20
78.2506
0
VERTEX
10
57.9155
20
80.4444
0
VERTEX
10
63.2214
20
82.3884
0
VERTEX
10
69.6626
20
84.0994
0
VERTEX
10
77.0396
20
85.6066
0
VERTEX
10
85.1214
20
86.9501
0
VERTEX
10
93.6534
20
88.1785
0
VERTEX
10
102.3659
20
89.3464
0
VERTEX
10
110.9836
20
90.5116
0
VERTEX
10
119.2351
20
91.7323
0
VERTEX
10
126.8619
20
93.0638
0
VERTEX
10
133.6276
20
94.5561
0
VERTEX
10
139.3257
20
96.2508
0
VERTEX
10
143.7868
20
98.1790
0
VERTEX
10
146.8838
20
100.3595
0
VERTEX
10
148.5366
20
102.7967
0
VERTEX
10
148.7143
20
105.4802
0
VERTEX
10
147.4360
20
108.3843
0
VERTEX
10
144.7699
20
111.4680
0
VERTEX
10
140.8306
20
114.6762
0
VERTEX
10
135.7745
20
117.9408
0
VERTEX
10
129.7946
20
121.1828
0
VERTEX
10
123.1129
20
124.3148
0
VERTEX
10
115.9728
20
127.2436
0
VERTEX
10
108.6302
20
129.8736
0
VERTEX
10
101.3442
20
132.1100
0
VERTEX
10
94.3683
20
133.8623
0
VERTEX
10
87.9411
20
135.0474
0
VERTEX
10
82.2780
20
135.5929
0
VERTEX
10
77.5640
20
135.4402
0
VERTEX
10
73.9466
20
134.5468
0
VERTEX
10
71.5316
20
132.8882
0
VERTEX
10
70.3789
20
130.4597
0
VERTEX
10
70.5011
20
127.2768
0
VERTEX
10
71.8631
20
123.3759
0
VERTEX
10
74.3837
20
118.8131
0
VERTEX
10
77.9388
20
113.6637
0
VERTEX
10
82.3662
20
108.0200
0
VERTEX
10
87.4719
20
101.9888
0
VERTEX
10
93.0368
20
95.6890
0
VERTEX
10
98.8252
20
89.2477
0
VERTEX
10
104.5935
20
82.7968
0
VERTEX
10
110.0991
20
76.4693
0
VERTEX
10
115.1093
20
70.3954
0
VERTEX
10
119.4100
20
64.6984
0
VERTEX
10
122.8133
20
59.4916
0
VERTEX
10
125.1646
20
54.8746
0
VERTEX
10
126.3486
20
50.9307
0
VERTEX
10
126.2932
20
47.7244
0
VERTEX
10
124.9724
20
45.2999
0
VERTEX
10
122.4075
20
43.6800
0
VERTEX
10
118.6666
20
42.8657
0
VERTEX
10
113.8620
20
42.8366
0
VERTEX
10
108.1466
20
43.5521
0
VERTEX
10
101.7088
20
44.9529
0
VERTEX
10
94.7654
20
46.9636
0
VERTEX
10
87.5544
20
49.4954
0
VERTEX
10
80.3265
20
52.4494
0
VERTEX
10
73.3361
20
55.7201
0
VERTEX
10
66.8327
20
59.1992
0
VERTEX
10
61.0516
20
62.7793
0
VERTEX
10
56.2061
20
66.3577
0
VERTEX
10
52.4791
20
69.8398
0
VERTEX
10
50.0176
20
73.1421
0
VERTEX
10
48.9265
20
76.1951
0
VERTEX
10
49.2654
20
78.9449
0
VERTEX
10
51.0460
20
81.3555
0
VERTEX
10
54.2318
20
83.4088
0
VERTEX
10
58.7390
20
85.1050
0
VERTEX
10
64.4396
20
86.4624
0
VERTEX
10
71.1654
20
87.5153
0
VERTEX
10
78.7137
20
88.3130
0
VERTEX
10
86.8546
20
88.9166
0
VERTEX
10
95.3385
20
89.3964
0
VERTEX
10
103.9046
20
89.8288
0
VERTEX
10
112.2900
20
90.2923
0
VERTEX
10
120.2385
20
90.8644
0
VERTEX
10
127.5094
20
91.6175
0
VERTEX
10
133.8856
20
92.6159
0
VERTEX
10
139.1807
20
93.9126
0
VERTEX
10
143.2455
20
95.5462
0
VERTEX
10
145.9728
20
97.5393
0
VERTEX
10
147.3004
20
99.8967
0
VERTEX
10
147.2136
20
102.6044
0
VERTEX
10
145.7449
20
105.6293
0
VERTEX
10
142.9724
20
108.9203
0
VERTEX
10
139.0171
20
112.4089
0
VERTEX
10
134.0381
20
116.0117
0
VERTEX
10
128.2267
20
119.6326
0
VERTEX
10
121.7996
20
123.1661
0
VERTEX
10
114.9910
20
126.5007
0
VERTEX
10
108.0438
20
129.5229
0
VERTEX
10
101.2018
20
132.1209
0
VERTEX
10
94.7002
20
134.1890
0
VERTEX
10
88.7579
20
135.6312
0
VERTEX
10
83.5695
20
136.3652
0
VERTEX
10
79.2988
20
136.3251
0
VERTEX
10
76.0732
20
135.4647
0
VERTEX
10
73.9791
20
133.7596
0
VERTEX
10
73.0595
20
131.2081
0
VERTEX
10
73.3129
20
127.8326
0
VERTEX
10
74.6931
20
123.6791
0
VERTEX
10
77.1119
20
118.8162
0
VERTEX
10
80.4421
20
113.3338
0
VERTEX
10
84.5229
20
107.3406
0
VERTEX
10
89.1655
20
100.9608
0
VERTEX
10
94.1605
20
94.3308
0
VERTEX
10
99.2860
20
87.5952
0
VERTEX
10
104.3152
20
80.9023
0
VERTEX
10
109.0255
20
74.3998
0
VERTEX
10
113.2061
20
68.2304
0
VERTEX
10
116.6668
20
62.5272
0
VERTEX
10
119.2438
20
57.4102
0
VERTEX
10
120.8071
20
52.9823
0
VERTEX
10
121.2645
20
49.3263
0
VERTEX
10
120.5654
20
46.5029
0
VERTEX
10
118.7032
20
44.5487
0
VERTEX
10
115.7150
20
43.4758
0
VERTEX
10
111.6813
20
43.2713
0
VERTEX
10
106.7228
20
43.8985
0
VERTEX
10
100.9961
20
45.2984
0
VERTEX
10
94.6891
20
47.3922
0
VERTEX
10
88.0134
20
50.0841
0
VERTEX
10
81.1977
20
53.2647
0
VERTEX
10
74.4794
20
56.8154
0
VERTEX
10
68.0961
20
60.6124
0
VERTEX
10
62.2774
20
64.5310
0
VERTEX
10
57.2370
20
68.4500
0
VERTEX
10
53.1643
20
72.2558
0
VERTEX
10
50.2187
20
75.8463
0
VERTEX
10
48.5230
20
79.1344
0
VERTEX
10
48.1594
20
82.0504
0
VERTEX
10
49.1662
20
84.5444
0
VERTEX
10
51.5368
20
86.5876
0
VERTEX
10
55.2190
20
88.1727
0
VERTEX
10
60.1173
20
89.3138
0
VERTEX
10
66.0957
20
90.0452
0
VERTEX
10
72.9823
20
90.4199
0
VERTEX
10
80.5752
20
90.5065
0
VERTEX
10
88.6493
20
90.3866
0
VERTEX
10
96.9636
20
90.1508
0
VERTEX
10
105.2700
20
89.8949
0
VERTEX
10
113.3210
20
89.7159
0
VERTEX
10
120.8785
20
89.7076
0
VERTEX
10
127.7216
20
89.9563
0
VERTEX
10
133.6539
20
90.5374
0
VERTEX
10
138.5104
20
91.5115
0
VERTEX
10
142.1622
20
92.9217
0
VERTEX
10
144.5211
20
94.7917
0
VERTEX
10
145.5424
20
97.1233
0
VERTEX
10
145.2256
20
99.8968
0
VERTEX
10
143.6141
20
103.0703
0
VERTEX
10
140.7937
20
106.5810
0
VERTEX
10
136.8887
20
110.3469
0
VERTEX
10
132.0577
20
114.2690
0
VERTEX
10
126.4870
20
118.2352
0
VERTEX
10
120.3848
20
122.1232
0
VERTEX
10
113.9726
20
125.8051
0
VERTEX
10
107.4783
20
129.1519
0
VERTEX
10
101.1273
20
132.0378
0
VERTEX
10
95.1349
20
134.3451
0
VERTEX
10
89.6988
20
135.9684
0
VERTEX
10
84.9919
20
136.8182
0
VERTEX
10
81.1569
20
136.8253
0
VERTEX
10
78.3011
20
135.9428
0
VERTEX
10
76.4930
20
134.1487
0
VERTEX
10
75.7603
20
131.4473
0
VERTEX
10
76.0891
20
127.8693
0
VERTEX
10
77.4252
20
123.4716
0
VERTEX
10
79.6759
20
118.3359
0
VERTEX
10
82.7142
20
112.5666
0
VERTEX
10
86.3836
20
106.2878
0
VERTEX
10
90.5040
20
99.6397
0
VERTEX
10
94.8789
20
92.7743
0
VERTEX
10
99.3022
20
85.8509
0
VERTEX
10
103.5668
20
79.0310
0
VERTEX
10
107.4718
20
72.4736
0
VERTEX
10
110.8299
20
66.3302
0
VERTEX
10
113.4752
20
60.7401
0
VERTEX
10
115.2686
20
55.8258
0
VERTEX
10
116.1036
20
51.6900
0
VERTEX
10
115.9102
20
48.4118
0
VERTEX
10
114.6578
20
46.0450
0
VERTEX
10
112.3563
20
44.6163
0
VERTEX
10
109.0564
20
44.1249
0
VERTEX
10
104.8475
20
44.5432
0
VERTEX
10
99.8551
20
45.8176
0
VERTEX
10
94.2364
20
47.8710
0
VERTEX
10
88.1747
20
50.6059
0
VERTEX
10
81.8733
20
53.9076
0
VERTEX
10
75.5481
20
57.6487
0
VERTEX
10
69.4202
20
61.6937
0
VERTEX
10
63.7079
20
65.9036
0
VERTEX
10
58.6192
20
70.1409
0
VERTEX
10
54.3441
20
74.2744
0
VERTEX
10
51.0482
20
78.1837
0
VERTEX
10
48.8666
20
81.7630
0
VERTEX
10
47.8987
20
84.9251
0
VERTEX
10
48.2051
20
87.6036
0
VERTEX
10
49.8050
20
89.7554
0
VERTEX
10
52.6752
20
91.3612
0
VERTEX
10
56.7512
20
92.4265
0
VERTEX
10
61.9285
20
92.9803
0
VERTEX
10
68.0667
20
93.0736
0
VERTEX
10
74.9938
20
92.7773
0
VERTEX
10
82.5121
20
92.1787
0
VERTEX
10
90.4045
20
91.3781
0
VERTEX
10
98.4423
20
90.4842
0
VERTEX
10
106.3925
20
89.6098
0
VERTEX
10
114.0257
20
88.8670
0
VERTEX
10
121.1235
20
88.3625
0
VERTEX
10
127.4864
20
88.1932
0
VERTEX
10
132.9396
20
88.4417
0
VERTEX
10
137.3391
20
89.1732
0
VERTEX
10
140.5762
20
90.4321
0
VERTEX
10
142.5809
20
92.2397
0
VERTEX
10
143.3237
20
94.5933
0
VERTEX
10
142.8167
20
97.4652
0
VERTEX
10
141.1119
20
100.8035
0
VERTEX
10
138.2998
20
104.5334
0
VERTEX
10
134.5053
20
108.5591
0
VERTEX
10
129.8833
20
112.7673
0
VERTEX
10
124.6125
20
117.0310
0
VERTEX
10
118.8897
20
121.2132
0
VERTEX
10
112.9218
20
125.1722
0
VERTEX
10
106.9188
20
128.7664
0
VERTEX
10
101.0866
20
131.8594
0
VERTEX
10
95.6193
20
134.3248
0
VERTEX
10
90.6927
20
136.0510
0
VERTEX
10
86.4583
20
136.9454
0
VERTEX
10
83.0380
20
136.9381
0
VERTEX
10
80.5202
20
135.9846
0
VERTEX
10
78.9569
20
134.0679
0
VERTEX
10
78.3626
20
131.1998
0
VERTEX
10
78.7136
20
127.4208
0
VERTEX
10
79.9498
20
122.7993
0
VERTEX
10
81.9772
20
117.4300
0
VERTEX
10
84.6717
20
111.4311
0
VERTEX
10
87.8839
20
104.9407
0
VERTEX
10
91.4450
20
98.1128
0
VERTEX
10
95.1735
20
91.1125
0
VERTEX
10
98.8817
20
84.1104
0
VERTEX
10
102.3831
20
77.2782
0
VERTEX
10
105.4998
20
70.7823
0
VERTEX
10
108.0685
20
64.7792
0
VERTEX
10
109.9474
20
59.4102
0
VERTEX
10
111.0213
20
54.7974
0
VERTEX
10
111.2061
20
51.0395
0
VERTEX
10
110.4523
20
48.2092
0
VERTEX
10
108.7465
20
46.3507
0
VERTEX
10
106.1132
20
45.4790
0
VERTEX
10
102.6129
20
45.5796
0
VERTEX
10
98.3413
20
46.6093
0
VERTEX
10
93.4253
20
48.4979
0
VERTEX
10
88.0192
20
51.1513
0
VERTEX
10
82.2989
20
54.4548
0
VERTEX
10
76.4563
20
58.2773
0
VERTEX
10
70.6919
20
62.4762
0
VERTEX
10
65.2083
20
66.9022
0
VERTEX
10
60.2031
20
71.4049
0
VERTEX
10
55.8612
20
75.8378
0
VERTEX
10
52.3488
20
80.0636
0
VERTEX
10
49.8076
20
83.9587
0
VERTEX
10
48.3490
20
87.4176
0
VERTEX
10
48.0505
20
90.3561
0
VERTEX
10
48.9529
20
92.7142
0
VERTEX
10
51.0583
20
94.4576
0
VERTEX
10
54.3301
20
95.5789
0
VERTEX
10
58.6937
20
96.0971
0
VERTEX
10
64.0393
20
96.0564
0
VERTEX
10
70.2253
20
95.5244
0
VERTEX
10
77.0825
20
94.5889
0
VERTEX
10
84.4206
20
93.3542
0
VERTEX
10
92.0336
20
91.9370
0
VERTEX
10
99.7071
20
90.4615
0
VERTEX
10
107.2256
20
89.0541
0
VERTEX
10
114.3792
20
87.8389
0
VERTEX
10
120.9706
20
86.9318
0
VERTEX
10
126.8218
20
86.4366
0
VERTEX
10
131.7797
20
86.4399
0
VERTEX
10
135.7209
20
87.0079
0
VERTEX
10
138.5557
20
88.1833
0
VERTEX
10
140.2305
20
89.9831
0
VERTEX
10
140.7296
20
92.3977
0
VERTEX
10
140.0749
20
95.3904
0
VERTEX
10
138.3248
20
98.8986
0
VERTEX
10
135.5717
20
102.8353
0
VERTEX
10
131.9387
20
107.0919
0
VERTEX
10
127.5744
20
111.5422
0
VERTEX
10
122.6476
20
116.0459
0
VERTEX
10
117.3415
20
120.4541
0
VERTEX
10
111.8467
20
124.6141
0
VERTEX
10
106.3542
20
128.3750
0
VERTEX
10
101.0494
20
131.5928
0
VERTEX
10
96.1050
20
134.1361
0
VERTEX
10
91.6750
20
135.8908
0
VERTEX
10
87.8901
20
136.7639
0
VERTEX
10
84.8526
20
136.6881
0
VERTEX
10
82.6336
20
135.6234
0
VERTEX
10
81.2707
20
133.5601
0
VERTEX
10
80.7671
20
130.5187
0
VERTEX
10
81.0919
20
126.5502
0
VERTEX
10
82.1818
20
121.7347
0
VERTEX
10
83.9438
20
116.1793
0
VERTEX
10
86.2591
20
110.0145
0
VERTEX
10
88.9879
20
103.3906
0
VERTEX
10
91.9745
20
96.4730
0
VERTEX
10
95.0540
20
89.4367
0
VERTEX
10
98.0581
20
82.4609
0
VERTEX
10
100.8221
20
75.7233
0
VERTEX
10
103.1907
20
69.3943
0
VERTEX
10
105.0244
20
63.6318
0
VERTEX
10
106.2048
20
58.5758
0
VERTEX
10
106.6390
20
54.3443
0
VERTEX
10
106.2636
20
51.0295
0
VERTEX
10
105.0470
20
48.6948
0
VERTEX
10
102.9911
20
47.3736
0
VERTEX
10
100.1312
20
47.0677
0
VERTEX
10
96.5356
20
47.7483
0
VERTEX
10
92.3026
20
49.3569
0
VERTEX
10
87.5580
20
51.8077
0
VERTEX
10
82.4500
20
54.9911
0
VERTEX
10
77.1448
20
58.7773
0
VERTEX
10
71.8205
20
63.0217
0
VERTEX
10
66.6607
20
67.5692
0
VERTEX
10
61.8483
20
72.2606
0
VERTEX
10
57.5589
20
76.9375
0
VERTEX
10
53.9545
20
81.4483
0
VERTEX
10
51.1779
20
85.6534
0
VERTEX
10
49.3474
20
89.4296
0
VERTEX
10
48.5524
20
92.6747
0
VERTEX
10
48.8503
20
95.3106
0
VERTEX
10
50.2642
20
97.2858
0
VERTEX
10
52.7818
20
98.5770
0
VERTEX
10
56.3557
20
99.1893
0
VERTEX
10
60.9045
20
99.1557
0
VERTEX
10
66.3158
20
98.5357
0
VERTEX
10
72.4496
20
97.4123
0
VERTEX
10
79.1425
20
95.8886
0
VERTEX
10
86.2137
20
94.0840
0
VERTEX
10
93.4705
20
92.1290
0
VERTEX
10
100.7149
20
90.1599
0
VERTEX
10
107.7497
20
88.3138
0
VERTEX
10
114.3853
20
86.7230
0
VERTEX
10
120.4459
20
85.5093
0
VERTEX
10
125.7748
20
84.7799
0
VERTEX
10
130.2397
20
84.6220
0
VERTEX
10
133.7367
20
85.1003
0
VERTEX
10
136.1933
20
86.2531
0
VERTEX
10
137.5708
20
88.0911
0
VERTEX
10
137.8647
20
90.5964
0
VERTEX
10
137.1047
20
93.7226
0
VERTEX
10
135.3530
20
97.3962
0
VERTEX
10
132.7019
20
101.5187
0
VERTEX
10
129.2700
20
105.9699
0
VERTEX
10
125.1980
20
110.6121
0
VERTEX
10
120.6429
20
115.2944
0
VERTEX
10
115.7731
20
119.8584
0
VERTEX
10
110.7615
20
124.1433
0
VERTEX
10
105.7801
20
127.9921
0
VERTEX
10
100.9935
20
131.2569
0
VERTEX
10
96.5532
20
133.8044
0
VERTEX
10
92.5928
20
135.5206
0
VERTEX
10
89.2230
20
136.3156
0
VERTEX
10
86.5283
20
136.1265
0
VERTEX
10
84.5645
20
134.9205
0
VERTEX
10
83.3568
20
132.6960
0
VERTEX
10
82.8995
20
129.4834
0
VERTEX
10
83.1568
20
125.3444
0
VERTEX
10
84.0645
20
120.3703
0
VERTEX
10
85.5328
20
114.6793
0
VERTEX
10
87.4502
20
108.4129
0
VERTEX
10
89.6879
20
101.7315
0
VERTEX
10
92.1048
20
94.8090
0
VERTEX
10
94.5534
20
87.8275
0
VERTEX
10
96.8853
20
80.9715
0
VERTEX
10
98.9570
20
74.4214
0
VERTEX
10
100.6358
20
68.3483
0
VERTEX
10
101.8046
20
62.9079
0
VERTEX
10
102.3669
20
58.2362
0
VERTEX
10
102.2502
20
54.4442
0
VERTEX
10
101.4094
20
51.6152
0
VERTEX
10
99.8286
20
49.8021
0
VERTEX
10
97.5218
20
49.0256
0
VERTEX
10
94.5330
20
49.2742
0
VERTEX
10
90.9348
20
50.5048
0
VERTEX
10
86.8259
20
52.6444
0
VERTEX
10
82.3280
20
55.5928
0
VERTEX
10
77.5817
20
59.2269
0
VERTEX
10
72.7412
20
63.4043
0
VERTEX
10
67.9695
20
67.9695
0
VERTEX
10
63.4323
20
72.7586
0
VERTEX
10
59.2922
20
77.6053
0
VERTEX
10
55.7032
20
82.3471
0
VERTEX
10
52.8047
20
86.8308
0
VERTEX
10
50.7172
20
90.9175
0
VERTEX
10
49.5371
20
94.4876
0
VERTEX
10
49.3339
20
97.4450
0
VERTEX
10
50.1469
20
99.7199
0
VERTEX
10
51.9842
20
101.2711
0
VERTEX
10
54.8217
20
102.0871
0
VERTEX
10
58.6038
20
102.1863
0
VERTEX
10
63.2452
20
101.6157
0
VERTEX
10
68.6334
20
100.4489
0
VERTEX
10
74.6323
20
98.7832
0
VERTEX
10
81.0866
20
96.7352
0
VERTEX
10
87.8267
20
94.4368
0
VERTEX
10
94.6746
20
92.0295
0
VERTEX
10
101.4493
20
89.6590
0
VERTEX
10
107.9727
20
87.4697
0
VERTEX
10
114.0756
20
85.5986
0
VERTEX
10
119.6027
20
84.1705
0
VERTEX
10
124.4180
20
83.2926
0
VERTEX
10
128.4086
20
83.0503
0
VERTEX
10
131.4884
20
83.5040
0
VERTEX
10
133.6003
20
84.6859
0
VERTEX
10
134.7182
20
86.5988
0
VERTEX
10
134.8467
20
89.2159
0
VERTEX
10
134.0212
20
92.4806
0
VERTEX
10
132.3054
20
96.3088
0
VERTEX
10
129.7895
20
100.5915
0
VERTEX
10
126.5862
20
105.1982
0
VERTEX
10
122.8263
20
109.9817
0
VERTEX
10
118.6543
20
114.7828
0
VERTEX
10
114.2229
20
119.4362
0
VERTEX
10
109.6875
20
123.7759
0
VERTEX
10
105.2009
20
127.6418
0
VERTEX
10
100.9075
20
130.8849
0
VERTEX
10
96.9391
20
133.3727
0
VERTEX
10
93.4096
20
134.9945
0
VERTEX
10
90.4120
20
135.6652
0
VERTEX
10
88.0149
20
135.3288
0
VERTEX
10
86.2606
20
133.9605
0
VERTEX
10
85.1643
20
131.5682
0
VERTEX
10
84.7137
20
128.1924
0
VERTEX
10
84.8702
20
123.9053
0
VERTEX
10
85.5707
20
118.8087
0
VERTEX
10
86.7302
20
113.0307
0
VERTEX
10
88.2460
20
106.7218
0
VERTEX
10
90.0012
20
100.0503
0
VERTEX
10
91.8699
20
93.1962
0
VERTEX
10
93.7222
20
86.3461
0
VERTEX
10
95.4291
20
79.6864
0
VERTEX
10
96.8678
20
73.3977
0
VERTEX
10
97.9268
20
67.6486
0
VERTEX
10
98.5098
20
62.5903
0
VERTEX
10
98.5400
20
58.3517
0
VERTEX
10
97.9634
20
55.0353
0
VERTEX
10
96.7506
20
52.7138
0
VERTEX
10
94.8986
20
51.4281
0
VERTEX
10
92.4310
20
51.1861
0
VERTEX
10
89.3978
20
51.9628
0
VERTEX
10
85.8736
20
53.7012
0
VERTEX
10
81.9553
20
56.3149
0
VERTEX
10
77.7586
20
59.6911
0
VERTEX
10
73.4145
20
63.6950
0
VERTEX
10
69.0645
20
68.1745
0
VERTEX
10
64.8558
20
72.9657
0
VERTEX
10
60.9357
20
77.8986
0
VERTEX
10
57.4473
20
82.8034
0
VERTEX
10
54.5233
20
87.5163
0
VERTEX
10
52.2822
20
91.8853
0
VERTEX
10
50.8233
20
95.7752
0
VERTEX
10
50.2235
20
99.0725
0
VERTEX
10
50.5344
20
101.6890
0
VERTEX
10
51.7798
20
103.5649
0
VERTEX
10
53.9552
20
104.6704
0
VERTEX
10
57.0273
20
105.0065
0
VERTEX
10
60.9351
20
104.6048
0
VERTEX
10
65.5914
20
103.5256
0
VERTEX
10
70.8858
20
101.8558
0
VERTEX
10
76.6880
20
99.7052
0
VERTEX
10
82.8522
20
97.2021
0
VERTEX
10
89.2212
20
94.4882
0
VERTEX
10
95.6321
20
91.7136
0
VERTEX
10
101.9211
20
89.0306
0
VERTEX
10
107.9291
20
86.5876
0
VERTEX
10
113.5062
20
84.5241
0
VERTEX
10
118.5169
20
82.9646
0
VERTEX
10
122.8442
20
82.0142
0
VERTEX
10
126.3928
20
81.7539
0
VERTEX
10
129.0925
20
82.2380
0
VERTEX
10
130.8996
20
83.4913
0
VERTEX
10
131.7982
20
85.5078
0
VERTEX
10
131.8003
20
88.2510
0
VERTEX
10
130.9444
20
91.6545
0
VERTEX
10
129.2944
20
95.6242
0
VERTEX
10
126.9366
20
100.0416
0
VERTEX
10
123.9765
20
104.7673
0
VERTEX
10
120.5345
20
109.6465
0
VERTEX
10
116.7418
20
114.5138
0
VERTEX
10
112.7356
20
119.1993
0
VERTEX
10
108.6541
20
123.5346
0
VERTEX
10
104.6316
20
127.3587
0
VERTEX
10
100.7938
20
130.5239
0
VERTEX
10
97.2540
20
132.9012
0
VERTEX
10
94.1086
20
134.3848
0
VERTEX
10
91.4345
20
134.8965
0
VERTEX
10
89.2867
20
134.3883
0
VERTEX
10
87.6963
20
132.8445
0
VERTEX
10
86.6705
20
130.2830
0
VERTEX
10
86.1926
20
126.7543
0
VERTEX
10
86.2228
20
122.3406
0
VERTEX
10
86.7007
20
117.1533
0
VERTEX
10
87.5475
20
111.3291
0
VERTEX
10
88.6699
20
105.0260
0
VERTEX
10
89.9637
20
98.4180
0
VERTEX
10
91.3179
20
91.6892
0
VERTEX
10
92.6197
20
85.0279
0
VERTEX
10
93.7587
20
78.6204
0
VERTEX
10
94.6315
20
72.6449
0
VERTEX
10
95.1459
20
67.2654
0
VERTEX
10
95.2245
20
62.6265
0
VERTEX
10
94.8083
20
58.8483
0
VERTEX
10
93.8588
20
56.0233
0
VERTEX
10
92.3599
20
54.2126
0
VERTEX
10
90.3192
20
53.4446
0
VERTEX
10
87.7675
20
53.7143
0
VERTEX
10
84.7584
20
54.9832
0
VERTEX
10
81.3665
20
57.1817
0
VERTEX
10
77.6849
20
60.2111
0
VERTEX
10
73.8224
20
63.9477
0
VERTEX
10
69.8995
20
68.2469
0
VERTEX
10
66.0443
20
72.9490
0
VERTEX
10
62.3883
20
77.8841
0
VERTEX
10
59.0611
20
82.8789
0
VERTEX
10
56.1867
20
87.7625
0
VERTEX
10
53.8785
20
92.3723
0
VERTEX
10
52.2351
20
96.5597
0
VERTEX
10
51.3372
20
100.1954
0
VERTEX
10
51.2442
20
103.1736
0
VERTEX
10
51.9921
20
105.4157
0
VERTEX
10
53.5918
20
106.8728
0
VERTEX
10
56.0286
20
107.5269
0
VERTEX
10
59.2624
20
107.3918
0
VERTEX
10
63.2288
20
106.5118
0
VERTEX
10
67.8407
20
104.9599
0
VERTEX
10
72.9914
20
102.8350
0
VERTEX
10
78.5578
20
100.2577
0
VERTEX
10
84.4040
20
97.3662
0
VERTEX
10
90.3858
20
94.3101
0
VERTEX
10
96.3554
20
91.2457
0
VERTEX
10
102.1658
20
88.3292
0
VERTEX
10
107.6754
20
85.7113
0
VERTEX
10
112.7530
20
83.5311
0
VERTEX
10
117.2808
20
81.9108
0
VERTEX
10
121.1592
20
80.9514
0
VERTEX
10
124.3085
20
80.7280
0
VERTEX
10
126.6723
20
81.2875
0
VERTEX
10
128.2180
20
82.6462
0
VERTEX
10
128.9381
20
84.7888
0
VERTEX
10
128.8495
20
87.6691
0
VERTEX
10
127.9927
20
91.2111
0
VERTEX
10
126.4301
20
95.3113
0
VERTEX
10
124.2431
20
99.8426
0
VERTEX
10
121.5291
20
104.6583
0
VERTEX
10
118.3980
20
109.5974
0
VERTEX
10
114.9678
20
114.4901
0
VERTEX
10
111.3607
20
119.1640
0
VERTEX
10
107.6985
20
123.4498
0
VERTEX
10
104.0984
20
127.1880
0
VERTEX
10
100.6692
20
130.2339
0
VERTEX
10
97.5072
20
132.4634
0
VERTEX
10
94.6934
20
133.7775
0
VERTEX
10
92.2910
20
134.1056
0
VERTEX
10
90.3432
20
133.4088
0
VERTEX
10
88.8724
20
131.6812
0
VERTEX
10
87.8797
20
128.9504
0
VERTEX
10
87.3454
20
125.2770
0
VERTEX
10
87.2305
20
120.7528
0
VERTEX
10
87.4780
20
115.4978
0
VERTEX
10
88.0165
20
109.6561
0
VERTEX
10
88.7621
20
103.3918
0
VERTEX
10
89.6233
20
96.8829
0
VERTEX
10
90.5035
20
90.3159
0
VERTEX
10
91.3061
20
83.8794
0
VERTEX
10
91.9380
20
77.7576
0
VERTEX
10
92.3134
20
72.1246
0
VERTEX
10
92.3575
20
67.1382
0
VERTEX
10
92.0097
20
62.9349
0
VERTEX
10
91.2261
20
59.6254
0
VERTEX
10
89.9817
20
57.2910
0
VERTEX
10
88.2713
20
55.9808
0
VERTEX
10
86.1106
20
55.7107
0
VERTEX
10
83.5355
20
56.4627
0
VERTEX
10
80.6013
20
58.1859
0
VERTEX
10
77.3811
20
60.7984
0
VERTEX
10
73.9634
20
64.1907
0
VERTEX
10
70.4489
20
68.2294
0
VERTEX
10
66.9475
20
72.7621
0
VERTEX
10
63.5740
20
77.6228
0
VERTEX
10
60.4445
20
82.6380
0
VERTEX
10
57.6723
20
87.6328
0
VERTEX
10
55.3636
20
92.4369
0
VERTEX
10
53.6138
20
96.8907
0
VERTEX
10
52.5042
20
100.8508
0
VERTEX
10
52.0987
20
104.1951
0
VERTEX
10
52.4417
20
106.8267
0
VERTEX
10
53.5558
20
108.6773
0
VERTEX
10
55.4414
20
109.7094
0
VERTEX
10
58.0759
20
109.9172
0
VERTEX
10
61.4143
20
109.3269
0
VERTEX
10
65.3904
20
107.9952
0
VERTEX
10
69.9189
20
106.0068
0
VERTEX
10
74.8977
20
103.4716
0
VERTEX
10
80.2113
20
100.5199
0
VERTEX
10
85.7343
20
97.2978
0
VERTEX
10
91.3351
20
93.9616
0
VERTEX
10
96.8802
20
90.6717
0
VERTEX
10
102.2384
20
87.5867
0
VERTEX
10
107.2847
20
84.8575
0
VERTEX
10
111.9042
20
82.6213
0
VERTEX
10
115.9956
20
80.9968
0
VERTEX
10
119.4741
20
80.0792
0
VERTEX
10
122.2739
20
79.9367
0
VERTEX
10
124.3498
20
80.6080
0
VERTEX
10
125.6786
20
82.1002
0
VERTEX
10
126.2590
20
84.3886
0
VERTEX
10
126.1116
20
87.4172
0
VERTEX
10
125.2773
20
91.1006
0
VERTEX
10
123.8157
20
95.3266
0
VERTEX
10
121.8029
20
99.9603
0
VERTEX
10
119.3281
20
104.8485
0
VERTEX
10
116.4905
20
109.8253
0
VERTEX
10
113.3957
20
114.7178
0
VERTEX
10
110.1517
20
119.3521
0
VERTEX
10
106.8654
20
123.5598
0
VERTEX
10
103.6385
20
127.1836
0
VERTEX
10
100.5643
20
130.0832
0
VERTEX
10
97.7247
20
132.1408
0
VERTEX
10
95.1873
20
133.2644
0
VERTEX
10
93.0035
20
133.3923
0
VERTEX
10
91.2070
20
132.4949
0
VERTEX
10
89.8132
20
130.5762
0
VERTEX
10
88.8190
20
127.6739
0
VERTEX
10
88.2034
20
123.8583
0
VERTEX
10
87.9289
20
119.2302
0
VERTEX
10
87.9432
20
113.9175
0
VERTEX
10
88.1819
20
108.0712
0
VERTEX
10
88.5713
20
101.8603
0
VERTEX
10
89.0315
20
95.4662
0
VERTEX
10
89.4798
20
89.0764
0
VERTEX
10
89.8344
20
82.8786
0
VERTEX
10
90.0179
20
77.0541
0
VERTEX
10
89.9602
20
71.7717
0
VERTEX
10
89.6020
20
67.1824
0
VERTEX
10
88.8972
20
63.4140
0
VERTEX
10
87.8149
20
60.5669
0
VERTEX
10
86.3411
20
58.7110
0
VERTEX
10
84.4795
20
57.8835
0
VERTEX
10
82.2520
20
58.0877
0
VERTEX
10
79.6976
20
59.2930
0
VERTEX
10
76.8723
20
61.4365
0
VERTEX
10
73.8465
20
64.4251
0
VERTEX
10
70.7032
20
68.1391
0
VERTEX
10
67.5349
20
72.4365
0
VERTEX
10
64.4409
20
77.1581
0
VERTEX
10
61.5235
20
82.1332
0
VERTEX
10
58.8845
20
87.1855
0
VERTEX
10
56.6219
20
92.1398
0
VERTEX
10
54.8258
20
96.8276
0
VERTEX
10
53.5757
20
101.0934
0
VERTEX
10
52.9375
20
104.7999
0
VERTEX
10
52.9607
20
107.8329
0
VERTEX
10
53.6765
20
110.1050
0
VERTEX
10
55.0969
20
111.5586
0
VERTEX
10
57.2134
20
112.1678
0
VERTEX
10
59.9975
20
111.9390
0
VERTEX
10
63.4007
20
110.9105
0
VERTEX
10
67.3568
20
109.1509
0
VERTEX
10
71.7827
20
106.7562
0
VERTEX
10
76.5816
20
103.8462
0
VERTEX
10
81.6460
20
100.5603
0
VERTEX
10
86.8602
20
97.0515
0
VERTEX
10
92.1047
20
93.4813
0
VERTEX
10
97.2595
20
90.0136
0
VERTEX
10
102.2076
20
86.8081
0
VERTEX
10
106.8388
20
84.0148
0
VERTEX
10
111.0530
20
81.7682
0
VERTEX
10
114.7629
20
80.1821
0
VERTEX
10
117.8967
20
79.3455
0
VERTEX
10
120.4001
20
79.3190
0
VERTEX
10
122.2376
20
80.1325
0
VERTEX
10
123.3930
20
81.7837
0
VERTEX
10
123.8700
20
84.2381
0
VERTEX
10
123.6910
20
87.4301
0
VERTEX
10
122.8965
20
91.2649
0
VERTEX
10
121.5429
20
95.6219
0
VERTEX
10
119.7004
20
100.3588
0
VERTEX
10
117.4501
20
105.3164
0
VERTEX
10
114.8811
20
110.3245
0
VERTEX
10
112.0875
20
115.2075
0
VERTEX
10
109.1644
20
119.7910
0
VERTEX
10
106.2051
20
123.9077
0
VERTEX
10
103.2976
20
127.4035
0
VERTEX
10
100.5219
20
130.1431
0
VERTEX
10
97.9473
20
132.0149
0
VERTEX
10
95.6300
20
132.9350
0
VERTEX
10
93.6118
20
132.8507
0
VERTEX
10
91.9189
20
131.7418
0
VERTEX
10
90.5613
20
129.6225
0
VERTEX
10
89.5332
20
126.5405
0
VERTEX
10
88.8133
20
122.5757
0
VERTEX
10
88.3666
20
117.8378
0
VERTEX
10
88.1459
20
112.4625
0
VERTEX
10
88.0942
20
106.6071
0
VERTEX
10
88.1471
20
100.4454
0
VERTEX
10
88.2359
20
94.1615
0
VERTEX
10
88.2908
20
87.9438
0
VERTEX
10
88.2433
20
81.9786
0
VERTEX
10
88.0301
20
76.4439
0
VERTEX
10
87.5951
20
71.5033
0
VERTEX
10
86.8924
20
67.3002
0
VERTEX
10
85.8882
20
63.9537
0
VERTEX
10
84.5627
20
61.5539
0
VERTEX
10
82.9109
20
60.1595
0
VERTEX
10
80.9437
20
59.7956
0
VERTEX
10
78.6872
20
60.4530
0
VERTEX
10
76.1829
20
62.0891
0
VERTEX
10
73.4858
20
64.6291
0
VERTEX
10
70.6632
20
67.9691
0
VERTEX
10
67.7922
20
71.9796
0
VERTEX
10
64.9575
20
76.5107
0
VERTEX
10
62.2481
20
81.3967
0
VERTEX
10
59.7547
20
86.4627
0
VERTEX
10
57.5660
20
91.5303
0
VERTEX
10
55.7660
20
96.4244
0
VERTEX
10
54.4309
20
100.9788
0
VERTEX
10
53.6260
20
105.0424
0
VERTEX
10
53.4035
20
108.4844
0
VERTEX
10
53.8007
20
111.1987
0
VERTEX
10
54.8380
20
113.1076
0
VERTEX
10
56.5181
20
114.1645
0
VERTEX
10
58.8257
20
114.3550
0
VERTEX
10
61.7276
20
113.6976
0
VERTEX
10
65.1736
20
112.2427
0
VERTEX
10
69.0975
20
110.0705
0
VERTEX
10
73.4195
20
107.2880
0
VERTEX
10
78.0482
20
104.0249
0
VERTEX
10
82.8833
20
100.4289
0
VERTEX
10
87.8189
20
96.6599
0
VERTEX
10
92.7461
20
92.8842
0
VERTEX
10
97.5572
20
89.2683
0
VERTEX
10
102.1478
20
85.9729
0
VERTEX
10
106.4208
20
83.1466
0
VERTEX
10
110.2888
20
80.9207
0
VERTEX
10
113.6767
20
79.4040
0
VERTEX
10
116.5235
20
78.6786
0
VERTEX
10
118.7846
20
78.7973
0
VERTEX
10
120.4321
20
79.7807
0
VERTEX
10
121.4554
20
81.6170
0
VERTEX
10
121.8615
20
84.2617
0
VERTEX
10
121.6741
20
87.6392
0
VERTEX
10
120.9321
20
91.6453
0
VERTEX
10
119.6882
20
96.1507
0
VERTEX
10
118.0069
20
101.0056
0
VERTEX
10
115.9616
20
106.0449
0
VERTEX
10
113.6322
20
111.0937
0
VERTEX
10
111.1018
20
115.9741
0
VERTEX
10
108.4542
20
120.5108
0
VERTEX
10
105.7708
20
124.5378
0
VERTEX
10
103.1277
20
127.9042
0
VERTEX
10
100.5933
20
130.4798
0
VERTEX
10
98.2262
20
132.1595
0
VERTEX
10
96.0734
20
132.8674
0
VERTEX
10
94.1687
20
132.5596
0
VERTEX
10
92.5325
20
131.2261
0
VERTEX
10
91.1710
20
128.8911
0
VERTEX
10
90.0768
20
125.6125
0
VERTEX
10
89.2295
20
121.4801
0
VERTEX
10
88.5971
20
116.6126
0
VERTEX
10
88.1375
20
111.1539
0
VERTEX
10
87.8011
20
105.2679
0
VERTEX
10
87.5325
20
99.1332
0
VERTEX
10
87.2736
20
92.9372
0
VERTEX
10
86.9658
20
86.8692
0
VERTEX
10
86.5532
20
81.1147
0
VERTEX
10
85.9846
20
75.8483
0
VERTEX
10
85.2164
20
71.2285
0
VERTEX
10
84.2142
20
67.3920
0
VERTEX
10
82.9550
20
64.4488
0
VERTEX
10
81.4279
20
62.4791
0
VERTEX
10
79.6358
20
61.5303
0
VERTEX
10
77.5947
20
61.6156
0
VERTEX
10
75.3343
20
62.7135
0
VERTEX
10
72.8970
20
64.7691
0
VERTEX
10
70.3365
20
67.6960
0
VERTEX
10
67.7166
20
71.3791
0
VERTEX
10
65.1086
20
75.6793
0
VERTEX
10
62.5895
20
80.4384
0
VERTEX
10
60.2389
20
85.4843
0
VERTEX
10
58.1366
20
90.6376
0
VERTEX
10
56.3596
20
95.7177
0
VERTEX
10
54.9796
20
100.5493
0
VERTEX
10
54.0600
20
104.9686
0
VERTEX
10
53.6540
20
108.8287
0
VERTEX
10
53.8021
20
112.0052
0
VERTEX
10
54.5308
20
114.4001
0
VERTEX
10
55.8514
20
115.9454
0
VERTEX
10
57.7592
20
116.6054
0
VERTEX
10
60.2332
20
116.3774
0
VERTEX
10
63.2368
20
115.2921
0
VERTEX
10
66.7186
20
113.4122
0
VERTEX
10
70.6133
20
110.8298
0
VERTEX
10
74.8444
20
107.6630
0
VERTEX
10
79.3255
20
104.0517
0
VERTEX
10
83.9635
20
100.1520
0
VERTEX
10
88.6608
20
96.1310
0
VERTEX
10
93.3187
20
92.1600
0
VERTEX
10
97.8397
20
88.4085
0
VERTEX
10
102.1310
20
85.0382
0
VERTEX
10
106.1065
20
82.1965
0
VERTEX
10
109.6897
20
80.0113
0
VERTEX
10
112.8157
20
78.5864
0
VERTEX
10
115.4329
20
77.9970
0
VERTEX
10
117.5041
20
78.2876
0
VERTEX
10
119.0076
20
79.4697
0
VERTEX
10
119.9371
20
81.5211
0
VERTEX
10
120.3019
20
84.3870
0
VERTEX
10
120.1256
20
87.9812
0
VERTEX
10
119.4454
20
92.1896
0
VERTEX
10
118.3101
20
96.8737
0
VERTEX
10
116.7786
20
101.8753
0
VERTEX
10
114.9170
20
107.0228
0
VERTEX
10
112.7965
20
112.1361
0
VERTEX
10
110.4908
20
117.0341
0
VERTEX
10
108.0735
20
121.5404
0
VERTEX
10
105.6156
20
125.4897
0
VERTEX
10
103.1827
20
128.7339
0
VERTEX
10
100.8336
20
131.1474
0
VERTEX
10
98.6180
20
132.6317
0
VERTEX
10
96.5751
20
133.1188
0
VERTEX
10
94.7327
20
132.5740
0
VERTEX
10
93.1067
20
130.9973
0
VERTEX
10
91.7008
20
128.4235
0
VERTEX
10
90.5071
20
124.9212
0
VERTEX
10
89.5066
20
120.5907
0
VERTEX
10
88.6709
20
115.5606
0
VERTEX
10
87.9635
20
109.9834
0
VERTEX
10
87.3417
20
104.0305
0
VERTEX
10
86.7587
20
97.8865
0
VERTEX
10
86.1662
20
91.7425
0
VERTEX
10
85.5162
20
85.7898
0
VERTEX
10
84.7637
20
80.2136
0
VERTEX
10
83.8689
20
75.1862
0
VERTEX
10
82.7987
20
70.8614
0
VERTEX
10
81.5291
20
67.3693
0
VERTEX
10
80.0460
20
64.8117
0
VERTEX
10
78.3466
20
63.2588
0
VERTEX
10
76.4396
20
62.7468
0
VERTEX
10
74.3457
20
63.2767
0
VERTEX
10
72.0967
20
64.8148
0
VERTEX
10
69.7355
20
67.2933
0
VERTEX
10
67.3140
20
70.6135
0
VERTEX
10
64.8921
20
74.6490
0
VERTEX
10
62.5357
20
79.2501
0
VERTEX
10
60.3143
20
84.2495
0
VERTEX
10
58.2990
20
89.4681
0
VERTEX
10
56.5595
20
94.7213
0
VERTEX
10
55.1622
20
99.8256
0
VERTEX
10
54.1677
20
104.6049
0
VERTEX
10
53.6283
20
108.8969
0
VERTEX
10
53.5863
20
112.5590
0
VERTEX
10
54.0720
20
115.4725
0
VERTEX
10
55.1028
20
117.5476
0
VERTEX
10
56.6822
20
118.7259
0
VERTEX
10
58.7991
20
118.9827
0
VERTEX
10
61.4282
20
118.3275
0
VERTEX
10
64.5300
20
116.8036
0
VERTEX
10
68.0525
20
114.4864
0
VERTEX
10
71.9317
20
111.4806
0
VERTEX
10
76.0942
20
107.9164
0
VERTEX
10
80.4585
20
103.9444
0
VERTEX
10
84.9377
20
99.7303
0
VERTEX
10
89.4423
20
95.4488
0
VERTEX
10
93.8819
20
91.2772
0
VERTEX
10
98.1686
20
87.3887
0
VERTEX
10
102.2191
20
83.9464
0
VERTEX
10
105.9571
20
81.0970
0
VERTEX
10
109.3154
20
78.9654
0
VERTEX
10
112.2375
20
77.6503
0
VERTEX
10
114.6793
20
77.2201
0
VERTEX
10
116.6100
20
77.7107
0
VERTEX
10
118.0125
20
79.1238
0
VERTEX
10
118.8836
20
81.4265
0
VERTEX
10
119.2337
20
84.5526
0
VERTEX
10
119.0862
20
88.4047
0
VERTEX
10
118.4757
20
92.8575
0
VERTEX
10
117.4473
20
97.7620
0
VERTEX
10
116.0541
20
102.9510
0
VERTEX
10
114.3556
20
108.2447
0
VERTEX
10
112.4150
20
113.4570
0
VERTEX
10
110.2976
20
118.4025
0
VERTEX
10
108.0678
20
122.9024
0
VERTEX
10
105.7874
20
126.7918
0
VERTEX
10
103.5134
20
129.9246
0
VERTEX
10
101.2962
20
132.1796
0
VERTEX
10
99.1780
20
133.4643
0
VERTEX
10
97.1920
20
133.7189
0
VERTEX
10
95.3612
20
132.9181
0
VERTEX
10
93.6983
20
131.0724
0
VERTEX
10
92.2057
20
128.2279
0
VERTEX
10
90.8757
20
124.4648
0
VERTEX
10
89.6918
20
119.8949
0
VERTEX
10
88.6294
20
114.6578
0
VERTEX
10
87.6577
20
108.9161
0
VERTEX
10
86.7410
20
102.8501
0
VERTEX
10
85.8408
20
96.6512
0
VERTEX
10
84.9179
20
90.5159
0
VERTEX
10
83.9344
20
84.6386
0
VERTEX
10
82.8553
20
79.2052
0
VERTEX
10
81.6508
20
74.3865
0
VERTEX
10
80.2977
20
70.3325
0
VERTEX
10
78.7809
20
67.1672
0
VERTEX
10
77.0943
20
64.9843
0
VERTEX
10
75.2417
20
63.8440
0
VERTEX
10
73.2370
20
63.7712
0
VERTEX
10
71.1042
20
64.7546
0
VERTEX
10
68.8770
20
66.7470
0
VERTEX
10
66.5978
20
69.6673
0
VERTEX
10
64.3165
20
73.4034
0
VERTEX
10
62.0892
20
77.8162
0
VERTEX
10
59.9761
20
82.7446
0
VERTEX
10
58.0398
20
88.0109
0
VERTEX
10
56.3431
20
93.4277
0
VERTEX
10
54.9467
20
98.8040
0
VERTEX
10
53.9071
20
103.9523
0
VERTEX
10
53.2749
20
108.6949
0
VERTEX
10
53.0922
20
112.8706
0
VERTEX
10
53.3916
20
116.3400
0
VERTEX
10
54.1945
20
118.9902
0
VERTEX
10
55.5104
20
120.7394
0
VERTEX
10
57.3358
20
121.5391
0
VERTEX
10
59.6543
20
121.3761
0
VERTEX
10
62.4367
20
120.2725
0
VERTEX
10
65.6418
20
118.2852
0
VERTEX
10
69.2170
20
115.5034
0
VERTEX
10
73.1000
20
112.0457
0
VERTEX
10
77.2201
20
108.0552
0
VERTEX
10
81.5006
20
103.6949
0
VERTEX
10
85.8605
20
99.1412
0
VERTEX
10
90.2171
20
94.5778
0
VERTEX
10
94.4878
20
90.1890
0
VERTEX
10
98.5929
20
86.1526
0
VERTEX
10
102.4577
20
82.6341
0
VERTEX
10
106.0140
20
79.7798
0
VERTEX
10
109.2025
20
77.7122
0
VERTEX
10
111.9740
20
76.5248
0
VERTEX
10
114.2905
20
76.2791
0
VERTEX
10
116.1260
20
77.0018
0
VERTEX
10
117.4671
20
78.6841
0
VERTEX
10
118.3127
20
81.2813
0
VERTEX
10
118.6735
20
84.7149
0
VERTEX
10
118.5717
20
88.8748
0
VERTEX
10
118.0395
20
93.6229
0
VERTEX
10
117.1175
20
98.7985
0
VERTEX
10
115.8536
20
104.2234
0
VERTEX
10
114.3007
20
109.7084
0
VERTEX
10
112.5148
20
115.0599
0
VERTEX
10
110.5532
20
120.0868
0
VERTEX
10
108.4722
20
124.6072
0
VERTEX
10
106.3257
20
128.4551
0
VERTEX
10
104.1628
20
131.4862
0
VERTEX
10
102.0270
20
133.5831
0
VERTEX
10
99.9545
20
134.6596
0
VERTEX
10
97.9734
20
134.6641
0
VERTEX
10
96.1033
20
133.5812
0
VERTEX
10
94.3549
20
131.4330
0
VERTEX
10
92.7301
20
128.2777
0
VERTEX
10
91.2228
20
124.2086
0
VERTEX
10
89.8191
20
119.3504
0
VERTEX
10
88.4992
20
113.8552
0
VERTEX
10
87.2381
20
107.8973
0
VERTEX
10
86.0073
20
101.6674
0
VERTEX
10
84.7766
20
95.3658
0
VERTEX
10
83.5157
20
89.1954
0
VERTEX
10
82.1961
20
83.3552
0
VERTEX
10
80.7925
20
78.0330
0
VERTEX
10
79.2844
20
73.3989
0
VERTEX
10
77.6575
20
69.5997
0
VERTEX
10
75.9049
20
66.7536
0
VERTEX
10
74.0276
20
64.9462
0
VERTEX
10
72.0350
20
64.2276
0
VERTEX
10
69.9455
20
64.6106
0
VERTEX
10
67.7858
20
66.0704
0
VERTEX
10
65.5904
20
68.5458
0
VERTEX
10
63.4010
20
71.9408
0
VERTEX
10
61.2650
20
76.1285
0
VERTEX
10
59.2344
20
80.9557
0
VERTEX
10
57.3638
20
86.2480
0
VERTEX
10
55.7089
20
91.8160
0
VERTEX
10
54.3245
20
97.4624
0
VERTEX
10
53.2627
20
102.9886
0
VERTEX
10
52.5706
20
108.2018
0
VERTEX
10
52.2894
20
112.9220
0
VERTEX
10
52.4519
20
116.9881
0
VERTEX
10
53.0819
20
120.2636
0
VERTEX
10
54.1926
20
122.6417
0
VERTEX
10
55.7861
20
124.0485
0
VERTEX
10
57.8531
20
124.4460
0
VERTEX
10
60.3726
20
123.8333
0
VERTEX
10
63.3123
20
122.2463
0
VERTEX
10
66.6293
20
119.7568
0
VERTEX
10
70.2711
20
116.4692
0
VERTEX
10
74.1769
20
112.5175
0
VERTEX
10
78.2794
20
108.0597
0
VERTEX
10
82.5061
20
103.2724
0
VERTEX
10
86.7815
20
98.3445
0
VERTEX
10
91.0293
20
93.4702
0
VERTEX
10
95.1741
20
88.8418
0
VERTEX
10
99.1436
20
84.6432
0
VERTEX
10
102.8704
20
81.0425
0
VERTEX
10
106.2938
20
78.1868
0
VERTEX
10
109.3612
20
76.1956
0
VERTEX
10
112.0294
20
75.1576
0
VERTEX
10
114.2655
20
75.1264
0
VERTEX
10
116.0473
20
76.1191
0
VERTEX
10
117.3638
20
78.1152
0
VERTEX
10
118.2151
20
81.0569
0
VERTEX
10
118.6116
20
84.8518
0
VERTEX
10
118.5736
20
89.3752
0
VERTEX
10
118.1302
20
94.4749
0
VERTEX
10
117.3175
20
99.9763
0
VERTEX
10
116.1779
20
105.6885
0
VERTEX
10
114.7579
20
111.4113
0
VERTEX
10
113.1065
20
116.9420
0
VERTEX
10
111.2735
20
122.0826
0
VERTEX
10
109.3079
20
126.6470
0
VERTEX
10
107.2561
20
130.4674
0
VERTEX
10
105.1607
20
133.4008
0
VERTEX
10
103.0589
20
135.3336
0
VERTEX
10
100.9820
20
136.1861
0
VERTEX
10
98.9544
20
135.9155
0
VERTEX
10
96.9933
20
134.5175
0
VERTEX
10
95.1084
20
132.0265
0
VERTEX
10
93.3024
20
128.5147
0
VERTEX
10
91.5713
20
124.0898
0
VERTEX
10
89.9053
20
118.8912
0
VERTEX
10
88.2894
20
113.0855
0
VERTEX
10
86.7053
20
106.8605
0
VERTEX
10
85.1322
20
100.4190
0
VERTEX
10
83.5483
20
93.9716
0
VERTEX
10
81.9323
20
87.7295
0
VERTEX
10
80.2651
20
81.8973
0
VERTEX
10
78.5305
20
76.6654
0
VERTEX
10
76.7173
20
72.2041
0
VERTEX
10
74.8196
20
68.6572
0
VERTEX
10
72.8377
20
66.1371
0
VERTEX
10
70.7793
20
64.7207
0
VERTEX
10
68.6588
20
64.4473
0
VERTEX
10
66.4982
20
65.3167
0
VERTEX
10
64.3259
20
67.2894
0
VERTEX
10
62.1769
20
70.2884
0
VERTEX
10
60.0914
20
74.2013
0
VERTEX
10
58.1139
20
78.8846
0
VERTEX
10
56.2915
20
84.1692
0
VERTEX
10
54.6732
20
89.8655
0
VERTEX
10
53.3074
20
95.7711
0
VERTEX
10
52.2409
20
101.6770
0
VERTEX
10
51.5171
20
107.3757
0
VERTEX
10
51.1741
20
112.6685
0
VERTEX
10
51.2439
20
117.3718
0
VERTEX
10
51.7505
20
121.3247
0
VERTEX
10
52.7092
20
124.3935
0
VERTEX
10
54.1258
20
126.4775
0
VERTEX
10
55.9956
20
127.5118
0
VERTEX
10
58.3041
20
127.4697
0
VERTEX
10
61.0261
20
126.3639
0
VERTEX
10
64.1269
20
124.2457
0
VERTEX
10
67.5626
20
121.2032
0
VERTEX
10
71.2813
20
117.3582
0
VERTEX
10
75.2241
20
112.8616
0
VERTEX
10
79.3269
20
107.8882
0
VERTEX
10
83.5217
20
102.6302
0
VERTEX
10
87.7386
20
97.2905
0
VERTEX
10
91.9075
20
92.0751
0
VERTEX
10
95.9596
20
87.1858
0
VERTEX
10
99.8297
20
82.8129
0
VERTEX
10
103.4571
20
79.1284
0
VERTEX
10
106.7879
20
76.2795
0
VERTEX
10
109.7752
20
74.3833
0
VERTEX
10
112.3809
20
73.5226
0
VERTEX
10
114.5763
20
73.7427
0
VERTEX
10
116.3420
20
75.0496
0
VERTEX
10
117.6686
20
77.4095
0
VERTEX
10
118.5563
20
80.7503
0
VERTEX
10
119.0144
20
84.9634
0
VERTEX
10
119.0606
20
89.9079
0
VERTEX
10
118.7199
20
95.4154
0
VERTEX
10
118.0239
20
101.2956
0
VERTEX
10
117.0088
20
107.3433
0
VERTEX
10
115.7146
20
113.3455
0
VERTEX
10
114.1832
20
119.0891
0
VERTEX
10
112.4574
20
124.3682
0
VERTEX
10
110.5788
20
128.9915
0
VERTEX
10
108.5873
20
132.7894
0
VERTEX
10
106.5191
20
135.6199
0
VERTEX
10
104.4065
20
137.3736
0
VERTEX
10
102.2767
20
137.9782
0
VERTEX
10
100.1513
20
137.4005
0
VERTEX
10
98.0462
20
135.6484
0
VERTEX
10
95.9713
20
132.7705
0
VERTEX
10
93.9311
20
128.8546
0
VERTEX
10
91.9249
20
124.0246
0
VERTEX
10
89.9478
20
118.4366
0
VERTEX
10
87.9911
20
112.2734
0
VERTEX
10
86.0436
20
105.7381
0
VERTEX
10
84.0929
20
99.0474
0
VERTEX
10
82.1262
20
92.4235
0
VERTEX
10
80.1317
20
86.0871
0
VERTEX
10
78.0996
20
80.2489
0
VERTEX
10
76.0233
20
75.1031
0
VERTEX
10
73.9003
20
70.8199
0
VERTEX
10
71.7328
20
67.5397
0
VERTEX
10
69.5284
20
65.3687
0
VERTEX
10
67.3003
20
64.3745
0
VERTEX
10
65.0675
20
64.5840
0
VERTEX
10
62.8545
20
65.9827
0
VERTEX
10
60.6912
20
68.5147
0
VERTEX
10
58.6117
20
72.0852
0
VERTEX
10
56.6540
20
76.5637
0
VERTEX
10
54.8587
20
81.7883
0
VERTEX
10
53.2678
20
87.5718
0
VERTEX
10
51.9234
20
93.7083
0
VERTEX
10
50.8663
20
99.9803
0
VERTEX
10
50.1350
20
106.1662
0
VERTEX
10
49.7637
20
112.0488
0
VERTEX
10
49.7814
20
117.4223
0
VERTEX
10
50.2109
20
122.1000
0
VERTEX
10
51.0676
20
125.9207
0
VERTEX
10
52.3585
20
128.7545
0
VERTEX
10
54.0823
20
130.5074
0
VERTEX
10
56.2283
20
131.1246
0
VERTEX
10
58.7771
20
130.5922
0
VERTEX
10
61.7002
20
128.9382
0
VERTEX
10
64.9612
20
126.2311
0
VERTEX
10
68.5157
20
122.5774
0
VERTEX
10
72.3130
20
118.1179
0
VERTEX
10
76.2969
20
113.0228
0
VERTEX
10
80.4069
20
107.4853
0
VERTEX
10
84.5802
20
101.7149
0
VERTEX
10
88.7526
20
95.9298
0
VERTEX
10
92.8601
20
90.3491
0
VERTEX
10
96.8411
20
85.1847
0
VERTEX
10
100.6367
20
80.6341
0
VERTEX
10
104.1931
20
76.8728
0
VERTEX
10
107.4622
20
74.0482
0
VERTEX
10
110.4027
20
72.2741
0
VERTEX
10
112.9806
20
71.6266
0
VERTEX
10
115.1705
20
72.1411
0
VERTEX
10
116.9550
20
73.8111
0
VERTEX
10
118.3251
20
76.5881
0
VERTEX
10
119.2804
20
80.3831
0
VERTEX
10
119.8277
20
85.0700
0
VERTEX
10
119.9813
20
90.4896
0
VERTEX
10
119.7616
20
96.4553
0
VERTEX
10
119.1943
20
102.7594
0
VERTEX
10
118.3093
20
109.1810
0
VERTEX
10
117.1393
20
115.4930
0
VERTEX
10
115.7192
20
121.4710
0
VERTEX
10
114.0842
20
126.9005
0
VERTEX
10
112.2691
20
131.5850
0
VERTEX
10
110.3072
20
135.3530
0
VERTEX
10
108.2293
20
138.0642
0
VERTEX
10
106.0632
20
139.6142
0
VERTEX
10
103.8327
20
139.9390
0
VERTEX
10
101.5579
20
139.0167
0
VERTEX
10
99.2544
20
136.8690
0
VERTEX
10
96.9337
20
133.5605
0
VERTEX
10
94.6032
20
129.1961
0
VERTEX
10
92.2670
20
123.9182
0
VERTEX
10
89.9262
20
117.9012
0
VERTEX
10
87.5793
20
111.3459
0
VERTEX
10
85.2239
20
104.4721
0
VERTEX
10
82.8567
20
97.5116
0
VERTEX
10
80.4745
20
90.6992
0
VERTEX
10
78.0758
20
84.2656
0
VERTEX
10
75.6607
20
78.4282
0
VERTEX
10
73.2322
20
73.3844
0
VERTEX
10
70.7965
20
69.3039
0
VERTEX
10
68.3638
20
66.3234
0
VERTEX
10
65.9483
20
64.5412
0
VERTEX
10
63.5684
20
64.0142
0
VERTEX
10
61.2467
20
64.7555
0
VERTEX
10
59.0096
20
66.7341
0
VERTEX
10
56.8869
20
69.8762
0
VERTEX
10
54.9113
20
74.0673
0
VERTEX
10
53.1171
20
79.1565
0
VERTEX
10
51.5400
20
84.9619
0
VERTEX
10
50.2156
20
91.2769
0
VERTEX
10
49.1783
20
97.8775
0
VERTEX
10
48.4605
20
104.5302
0
VERTEX
10
48.0913
20
111.0002
0
VERTEX
10
48.0953
20
117.0600
0
VERTEX
10
48.4920
20
122.4971
0
VERTEX
10
49.2947
20
127.1216
0
VERTEX
10
50.5101
20
130.7732
0
VERTEX
10
52.1373
20
133.3265
0
VERTEX
10
54.1681
20
134.6959
0
VERTEX
10
56.5863
20
134.8382
0
VERTEX
10
59.3684
20
133.7543
0
VERTEX
10
62.4834
20
131.4895
0
VERTEX
10
65.8938
20
128.1312
0
VERTEX
10
69.5561
20
123.8065
0
VERTEX
10
73.4215
20
118.6773
0
VERTEX
10
77.4373
20
112.9346
0
VERTEX
10
81.5479
20
106.7917
0
VERTEX
10
85.6960
20
100.4766
0
VERTEX
10
89.8239
20
94.2238
0
VERTEX
10
93.8745
20
88.2659
0
VERTEX
10
97.7931
20
82.8255
0
VERTEX
10
101.5279
20
78.1067
0
VERTEX
10
105.0314
20
74.2882
0
VERTEX
10
108.2613
20
71.5168
0
VERTEX
10
111.1811
20
69.9016
0
VERTEX
10
113.7605
20
69.5106
0
VERTEX
10
115.9765
20
70.3677
0
VERTEX
10
117.8125
20
72.4520
0
VERTEX
10
119.2593
20
75.6983
0
VERTEX
10
120.3140
20
79.9990
0
VERTEX
10
120.9805
20
85.2084
0
VERTEX
10
121.2681
20
91.1472
0
VERTEX
10
121.1915
20
97.6092
0
VERTEX
10
120.7696
20
104.3683
0
VERTEX
10
120.0250
20
111.1863
0
VERTEX
10
118.9827
20
117.8219
0
VERTEX
10
117.6696
20
124.0387
0
VERTEX
10
116.1134
20
129.6139
0
VERTEX
10
114.3418
20
134.3462
0
VERTEX
10
112.3819
20
138.0630
0
VERTEX
10
110.2595
20
140.6267
0
VERTEX
10
107.9983
20
141.9394
0
VERTEX
10
105.6202
20
141.9468
0
VERTEX
10
103.1443
20
140.6402
0
VERTEX
10
100.5875
20
138.0571
0
VERTEX
10
97.9639
20
134.2794
0
VERTEX
10
95.2858
20
129.4316
0
VERTEX
10
92.5631
20
123.6758
0
VERTEX
10
89.8046
20
117.2063
0
VERTEX
10
87.0177
20
110.2431
0
VERTEX
10
84.2095
20
103.0237
0
VERTEX
10
81.3873
20
95.7955
0
VERTEX
10
78.5588
20
88.8064
0
VERTEX
10
75.7331
20
82.2966
0
VERTEX
10
72.9209
20
76.4898
0
VERTEX
10
70.1349
20
71.5858
0
VERTEX
10
67.3905
20
67.7528
0
VERTEX
10
64.7052
20
65.1218
0
VERTEX
10
62.0994
20
63.7820
0
VERTEX
10
59.5961
20
63.7775
0
VERTEX
10
57.2202
20
65.1056
0
VERTEX
10
54.9991
20
67.7170
0
VERTEX
10
52.9612
20
71.5178
0
VERTEX
10
51.1360
20
76.3719
0
VERTEX
10
49.5532
20
82.1066
0
VERTEX
10
48.2418
20
88.5186
0
VERTEX
10
47.2297
20
95.3805
0
VERTEX
10
46.5422
20
102.4497
0
VERTEX
10
46.2021
20
109.4763
0
VERTEX
10
46.2281
20
116.2123
0
VERTEX
10
46.6345
20
122.4203
0
VERTEX
10
47.4306
20
127.8817
0
VERTEX
10
48.6200
20
132.4049
0
VERTEX
10
50.2005
20
135.8317
0
VERTEX
10
52.1636
20
138.0432
0
VERTEX
10
54.4945
20
138.9637
0
VERTEX
10
57.1724
20
138.5639
0
VERTEX
10
60.1703
20
136.8617
0
VERTEX
10
63.4560
20
133.9214
0
VERTEX
10
66.9920
20
129.8518
0
VERTEX
10
70.7367
20
124.8023
0
VERTEX
10
74.6448
20
118.9573
0
VERTEX
10
78.6684
20
112.5301
0
VERTEX
10
82.7578
20
105.7551
0
VERTEX
10
86.8624
20
98.8794
0
VERTEX
10
90.9319
20
92.1540
0
VERTEX
10
94.9170
20
85.8250
0
VERTEX
10
98.7702
20
80.1249
0
VERTEX
10
102.4473
20
75.2638
0
VERTEX
10
105.9070
20
71.4223
0
VERTEX
10
109.1128
20
68.7448
0
VERTEX
10
112.0322
20
67.3344
0
VERTEX
10
114.6384
20
67.2488
0
VERTEX
10
116.9093
20
68.4986
0
VERTEX
10
118.8286
20
71.0465
0
VERTEX
10
120.3850
20
74.8085
0
VERTEX
10
121.5725
20
79.6569
0
VERTEX
10
122.3901
20
85.4247
0
VERTEX
10
122.8410
20
91.9113
0
VERTEX
10
122.9328
20
98.8898
0
VERTEX
10
122.6765
20
106.1149
0
VERTEX
10
122.0862
20
113.3313
0
VERTEX
10
121.1782
20
120.2831
0
VERTEX
10
119.9710
20
126.7230
0
VERTEX
10
118.4843
20
132.4204
0
VERTEX
10
116.7386
20
137.1704
0
VERTEX
10
114.7550
20
140.8008
0
VERTEX
10
112.5545
20
143.1784
0
VERTEX
10
110.1580
20
144.2136
0
VERTEX
10
107.5859
20
143.8640
0
VERTEX
10
104.8579
20
142.1358
0
VERTEX
10
101.9934
20
139.0839
0
VERTEX
10
99.0110
20
134.8099
0
VERTEX
10
95.9289
20
129.4588
0
VERTEX
10
92.7651
20
123.2139
0
VERTEX
10
89.5374
20
116.2902
0
VERTEX
10
86.2637
20
108.9275
0
VERTEX
10
82.9624
20
101.3813
0
VERTEX
10
79.6523
20
93.9142
0
VERTEX
10
76.3532
20
86.7864
0
VERTEX
10
73.0857
20
80.2470
0
VERTEX
10
69.8715
20
74.5244
0
VERTEX
10
66.7334
20
69.8191
0
VERTEX
10
63.6954
20
66.2957
0
VERTEX
10
60.7824
20
64.0779
0
VERTEX
10
58.0200
20
63.2434
0
VERTEX
10
55.4347
20
63.8211
0
VERTEX
10
53.0528
20
65.7908
0
VERTEX
10
50.9008
20
69.0827
0
VERTEX
10
49.0043
20
73.5808
0
VERTEX
10
47.3881
20
79.1263
0
VERTEX
10
46.0752
20
85.5235
0
VERTEX
10
45.0863
20
92.5465
0
VERTEX
10
44.4398
20
99.9473
0
VERTEX
10
44.1507
20
107.4645
0
VERTEX
10
44.2304
20
114.8324
0
VERTEX
10
44.6862
20
121.7905
0
VERTEX
10
45.5214
20
128.0929
0
VERTEX
10
46.7343
20
133.5168
0
VERTEX
10
48.3187
20
137.8705
0
VERTEX
10
50.2634
20
141.0001
0
VERTEX
10
52.5526
20
142.7954
0
VERTEX
10
55.1658
20
143.1932
0
VERTEX
10
58.0782
20
142.1803
0
VERTEX
10
61.2608
20
139.7935
0
VERTEX
10
64.6812
20
136.1185
0
VERTEX
10
68.3036
20
131.2871
0
VERTEX
10
72.0898
20
125.4722
0
VERTEX
10
75.9997
20
118.8821
0
VERTEX
10
79.9916
20
111.7530
0
VERTEX
10
84.0233
20
104.3404
0
VERTEX
10
88.0523
20
96.9103
0
VERTEX
10
92.0369
20
89.7298
0
VERTEX
10
95.9362
20
83.0575
0
VERTEX
10
99.7113
20
77.1340
0
VERTEX
10
103.3250
20
72.1741
0
VERTEX
10
106.7432
20
68.3581
0
VERTEX
10
109.9341
20
65.8262
0
VERTEX
10
112.8697
20
64.6729
0
VERTEX
10
115.5247
20
64.9439
0
VERTEX
10
117.8779
20
66.6341
0
VERTEX
10
119.9114
20
69.6879
0
VERTEX
10
121.6106
20
74.0010
0
VERTEX
10
122.9649
20
79.4240
0
VERTEX
10
123.9668
20
85.7677
0
VERTEX
10
124.6119
20
92.8096
0
VERTEX
10
124.8992
20
100.3019
0
VERTEX
10
124.8303
20
107.9802
0
VERTEX
10
124.4097
20
115.5728
0
VERTEX
10
123.6442
20
122.8105
0
VERTEX
10
122.5430
20
129.4359
0
VERTEX
10
121.1176
20
135.2128
0
VERTEX
10
119.3812
20
139.9347
0
VERTEX
10
117.3490
20
143.4317
0
VERTEX
10
115.0380
20
145.5772
0
VERTEX
10
112.4669
20
146.2922
0
VERTEX
10
109.6559
20
145.5482
0
VERTEX
10
106.6268
20
143.3683
0
VERTEX
10
103.4029
20
139.8266
0
VERTEX
10
100.0089
20
135.0456
0
VERTEX
10
96.4711
20
129.1918
0
VERTEX
10
92.8170
20
122.4703
0
VERTEX
10
89.0754
20
115.1171
0
VERTEX
10
85.2764
20
107.3913
0
VERTEX
10
81.4509
20
99.5654
0
VERTEX
10
77.6308
20
91.9163
0
VERTEX
10
73.8486
20
84.7149
0
VERTEX
10
70.1373
20
78.2169
0
VERTEX
10
66.5299
20
72.6535
0
VERTEX
10
63.0594
20
68.2234
0
VERTEX
10
59.7579
20
65.0852
0
VERTEX
10
56.6569
20
63.3525
0
VERTEX
10
53.7865
20
63.0889
0
VERTEX
10
51.1750
20
64.3065
0
VERTEX
10
48.8488
20
66.9647
0
VERTEX
10
46.8317
20
70.9720
0
VERTEX
10
45.1445
20
76.1889
0
VERTEX
10
43.8053
20
82.4330
0
VERTEX
10
42.8282
20
89.4849
0
VERTEX
10
42.2242
20
97.0967
0
VERTEX
10
42.0000
20
105.0000
0
SEQEND
0
ENDSEC
0
EOF
